episode,step,s0,s1,s2,s3,a,r,s_0,s_1,s_2,s_3,p0,p1
0,0,0.02,-0.037,-0.022,0.009,0,1.0,0.019,-0.229,-0.022,0.229,0.58,1.0
0,1,0.019,-0.229,-0.022,0.229,0,1.0,0.015,-0.421,-0.017,0.449,0.58,1.0
0,2,0.015,-0.421,-0.017,0.449,0,1.0,0.006,-0.612,-0.008,0.671,0.58,1.0
0,3,0.006,-0.612,-0.008,0.671,0,1.0,-0.006,-0.804,0.005,0.894,0.58,1.0
0,4,-0.006,-0.804,0.005,0.894,1,1.0,-0.022,-0.612,0.023,0.67,0.58,1.0
0,5,-0.022,-0.612,0.023,0.67,1,1.0,-0.034,-0.421,0.036,0.45,0.58,1.0
0,6,-0.034,-0.421,0.036,0.45,1,1.0,-0.043,-0.229,0.045,0.234,0.58,1.0
0,7,-0.043,-0.229,0.045,0.234,0,1.0,-0.047,-0.421,0.05,0.47,0.58,1.0
0,8,-0.047,-0.421,0.05,0.47,0,1.0,-0.056,-0.614,0.06,0.707,0.58,1.0
0,9,-0.056,-0.614,0.06,0.707,1,1.0,-0.068,-0.423,0.074,0.497,0.58,1.0
0,10,-0.068,-0.423,0.074,0.497,0,1.0,-0.077,-0.615,0.084,0.738,0.58,1.0
0,11,-0.077,-0.615,0.084,0.738,0,1.0,-0.089,-0.808,0.098,0.982,0.58,1.0
0,12,-0.089,-0.808,0.098,0.982,0,1.0,-0.105,-1.001,0.118,1.229,0.58,1.0
0,13,-0.105,-1.001,0.118,1.229,1,1.0,-0.125,-0.81,0.143,1.035,0.58,1.0
0,14,-0.125,-0.81,0.143,1.035,1,1.0,-0.141,-0.62,0.163,0.849,0.58,1.0
0,15,-0.141,-0.62,0.163,0.849,1,1.0,-0.154,-0.43,0.18,0.669,0.58,1.0
0,16,-0.154,-0.43,0.18,0.669,0,1.0,-0.162,-0.623,0.194,0.929,0.58,1.0
0,17,-0.162,-0.623,0.194,0.929,1,1.0,-0.175,-0.434,0.212,0.758,0.58,1.0
1,0,0.001,0.045,-0.036,0.045,1,1.0,0.002,0.424,-0.035,-4.298,0.99,0.1
1,1,0.002,0.424,-0.035,-4.298,0,1.0,0.011,0.058,-0.121,-0.258,0.99,0.1
1,2,0.011,0.058,-0.121,-0.258,0,1.0,0.012,-0.282,-0.126,3.257,0.99,0.1
1,3,0.012,-0.282,-0.126,3.257,0,1.0,0.006,-0.623,-0.061,6.765,0.99,0.1
1,4,0.006,-0.623,-0.061,6.765,1,1.0,-0.006,-0.246,0.075,2.395,0.99,0.1
1,5,-0.006,-0.246,0.075,2.395,1,1.0,-0.011,0.109,0.123,-1.417,0.99,0.1
1,6,-0.011,0.109,0.123,-1.417,1,1.0,-0.009,0.449,0.094,-4.925,0.99,0.1
1,7,-0.009,0.449,0.094,-4.925,0,1.0,-0.0,0.067,-0.004,-0.452,0.99,0.1
1,8,-0.0,0.067,-0.004,-0.452,0,1.0,0.001,-0.304,-0.013,3.724,0.99,0.1
1,9,0.001,-0.304,-0.013,3.724,1,1.0,-0.005,0.07,0.061,-0.526,0.99,0.1
1,10,-0.005,0.07,0.061,-0.526,0,1.0,-0.003,-0.312,0.051,3.904,0.99,0.1
1,11,-0.003,-0.312,0.051,3.904,1,1.0,-0.01,0.05,0.129,-0.053,0.99,0.1
1,12,-0.01,0.05,0.129,-0.053,0,1.0,-0.009,-0.339,0.128,4.532,0.99,0.1
1,13,-0.009,-0.339,0.128,4.532,1,1.0,-0.015,0.004,0.218,1.01,0.99,0.1
2,0,-0.024,-0.02,0.031,-0.041,1,1.0,-0.024,0.17,0.031,-0.22,0.57,1.2
2,1,-0.024,0.17,0.031,-0.22,1,1.0,-0.021,0.36,0.026,-0.4,0.57,1.2
2,2,-0.021,0.36,0.026,-0.4,0,1.0,-0.014,0.169,0.018,-0.209,0.57,1.2
2,3,-0.014,0.169,0.018,-0.209,1,1.0,-0.01,0.359,0.014,-0.391,0.57,1.2
2,4,-0.01,0.359,0.014,-0.391,1,1.0,-0.003,0.55,0.006,-0.574,0.57,1.2
2,5,-0.003,0.55,0.006,-0.574,1,1.0,0.008,0.74,-0.005,-0.759,0.57,1.2
2,6,0.008,0.74,-0.005,-0.759,1,1.0,0.023,0.93,-0.02,-0.945,0.57,1.2
2,7,0.023,0.93,-0.02,-0.945,0,1.0,0.041,0.74,-0.039,-0.764,0.57,1.2
2,8,0.041,0.74,-0.039,-0.764,0,1.0,0.056,0.55,-0.055,-0.586,0.57,1.2
2,9,0.056,0.55,-0.055,-0.586,1,1.0,0.067,0.741,-0.066,-0.782,0.57,1.2
2,10,0.067,0.741,-0.066,-0.782,0,1.0,0.082,0.551,-0.082,-0.61,0.57,1.2
2,11,0.082,0.551,-0.082,-0.61,1,1.0,0.093,0.742,-0.094,-0.811,0.57,1.2
2,12,0.093,0.742,-0.094,-0.811,0,1.0,0.108,0.553,-0.11,-0.646,0.57,1.2
2,13,0.108,0.553,-0.11,-0.646,1,1.0,0.119,0.744,-0.123,-0.851,0.57,1.2
2,14,0.119,0.744,-0.123,-0.851,0,1.0,0.134,0.555,-0.14,-0.693,0.57,1.2
2,15,0.134,0.555,-0.14,-0.693,1,1.0,0.145,0.746,-0.154,-0.902,0.57,1.2
2,16,0.145,0.746,-0.154,-0.902,0,1.0,0.16,0.557,-0.172,-0.751,0.57,1.2
2,17,0.16,0.557,-0.172,-0.751,0,1.0,0.171,0.369,-0.187,-0.605,0.57,1.2
2,18,0.171,0.369,-0.187,-0.605,0,1.0,0.178,0.18,-0.199,-0.463,0.57,1.2
2,19,0.178,0.18,-0.199,-0.463,1,1.0,0.182,0.372,-0.209,-0.679,0.57,1.2
2,20,0.182,0.372,-0.209,-0.679,0,1.0,0.189,0.184,-0.222,-0.543,0.57,1.2
3,0,-0.041,-0.026,0.03,0.008,1,1.0,-0.042,0.163,0.03,-0.165,0.67,1.4
3,1,-0.042,0.163,0.03,-0.165,0,1.0,-0.039,-0.027,0.027,0.02,0.67,1.4
3,2,-0.039,-0.027,0.027,0.02,0,1.0,-0.039,-0.217,0.027,0.204,0.67,1.4
3,3,-0.039,-0.217,0.027,0.204,1,1.0,-0.044,-0.027,0.031,0.03,0.67,1.4
3,4,-0.044,-0.027,0.031,0.03,1,1.0,-0.044,0.162,0.032,-0.143,0.67,1.4
3,5,-0.044,0.162,0.032,-0.143,1,1.0,-0.041,0.352,0.029,-0.315,0.67,1.4
3,6,-0.041,0.352,0.029,-0.315,1,1.0,-0.034,0.542,0.023,-0.489,0.67,1.4
3,7,-0.034,0.542,0.023,-0.489,1,1.0,-0.023,0.731,0.013,-0.664,0.67,1.4
3,8,-0.023,0.731,0.013,-0.664,1,1.0,-0.008,0.921,-0.0,-0.84,0.67,1.4
3,9,-0.008,0.921,-0.0,-0.84,0,1.0,0.01,0.731,-0.017,-0.661,0.67,1.4
3,10,0.01,0.731,-0.017,-0.661,1,1.0,0.025,0.921,-0.03,-0.844,0.67,1.4
3,11,0.025,0.921,-0.03,-0.844,0,1.0,0.043,0.732,-0.047,-0.67,0.67,1.4
3,12,0.043,0.732,-0.047,-0.67,0,1.0,0.058,0.542,-0.06,-0.501,0.67,1.4
3,13,0.058,0.542,-0.06,-0.501,0,1.0,0.069,0.353,-0.07,-0.334,0.67,1.4
3,14,0.069,0.353,-0.07,-0.334,0,1.0,0.076,0.164,-0.077,-0.169,0.67,1.4
3,15,0.076,0.164,-0.077,-0.169,0,1.0,0.079,-0.026,-0.081,-0.006,0.67,1.4
3,16,0.079,-0.026,-0.081,-0.006,1,1.0,0.078,0.165,-0.081,-0.199,0.67,1.4
3,17,0.078,0.165,-0.081,-0.199,1,1.0,0.082,0.355,-0.085,-0.393,0.67,1.4
3,18,0.082,0.355,-0.085,-0.393,0,1.0,0.089,0.166,-0.092,-0.231,0.67,1.4
3,19,0.089,0.166,-0.092,-0.231,0,1.0,0.092,-0.023,-0.097,-0.072,0.67,1.4
3,20,0.092,-0.023,-0.097,-0.072,1,1.0,0.092,0.168,-0.099,-0.267,0.67,1.4
3,21,0.092,0.168,-0.099,-0.267,0,1.0,0.095,-0.021,-0.104,-0.109,0.67,1.4
3,22,0.095,-0.021,-0.104,-0.109,1,1.0,0.095,0.17,-0.106,-0.306,0.67,1.4
3,23,0.095,0.17,-0.106,-0.306,1,1.0,0.098,0.36,-0.112,-0.503,0.67,1.4
3,24,0.098,0.36,-0.112,-0.503,1,1.0,0.105,0.551,-0.122,-0.701,0.67,1.4
3,25,0.105,0.551,-0.122,-0.701,0,1.0,0.116,0.362,-0.136,-0.548,0.67,1.4
3,26,0.116,0.362,-0.136,-0.548,1,1.0,0.124,0.553,-0.147,-0.749,0.67,1.4
3,27,0.124,0.553,-0.147,-0.749,1,1.0,0.135,0.744,-0.162,-0.951,0.67,1.4
3,28,0.135,0.744,-0.162,-0.951,1,1.0,0.149,0.935,-0.181,-1.154,0.67,1.4
3,29,0.149,0.935,-0.181,-1.154,1,1.0,0.168,1.126,-0.204,-1.36,0.67,1.4
3,30,0.168,1.126,-0.204,-1.36,0,1.0,0.191,0.938,-0.232,-1.228,0.67,1.4
4,0,0.044,0.001,0.048,-0.042,1,1.0,0.044,0.19,0.047,-0.187,0.65,1.6
4,1,0.044,0.19,0.047,-0.187,1,1.0,0.048,0.378,0.043,-0.332,0.65,1.6
4,2,0.048,0.378,0.043,-0.332,0,1.0,0.056,0.189,0.036,-0.172,0.65,1.6
4,3,0.056,0.189,0.036,-0.172,0,1.0,0.059,-0.0,0.033,-0.013,0.65,1.6
4,4,0.059,-0.0,0.033,-0.013,0,1.0,0.059,-0.189,0.033,0.145,0.65,1.6
4,5,0.059,-0.189,0.033,0.145,1,1.0,0.056,-0.001,0.036,-0.002,0.65,1.6
4,6,0.056,-0.001,0.036,-0.002,1,1.0,0.056,0.188,0.036,-0.149,0.65,1.6
4,7,0.056,0.188,0.036,-0.149,1,1.0,0.059,0.376,0.033,-0.296,0.65,1.6
4,8,0.059,0.376,0.033,-0.296,0,1.0,0.067,0.187,0.027,-0.138,0.65,1.6
4,9,0.067,0.187,0.027,-0.138,1,1.0,0.071,0.376,0.024,-0.286,0.65,1.6
4,10,0.071,0.376,0.024,-0.286,1,1.0,0.078,0.564,0.018,-0.435,0.65,1.6
4,11,0.078,0.564,0.018,-0.435,0,1.0,0.089,0.376,0.009,-0.279,0.65,1.6
4,12,0.089,0.376,0.009,-0.279,0,1.0,0.097,0.187,0.004,-0.125,0.65,1.6
4,13,0.097,0.187,0.004,-0.125,1,1.0,0.101,0.375,0.001,-0.277,0.65,1.6
4,14,0.101,0.375,0.001,-0.277,1,1.0,0.108,0.564,-0.004,-0.43,0.65,1.6
4,15,0.108,0.564,-0.004,-0.43,0,1.0,0.12,0.375,-0.013,-0.278,0.65,1.6
4,16,0.12,0.375,-0.013,-0.278,1,1.0,0.127,0.564,-0.018,-0.433,0.65,1.6
4,17,0.127,0.564,-0.018,-0.433,1,1.0,0.138,0.753,-0.027,-0.589,0.65,1.6
4,18,0.138,0.753,-0.027,-0.589,0,1.0,0.153,0.565,-0.039,-0.44,0.65,1.6
4,19,0.153,0.565,-0.039,-0.44,1,1.0,0.165,0.754,-0.048,-0.599,0.65,1.6
4,20,0.165,0.754,-0.048,-0.599,1,1.0,0.18,0.943,-0.06,-0.76,0.65,1.6
4,21,0.18,0.943,-0.06,-0.76,0,1.0,0.199,0.754,-0.075,-0.617,0.65,1.6
4,22,0.199,0.754,-0.075,-0.617,0,1.0,0.214,0.566,-0.087,-0.478,0.65,1.6
4,23,0.214,0.566,-0.087,-0.478,0,1.0,0.225,0.378,-0.097,-0.34,0.65,1.6
4,24,0.225,0.378,-0.097,-0.34,1,1.0,0.233,0.568,-0.103,-0.507,0.65,1.6
4,25,0.233,0.568,-0.103,-0.507,0,1.0,0.244,0.38,-0.114,-0.373,0.65,1.6
4,26,0.244,0.38,-0.114,-0.373,1,1.0,0.252,0.569,-0.121,-0.542,0.65,1.6
4,27,0.252,0.569,-0.121,-0.542,1,1.0,0.263,0.759,-0.132,-0.712,0.65,1.6
4,28,0.263,0.759,-0.132,-0.712,0,1.0,0.278,0.571,-0.146,-0.584,0.65,1.6
4,29,0.278,0.571,-0.146,-0.584,1,1.0,0.29,0.76,-0.158,-0.756,0.65,1.6
4,30,0.29,0.76,-0.158,-0.756,1,1.0,0.305,0.95,-0.173,-0.93,0.65,1.6
4,31,0.305,0.95,-0.173,-0.93,1,1.0,0.324,1.14,-0.192,-1.105,0.65,1.6
4,32,0.324,1.14,-0.192,-1.105,1,1.0,0.347,1.329,-0.214,-1.281,0.65,1.6
5,0,0.031,0.031,0.002,-0.021,0,1.0,0.031,-0.167,0.001,0.333,0.66,0.7
5,1,0.031,-0.167,0.001,0.333,0,1.0,0.028,-0.365,0.008,0.688,0.66,0.7
5,2,0.028,-0.365,0.008,0.688,0,1.0,0.02,-0.563,0.022,1.045,0.66,0.7
5,3,0.02,-0.563,0.022,1.045,1,1.0,0.009,-0.366,0.042,0.699,0.66,0.7
5,4,0.009,-0.366,0.042,0.699,1,1.0,0.002,-0.168,0.056,0.362,0.66,0.7
5,5,0.002,-0.168,0.056,0.362,1,1.0,-0.001,0.028,0.064,0.031,0.66,0.7
5,6,-0.001,0.028,0.064,0.031,1,1.0,-0.001,0.225,0.064,-0.297,0.66,0.7
5,7,-0.001,0.225,0.064,-0.297,0,1.0,0.004,0.026,0.058,0.079,0.66,0.7
5,8,0.004,0.026,0.058,0.079,0,1.0,0.004,-0.173,0.06,0.454,0.66,0.7
5,9,0.004,-0.173,0.06,0.454,1,1.0,0.001,0.024,0.069,0.124,0.66,0.7
5,10,0.001,0.024,0.069,0.124,0,1.0,0.001,-0.175,0.071,0.503,0.66,0.7
5,11,0.001,-0.175,0.071,0.503,1,1.0,-0.002,0.022,0.082,0.178,0.66,0.7
5,12,-0.002,0.022,0.082,0.178,1,1.0,-0.002,0.218,0.085,-0.142,0.66,0.7
5,13,-0.002,0.218,0.085,-0.142,1,1.0,0.002,0.414,0.082,-0.461,0.66,0.7
5,14,0.002,0.414,0.082,-0.461,1,1.0,0.011,0.611,0.073,-0.781,0.66,0.7
5,15,0.011,0.611,0.073,-0.781,0,1.0,0.023,0.412,0.057,-0.401,0.66,0.7
5,16,0.023,0.412,0.057,-0.401,1,1.0,0.031,0.609,0.049,-0.732,0.66,0.7
5,17,0.031,0.609,0.049,-0.732,0,1.0,0.043,0.41,0.035,-0.36,0.66,0.7
5,18,0.043,0.41,0.035,-0.36,1,1.0,0.052,0.607,0.028,-0.701,0.66,0.7
5,19,0.052,0.607,0.028,-0.701,1,1.0,0.064,0.805,0.014,-1.044,0.66,0.7
5,20,0.064,0.805,0.014,-1.044,1,1.0,0.08,1.002,-0.007,-1.393,0.66,0.7
5,21,0.08,1.002,-0.007,-1.393,1,1.0,0.1,1.2,-0.035,-1.75,0.66,0.7
5,22,0.1,1.2,-0.035,-1.75,0,1.0,0.124,1.003,-0.07,-1.409,0.66,0.7
5,23,0.124,1.003,-0.07,-1.409,1,1.0,0.144,1.202,-0.098,-1.788,0.66,0.7
5,24,0.144,1.202,-0.098,-1.788,0,1.0,0.168,1.006,-0.134,-1.475,0.66,0.7
5,25,0.168,1.006,-0.134,-1.475,0,1.0,0.188,0.81,-0.164,-1.179,0.66,0.7
5,26,0.188,0.81,-0.164,-1.179,0,1.0,0.204,0.615,-0.187,-0.897,0.66,0.7
5,27,0.204,0.615,-0.187,-0.897,1,1.0,0.217,0.815,-0.205,-1.304,0.66,0.7
5,28,0.217,0.815,-0.205,-1.304,0,1.0,0.233,0.622,-0.231,-1.044,0.66,0.7
6,0,0.004,-0.016,-0.013,-0.013,0,1.0,0.004,-0.202,-0.013,0.09,0.45,1.9
6,1,0.004,-0.202,-0.013,0.09,0,1.0,-0.001,-0.389,-0.012,0.192,0.45,1.9
6,2,-0.001,-0.389,-0.012,0.192,1,1.0,-0.008,-0.202,-0.008,0.087,0.45,1.9
6,3,-0.008,-0.202,-0.008,0.087,1,1.0,-0.012,-0.015,-0.006,-0.018,0.45,1.9
6,4,-0.012,-0.015,-0.006,-0.018,0,1.0,-0.013,-0.202,-0.006,0.085,0.45,1.9
6,5,-0.013,-0.202,-0.006,0.085,0,1.0,-0.017,-0.388,-0.005,0.188,0.45,1.9
6,6,-0.017,-0.388,-0.005,0.188,0,1.0,-0.024,-0.575,-0.001,0.291,0.45,1.9
6,7,-0.024,-0.575,-0.001,0.291,0,1.0,-0.036,-0.761,0.005,0.394,0.45,1.9
6,8,-0.036,-0.761,0.005,0.394,0,1.0,-0.051,-0.948,0.013,0.499,0.45,1.9
6,9,-0.051,-0.948,0.013,0.499,1,1.0,-0.07,-0.762,0.023,0.396,0.45,1.9
6,10,-0.07,-0.762,0.023,0.396,1,1.0,-0.085,-0.575,0.031,0.296,0.45,1.9
6,11,-0.085,-0.575,0.031,0.296,1,1.0,-0.097,-0.389,0.037,0.196,0.45,1.9
6,12,-0.097,-0.389,0.037,0.196,1,1.0,-0.105,-0.202,0.041,0.096,0.45,1.9
6,13,-0.105,-0.202,0.041,0.096,0,1.0,-0.109,-0.389,0.042,0.204,0.45,1.9
6,14,-0.109,-0.389,0.042,0.204,0,1.0,-0.116,-0.576,0.047,0.312,0.45,1.9
6,15,-0.116,-0.576,0.047,0.312,0,1.0,-0.128,-0.763,0.053,0.421,0.45,1.9
6,16,-0.128,-0.763,0.053,0.421,0,1.0,-0.143,-0.949,0.061,0.53,0.45,1.9
6,17,-0.143,-0.949,0.061,0.53,1,1.0,-0.162,-0.763,0.072,0.433,0.45,1.9
6,18,-0.162,-0.763,0.072,0.433,0,1.0,-0.178,-0.95,0.08,0.545,0.45,1.9
6,19,-0.178,-0.95,0.08,0.545,0,1.0,-0.197,-1.137,0.091,0.656,0.45,1.9
6,20,-0.197,-1.137,0.091,0.656,0,1.0,-0.219,-1.324,0.105,0.769,0.45,1.9
6,21,-0.219,-1.324,0.105,0.769,1,1.0,-0.246,-1.138,0.12,0.678,0.45,1.9
6,22,-0.246,-1.138,0.12,0.678,1,1.0,-0.268,-0.952,0.133,0.589,0.45,1.9
6,23,-0.268,-0.952,0.133,0.589,1,1.0,-0.288,-0.766,0.145,0.502,0.45,1.9
6,24,-0.288,-0.766,0.145,0.502,1,1.0,-0.303,-0.58,0.155,0.417,0.45,1.9
6,25,-0.303,-0.58,0.155,0.417,1,1.0,-0.314,-0.395,0.164,0.333,0.45,1.9
6,26,-0.314,-0.395,0.164,0.333,0,1.0,-0.322,-0.582,0.17,0.452,0.45,1.9
6,27,-0.322,-0.582,0.17,0.452,1,1.0,-0.334,-0.396,0.179,0.369,0.45,1.9
6,28,-0.334,-0.396,0.179,0.369,0,1.0,-0.342,-0.584,0.187,0.489,0.45,1.9
6,29,-0.342,-0.584,0.187,0.489,0,1.0,-0.354,-0.771,0.196,0.61,0.45,1.9
6,30,-0.354,-0.771,0.196,0.61,1,1.0,-0.369,-0.585,0.209,0.532,0.45,1.9
6,31,-0.369,-0.585,0.209,0.532,1,1.0,-0.381,-0.4,0.219,0.455,0.45,1.9
7,0,0.013,0.04,0.028,-0.027,1,1.0,0.013,0.225,0.027,-0.105,0.07,1.8
7,1,0.013,0.225,0.027,-0.105,1,1.0,0.018,0.41,0.025,-0.182,0.07,1.8
7,2,0.018,0.41,0.025,-0.182,0,1.0,0.026,0.225,0.021,-0.1,0.07,1.8
7,3,0.026,0.225,0.021,-0.1,1,1.0,0.031,0.41,0.019,-0.178,0.07,1.8
7,4,0.031,0.41,0.019,-0.178,0,1.0,0.039,0.225,0.016,-0.097,0.07,1.8
7,5,0.039,0.225,0.016,-0.097,1,1.0,0.043,0.41,0.014,-0.175,0.07,1.8
7,6,0.043,0.41,0.014,-0.175,0,1.0,0.051,0.225,0.01,-0.094,0.07,1.8
7,7,0.051,0.225,0.01,-0.094,0,1.0,0.056,0.039,0.008,-0.014,0.07,1.8
7,8,0.056,0.039,0.008,-0.014,1,1.0,0.057,0.224,0.008,-0.093,0.07,1.8
7,9,0.057,0.224,0.008,-0.093,1,1.0,0.061,0.41,0.006,-0.171,0.07,1.8
7,10,0.061,0.41,0.006,-0.171,1,1.0,0.069,0.595,0.003,-0.25,0.07,1.8
7,11,0.069,0.595,0.003,-0.25,0,1.0,0.081,0.41,-0.002,-0.171,0.07,1.8
7,12,0.081,0.41,-0.002,-0.171,0,1.0,0.089,0.224,-0.006,-0.091,0.07,1.8
7,13,0.089,0.224,-0.006,-0.091,1,1.0,0.094,0.41,-0.007,-0.171,0.07,1.8
7,14,0.094,0.41,-0.007,-0.171,0,1.0,0.102,0.224,-0.011,-0.092,0.07,1.8
7,15,0.102,0.224,-0.011,-0.092,1,1.0,0.107,0.41,-0.013,-0.173,0.07,1.8
7,16,0.107,0.41,-0.013,-0.173,1,1.0,0.115,0.595,-0.016,-0.253,0.07,1.8
7,17,0.115,0.595,-0.016,-0.253,1,1.0,0.127,0.781,-0.021,-0.334,0.07,1.8
7,18,0.127,0.781,-0.021,-0.334,1,1.0,0.142,0.966,-0.028,-0.416,0.07,1.8
7,19,0.142,0.966,-0.028,-0.416,1,1.0,0.162,1.152,-0.036,-0.498,0.07,1.8
7,20,0.162,1.152,-0.036,-0.498,0,1.0,0.185,0.967,-0.046,-0.421,0.07,1.8
7,21,0.185,0.967,-0.046,-0.421,1,1.0,0.204,1.152,-0.055,-0.505,0.07,1.8
7,22,0.204,1.152,-0.055,-0.505,0,1.0,0.227,0.967,-0.065,-0.43,0.07,1.8
7,23,0.227,0.967,-0.065,-0.43,1,1.0,0.246,1.153,-0.073,-0.515,0.07,1.8
7,24,0.246,1.153,-0.073,-0.515,1,1.0,0.27,1.338,-0.084,-0.6,0.07,1.8
7,25,0.27,1.338,-0.084,-0.6,1,1.0,0.296,1.524,-0.096,-0.687,0.07,1.8
7,26,0.296,1.524,-0.096,-0.687,1,1.0,0.327,1.71,-0.109,-0.774,0.07,1.8
7,27,0.327,1.71,-0.109,-0.774,0,1.0,0.361,1.525,-0.125,-0.704,0.07,1.8
7,28,0.361,1.525,-0.125,-0.704,0,1.0,0.391,1.34,-0.139,-0.636,0.07,1.8
7,29,0.391,1.34,-0.139,-0.636,1,1.0,0.418,1.526,-0.152,-0.727,0.07,1.8
7,30,0.418,1.526,-0.152,-0.727,0,1.0,0.449,1.341,-0.166,-0.661,0.07,1.8
7,31,0.449,1.341,-0.166,-0.661,1,1.0,0.476,1.527,-0.179,-0.754,0.07,1.8
7,32,0.476,1.527,-0.179,-0.754,0,1.0,0.506,1.342,-0.194,-0.691,0.07,1.8
7,33,0.506,1.342,-0.194,-0.691,0,1.0,0.533,1.157,-0.208,-0.629,0.07,1.8
7,34,0.533,1.157,-0.208,-0.629,0,1.0,0.556,0.973,-0.221,-0.569,0.07,1.8
8,0,-0.017,0.049,-0.018,0.029,0,1.0,-0.016,-0.145,-0.018,0.296,0.55,0.8
8,1,-0.016,-0.145,-0.018,0.296,0,1.0,-0.019,-0.339,-0.012,0.564,0.55,0.8
8,2,-0.019,-0.339,-0.012,0.564,0,1.0,-0.026,-0.533,-0.0,0.833,0.55,0.8
8,3,-0.026,-0.533,-0.0,0.833,0,1.0,-0.037,-0.727,0.016,1.106,0.55,0.8
8,4,-0.037,-0.727,0.016,1.106,0,1.0,-0.051,-0.922,0.038,1.383,0.55,0.8
8,5,-0.051,-0.922,0.038,1.383,0,1.0,-0.07,-1.117,0.066,1.666,0.55,0.8
8,6,-0.07,-1.117,0.066,1.666,0,1.0,-0.092,-1.311,0.099,1.957,0.55,0.8
8,7,-0.092,-1.311,0.099,1.957,0,1.0,-0.118,-1.506,0.139,2.255,0.55,0.8
8,8,-0.118,-1.506,0.139,2.255,1,1.0,-0.148,-1.314,0.184,2.027,0.55,0.8
8,9,-0.148,-1.314,0.184,2.027,1,1.0,-0.175,-1.122,0.224,1.816,0.55,0.8
9,0,0.037,-0.021,0.01,0.028,1,1.0,0.037,0.201,0.011,-0.866,0.36,0.2
9,1,0.037,0.201,0.011,-0.866,0,1.0,0.041,-0.022,-0.006,0.048,0.36,0.2
9,2,0.041,-0.022,-0.006,0.048,1,1.0,0.04,0.201,-0.005,-0.862,0.36,0.2
9,3,0.04,0.201,-0.005,-0.862,0,1.0,0.044,-0.022,-0.023,0.037,0.36,0.2
9,4,0.044,-0.022,-0.023,0.037,1,1.0,0.044,0.202,-0.022,-0.889,0.36,0.2
9,5,0.044,0.202,-0.022,-0.889,1,1.0,0.048,0.426,-0.04,-1.813,0.36,0.2
9,6,0.048,0.426,-0.04,-1.813,1,1.0,0.056,0.65,-0.076,-2.754,0.36,0.2
9,7,0.056,0.65,-0.076,-2.754,1,1.0,0.069,0.876,-0.131,-3.724,0.36,0.2
9,8,0.069,0.876,-0.131,-3.724,0,1.0,0.087,0.657,-0.206,-2.952,0.36,0.2
9,9,0.087,0.657,-0.206,-2.952,1,1.0,0.1,0.885,-0.265,-4.013,0.36,0.2
10,0,0.046,-0.029,0.033,-0.035,0,1.0,0.045,-0.219,0.032,0.145,0.32,1.0
10,1,0.045,-0.219,0.032,0.145,1,1.0,0.041,-0.03,0.035,-0.023,0.32,1.0
10,2,0.041,-0.03,0.035,-0.023,1,1.0,0.04,0.16,0.035,-0.191,0.32,1.0
10,3,0.04,0.16,0.035,-0.191,1,1.0,0.043,0.349,0.031,-0.358,0.32,1.0
10,4,0.043,0.349,0.031,-0.358,1,1.0,0.05,0.539,0.024,-0.527,0.32,1.0
10,5,0.05,0.539,0.024,-0.527,1,1.0,0.061,0.728,0.013,-0.697,0.32,1.0
10,6,0.061,0.728,0.013,-0.697,0,1.0,0.076,0.538,-0.001,-0.52,0.32,1.0
10,7,0.076,0.538,-0.001,-0.52,1,1.0,0.086,0.728,-0.011,-0.694,0.32,1.0
10,8,0.086,0.728,-0.011,-0.694,0,1.0,0.101,0.538,-0.025,-0.522,0.32,1.0
10,9,0.101,0.538,-0.025,-0.522,0,1.0,0.112,0.349,-0.036,-0.353,0.32,1.0
10,10,0.112,0.349,-0.036,-0.353,1,1.0,0.119,0.539,-0.043,-0.533,0.32,1.0
10,11,0.119,0.539,-0.043,-0.533,0,1.0,0.129,0.349,-0.053,-0.367,0.32,1.0
10,12,0.129,0.349,-0.053,-0.367,0,1.0,0.136,0.16,-0.061,-0.203,0.32,1.0
10,13,0.136,0.16,-0.061,-0.203,1,1.0,0.14,0.35,-0.065,-0.389,0.32,1.0
10,14,0.14,0.35,-0.065,-0.389,1,1.0,0.147,0.541,-0.072,-0.575,0.32,1.0
10,15,0.147,0.541,-0.072,-0.575,1,1.0,0.157,0.731,-0.084,-0.762,0.32,1.0
10,16,0.157,0.731,-0.084,-0.762,0,1.0,0.172,0.542,-0.099,-0.604,0.32,1.0
10,17,0.172,0.542,-0.099,-0.604,1,1.0,0.183,0.732,-0.111,-0.796,0.32,1.0
10,18,0.183,0.732,-0.111,-0.796,0,1.0,0.198,0.544,-0.127,-0.644,0.32,1.0
10,19,0.198,0.544,-0.127,-0.644,0,1.0,0.208,0.355,-0.14,-0.495,0.32,1.0
10,20,0.208,0.355,-0.14,-0.495,1,1.0,0.215,0.546,-0.15,-0.693,0.32,1.0
10,21,0.215,0.546,-0.15,-0.693,0,1.0,0.226,0.357,-0.164,-0.549,0.32,1.0
10,22,0.226,0.357,-0.164,-0.549,0,1.0,0.234,0.169,-0.175,-0.409,0.32,1.0
10,23,0.234,0.169,-0.175,-0.409,0,1.0,0.237,-0.019,-0.183,-0.271,0.32,1.0
10,24,0.237,-0.019,-0.183,-0.271,1,1.0,0.237,0.172,-0.188,-0.475,0.32,1.0
10,25,0.237,0.172,-0.188,-0.475,1,1.0,0.24,0.363,-0.198,-0.679,0.32,1.0
10,26,0.24,0.363,-0.198,-0.679,1,1.0,0.247,0.554,-0.212,-0.885,0.32,1.0
11,0,-0.037,-0.0,0.01,-0.047,0,1.0,-0.037,-0.256,0.009,1.575,0.22,0.1
11,1,-0.037,-0.256,0.009,1.575,1,1.0,-0.042,-0.002,0.041,-0.014,0.22,0.1
11,2,-0.042,-0.002,0.041,-0.014,0,1.0,-0.042,-0.259,0.04,1.659,0.22,0.1
11,3,-0.042,-0.259,0.04,1.659,1,1.0,-0.047,-0.008,0.074,0.125,0.22,0.1
11,4,-0.047,-0.008,0.074,0.125,0,1.0,-0.048,-0.268,0.076,1.851,0.22,0.1
11,5,-0.048,-0.268,0.076,1.851,1,1.0,-0.053,-0.019,0.113,0.382,0.22,0.1
11,6,-0.053,-0.019,0.113,0.382,0,1.0,-0.053,-0.282,0.121,2.167,0.22,0.1
11,7,-0.053,-0.282,0.121,2.167,0,1.0,-0.059,-0.544,0.164,3.959,0.22,0.1
11,8,-0.059,-0.544,0.164,3.959,1,1.0,-0.07,-0.301,0.243,2.645,0.22,0.1
12,0,-0.025,0.045,-0.031,-0.032,1,1.0,-0.024,0.237,-0.032,-0.269,0.5,0.9
12,1,-0.024,0.237,-0.032,-0.269,1,1.0,-0.019,0.43,-0.037,-0.507,0.5,0.9
12,2,-0.019,0.43,-0.037,-0.507,1,1.0,-0.011,0.623,-0.047,-0.746,0.5,0.9
12,3,-0.011,0.623,-0.047,-0.746,0,1.0,0.002,0.431,-0.062,-0.528,0.5,0.9
12,4,0.002,0.431,-0.062,-0.528,0,1.0,0.01,0.239,-0.073,-0.314,0.5,0.9
12,5,0.01,0.239,-0.073,-0.314,1,1.0,0.015,0.432,-0.079,-0.561,0.5,0.9
12,6,0.015,0.432,-0.079,-0.561,0,1.0,0.024,0.241,-0.09,-0.352,0.5,0.9
12,7,0.024,0.241,-0.09,-0.352,0,1.0,0.029,0.05,-0.097,-0.146,0.5,0.9
12,8,0.029,0.05,-0.097,-0.146,0,1.0,0.03,-0.141,-0.1,0.058,0.5,0.9
12,9,0.03,-0.141,-0.1,0.058,1,1.0,0.027,0.052,-0.099,-0.195,0.5,0.9
12,10,0.027,0.052,-0.099,-0.195,1,1.0,0.028,0.245,-0.103,-0.447,0.5,0.9
12,11,0.028,0.245,-0.103,-0.447,0,1.0,0.033,0.054,-0.112,-0.244,0.5,0.9
12,12,0.033,0.054,-0.112,-0.244,1,1.0,0.034,0.248,-0.117,-0.499,0.5,0.9
12,13,0.034,0.248,-0.117,-0.499,0,1.0,0.039,0.057,-0.127,-0.301,0.5,0.9
12,14,0.039,0.057,-0.127,-0.301,0,1.0,0.04,-0.134,-0.133,-0.106,0.5,0.9
12,15,0.04,-0.134,-0.133,-0.106,1,1.0,0.037,0.06,-0.135,-0.364,0.5,0.9
12,16,0.037,0.06,-0.135,-0.364,1,1.0,0.038,0.253,-0.142,-0.623,0.5,0.9
12,17,0.038,0.253,-0.142,-0.623,0,1.0,0.044,0.063,-0.155,-0.432,0.5,0.9
12,18,0.044,0.063,-0.155,-0.432,0,1.0,0.045,-0.128,-0.163,-0.245,0.5,0.9
12,19,0.045,-0.128,-0.163,-0.245,0,1.0,0.042,-0.318,-0.168,-0.061,0.5,0.9
12,20,0.042,-0.318,-0.168,-0.061,1,1.0,0.036,-0.124,-0.169,-0.326,0.5,0.9
12,21,0.036,-0.124,-0.169,-0.326,1,1.0,0.033,0.07,-0.176,-0.59,0.5,0.9
12,22,0.033,0.07,-0.176,-0.59,1,1.0,0.035,0.263,-0.188,-0.856,0.5,0.9
12,23,0.035,0.263,-0.188,-0.856,0,1.0,0.04,0.073,-0.205,-0.679,0.5,0.9
12,24,0.04,0.073,-0.205,-0.679,0,1.0,0.041,-0.116,-0.218,-0.508,0.5,0.9
13,0,0.036,0.036,0.031,-0.024,1,1.0,0.037,0.241,0.031,-0.536,0.21,0.3
13,1,0.037,0.241,0.031,-0.536,0,1.0,0.042,0.034,0.02,0.011,0.21,0.3
13,2,0.042,0.034,0.02,0.011,0,1.0,0.043,-0.173,0.02,0.553,0.21,0.3
13,3,0.043,-0.173,0.02,0.553,0,1.0,0.039,-0.379,0.031,1.095,0.21,0.3
13,4,0.039,-0.379,0.031,1.095,0,1.0,0.032,-0.586,0.053,1.643,0.21,0.3
13,5,0.032,-0.586,0.053,1.643,0,1.0,0.02,-0.793,0.086,2.202,0.21,0.3
13,6,0.02,-0.793,0.086,2.202,0,1.0,0.004,-1.0,0.13,2.778,0.21,0.3
13,7,0.004,-1.0,0.13,2.778,0,1.0,-0.016,-1.208,0.186,3.374,0.21,0.3
13,8,-0.016,-1.208,0.186,3.374,0,1.0,-0.04,-1.415,0.253,3.992,0.21,0.3
14,0,0.033,-0.014,0.02,0.036,1,1.0,0.033,0.183,0.021,-0.295,0.93,1.1
14,1,0.033,0.183,0.021,-0.295,1,1.0,0.036,0.38,0.015,-0.626,0.93,1.1
14,2,0.036,0.38,0.015,-0.626,0,1.0,0.044,0.182,0.003,-0.282,0.93,1.1
14,3,0.044,0.182,0.003,-0.282,0,1.0,0.048,-0.015,-0.003,0.058,0.93,1.1
14,4,0.048,-0.015,-0.003,0.058,1,1.0,0.047,0.182,-0.002,-0.282,0.93,1.1
14,5,0.047,0.182,-0.002,-0.282,0,1.0,0.051,-0.015,-0.008,0.056,0.93,1.1
14,6,0.051,-0.015,-0.008,0.056,0,1.0,0.051,-0.212,-0.006,0.392,0.93,1.1
14,7,0.051,-0.212,-0.006,0.392,0,1.0,0.047,-0.409,0.001,0.729,0.93,1.1
14,8,0.047,-0.409,0.001,0.729,1,1.0,0.038,-0.212,0.016,0.39,0.93,1.1
14,9,0.038,-0.212,0.016,0.39,1,1.0,0.034,-0.015,0.024,0.058,0.93,1.1
14,10,0.034,-0.015,0.024,0.058,1,1.0,0.034,0.182,0.025,-0.272,0.93,1.1
14,11,0.034,0.182,0.025,-0.272,1,1.0,0.037,0.379,0.02,-0.601,0.93,1.1
14,12,0.037,0.379,0.02,-0.601,0,1.0,0.045,0.181,0.007,-0.256,0.93,1.1
14,13,0.045,0.181,0.007,-0.256,1,1.0,0.049,0.378,0.002,-0.592,0.93,1.1
14,14,0.049,0.378,0.002,-0.592,0,1.0,0.056,0.181,-0.009,-0.252,0.93,1.1
14,15,0.056,0.181,-0.009,-0.252,1,1.0,0.06,0.378,-0.015,-0.594,0.93,1.1
14,16,0.06,0.378,-0.015,-0.594,1,1.0,0.067,0.576,-0.026,-0.938,0.93,1.1
14,17,0.067,0.576,-0.026,-0.938,0,1.0,0.079,0.379,-0.045,-0.61,0.93,1.1
14,18,0.079,0.379,-0.045,-0.61,0,1.0,0.087,0.183,-0.057,-0.289,0.93,1.1
14,19,0.087,0.183,-0.057,-0.289,1,1.0,0.09,0.381,-0.063,-0.646,0.93,1.1
14,20,0.09,0.381,-0.063,-0.646,1,1.0,0.098,0.579,-0.076,-1.004,0.93,1.1
14,21,0.098,0.579,-0.076,-1.004,0,1.0,0.109,0.383,-0.096,-0.697,0.93,1.1
14,22,0.109,0.383,-0.096,-0.697,0,1.0,0.117,0.188,-0.11,-0.4,0.93,1.1
14,23,0.117,0.188,-0.11,-0.4,1,1.0,0.121,0.386,-0.118,-0.769,0.93,1.1
14,24,0.121,0.386,-0.118,-0.769,1,1.0,0.128,0.585,-0.133,-1.139,0.93,1.1
14,25,0.128,0.585,-0.133,-1.139,0,1.0,0.14,0.39,-0.156,-0.86,0.93,1.1
14,26,0.14,0.39,-0.156,-0.86,1,1.0,0.148,0.589,-0.173,-1.236,0.93,1.1
14,27,0.148,0.589,-0.173,-1.236,1,1.0,0.16,0.787,-0.198,-1.613,0.93,1.1
14,28,0.16,0.787,-0.198,-1.613,1,1.0,0.175,0.985,-0.23,-1.991,0.93,1.1
15,0,0.019,0.032,-0.016,-0.046,0,1.0,0.02,-0.156,-0.016,0.079,0.15,1.2
15,1,0.02,-0.156,-0.016,0.079,0,1.0,0.017,-0.343,-0.015,0.203,0.15,1.2
15,2,0.017,-0.343,-0.015,0.203,1,1.0,0.01,-0.156,-0.011,0.075,0.15,1.2
15,3,0.01,-0.156,-0.011,0.075,0,1.0,0.007,-0.343,-0.009,0.2,0.15,1.2
15,4,0.007,-0.343,-0.009,0.2,0,1.0,-0.0,-0.531,-0.005,0.325,0.15,1.2
15,5,-0.0,-0.531,-0.005,0.325,1,1.0,-0.011,-0.343,0.001,0.198,0.15,1.2
15,6,-0.011,-0.343,0.001,0.198,0,1.0,-0.018,-0.531,0.005,0.324,0.15,1.2
15,7,-0.018,-0.531,0.005,0.324,0,1.0,-0.028,-0.718,0.012,0.452,0.15,1.2
15,8,-0.028,-0.718,0.012,0.452,0,1.0,-0.043,-0.906,0.021,0.58,0.15,1.2
15,9,-0.043,-0.906,0.021,0.58,0,1.0,-0.061,-1.094,0.032,0.709,0.15,1.2
15,10,-0.061,-1.094,0.032,0.709,1,1.0,-0.083,-0.906,0.046,0.587,0.15,1.2
15,11,-0.083,-0.906,0.046,0.587,1,1.0,-0.101,-0.719,0.058,0.467,0.15,1.2
15,12,-0.101,-0.719,0.058,0.467,0,1.0,-0.115,-0.907,0.068,0.601,0.15,1.2
15,13,-0.115,-0.907,0.068,0.601,1,1.0,-0.133,-0.72,0.08,0.484,0.15,1.2
15,14,-0.133,-0.72,0.08,0.484,1,1.0,-0.148,-0.533,0.089,0.369,0.15,1.2
15,15,-0.148,-0.533,0.089,0.369,0,1.0,-0.158,-0.721,0.097,0.507,0.15,1.2
15,16,-0.158,-0.721,0.097,0.507,0,1.0,-0.173,-0.909,0.107,0.646,0.15,1.2
15,17,-0.173,-0.909,0.107,0.646,1,1.0,-0.191,-0.722,0.12,0.535,0.15,1.2
15,18,-0.191,-0.722,0.12,0.535,0,1.0,-0.205,-0.91,0.13,0.677,0.15,1.2
15,19,-0.205,-0.91,0.13,0.677,1,1.0,-0.223,-0.723,0.144,0.569,0.15,1.2
15,20,-0.223,-0.723,0.144,0.569,1,1.0,-0.238,-0.537,0.155,0.463,0.15,1.2
15,21,-0.238,-0.537,0.155,0.463,0,1.0,-0.249,-0.725,0.165,0.609,0.15,1.2
15,22,-0.249,-0.725,0.165,0.609,1,1.0,-0.263,-0.539,0.177,0.507,0.15,1.2
15,23,-0.263,-0.539,0.177,0.507,0,1.0,-0.274,-0.727,0.187,0.655,0.15,1.2
15,24,-0.274,-0.727,0.187,0.655,0,1.0,-0.288,-0.915,0.2,0.804,0.15,1.2
15,25,-0.288,-0.915,0.2,0.804,1,1.0,-0.307,-0.729,0.216,0.708,0.15,1.2
16,0,0.007,-0.007,-0.041,-0.015,0,1.0,0.007,-0.224,-0.041,0.77,0.86,0.4
16,1,0.007,-0.224,-0.041,0.77,0,1.0,0.002,-0.442,-0.025,1.556,0.86,0.4
16,2,0.002,-0.442,-0.025,1.556,1,1.0,-0.007,-0.222,0.006,0.71,0.86,0.4
16,3,-0.007,-0.222,0.006,0.71,0,1.0,-0.011,-0.441,0.02,1.539,0.86,0.4
16,4,-0.011,-0.441,0.02,1.539,1,1.0,-0.02,-0.223,0.051,0.733,0.86,0.4
16,5,-0.02,-0.223,0.051,0.733,0,1.0,-0.024,-0.444,0.065,1.598,0.86,0.4
16,6,-0.024,-0.444,0.065,1.598,1,1.0,-0.033,-0.227,0.097,0.838,0.86,0.4
16,7,-0.033,-0.227,0.097,0.838,1,1.0,-0.038,-0.013,0.114,0.113,0.86,0.4
16,8,-0.038,-0.013,0.114,0.113,0,1.0,-0.038,-0.235,0.116,1.016,0.86,0.4
16,9,-0.038,-0.235,0.116,1.016,1,1.0,-0.043,-0.022,0.137,0.314,0.86,0.4
16,10,-0.043,-0.022,0.137,0.314,0,1.0,-0.043,-0.245,0.143,1.227,0.86,0.4
16,11,-0.043,-0.245,0.143,1.227,0,1.0,-0.048,-0.467,0.167,2.142,0.86,0.4
16,12,-0.048,-0.467,0.167,2.142,0,1.0,-0.058,-0.69,0.21,3.063,0.86,0.4
17,0,0.035,-0.034,0.006,-0.013,1,1.0,0.034,0.165,0.006,-0.38,0.79,0.8
17,1,0.034,0.165,0.006,-0.38,1,1.0,0.037,0.363,-0.002,-0.748,0.79,0.8
17,2,0.037,0.363,-0.002,-0.748,1,1.0,0.044,0.562,-0.017,-1.118,0.79,0.8
17,3,0.044,0.562,-0.017,-1.118,0,1.0,0.056,0.363,-0.039,-0.755,0.79,0.8
17,4,0.056,0.363,-0.039,-0.755,0,1.0,0.063,0.166,-0.055,-0.402,0.79,0.8
17,5,0.063,0.166,-0.055,-0.402,0,1.0,0.066,-0.032,-0.063,-0.056,0.79,0.8
17,6,0.066,-0.032,-0.063,-0.056,0,1.0,0.066,-0.229,-0.064,0.286,0.79,0.8
17,7,0.066,-0.229,-0.064,0.286,1,1.0,0.061,-0.03,-0.058,-0.106,0.79,0.8
17,8,0.061,-0.03,-0.058,-0.106,0,1.0,0.06,-0.227,-0.06,0.238,0.79,0.8
17,9,0.06,-0.227,-0.06,0.238,1,1.0,0.056,-0.028,-0.055,-0.153,0.79,0.8
17,10,0.056,-0.028,-0.055,-0.153,0,1.0,0.055,-0.225,-0.058,0.193,0.79,0.8
17,11,0.055,-0.225,-0.058,0.193,1,1.0,0.051,-0.026,-0.055,-0.198,0.79,0.8
17,12,0.051,-0.026,-0.055,-0.198,0,1.0,0.05,-0.223,-0.059,0.148,0.79,0.8
17,13,0.05,-0.223,-0.059,0.148,1,1.0,0.046,-0.024,-0.056,-0.242,0.79,0.8
17,14,0.046,-0.024,-0.056,-0.242,0,1.0,0.045,-0.221,-0.06,0.103,0.79,0.8
17,15,0.045,-0.221,-0.06,0.103,0,1.0,0.041,-0.418,-0.058,0.446,0.79,0.8
17,16,0.041,-0.418,-0.058,0.446,0,1.0,0.033,-0.616,-0.049,0.791,0.79,0.8
17,17,0.033,-0.616,-0.049,0.791,0,1.0,0.02,-0.814,-0.034,1.139,0.79,0.8
17,18,0.02,-0.814,-0.034,1.139,1,1.0,0.004,-0.614,-0.011,0.757,0.79,0.8
17,19,0.004,-0.614,-0.011,0.757,1,1.0,-0.008,-0.416,0.004,0.383,0.79,0.8
17,20,-0.008,-0.416,0.004,0.383,0,1.0,-0.017,-0.614,0.012,0.755,0.79,0.8
17,21,-0.017,-0.614,0.012,0.755,0,1.0,-0.029,-0.813,0.027,1.129,0.79,0.8
17,22,-0.029,-0.813,0.027,1.129,0,1.0,-0.045,-1.012,0.05,1.508,0.79,0.8
17,23,-0.045,-1.012,0.05,1.508,0,1.0,-0.065,-1.211,0.08,1.896,0.79,0.8
17,24,-0.065,-1.211,0.08,1.896,0,1.0,-0.09,-1.411,0.118,2.292,0.79,0.8
17,25,-0.09,-1.411,0.118,2.292,1,1.0,-0.118,-1.214,0.164,1.976,0.79,0.8
17,26,-0.118,-1.214,0.164,1.976,1,1.0,-0.142,-1.019,0.203,1.685,0.79,0.8
17,27,-0.142,-1.019,0.203,1.685,1,1.0,-0.163,-0.825,0.237,1.415,0.79,0.8
18,0,-0.01,0.022,-0.022,-0.042,1,1.0,-0.01,0.208,-0.023,-0.143,0.03,1.4
18,1,-0.01,0.208,-0.023,-0.143,1,1.0,-0.005,0.395,-0.026,-0.245,0.03,1.4
18,2,-0.005,0.395,-0.026,-0.245,1,1.0,0.002,0.581,-0.031,-0.347,0.03,1.4
18,3,0.002,0.581,-0.031,-0.347,1,1.0,0.014,0.768,-0.037,-0.45,0.03,1.4
18,4,0.014,0.768,-0.037,-0.45,1,1.0,0.029,0.954,-0.046,-0.554,0.03,1.4
18,5,0.029,0.954,-0.046,-0.554,0,1.0,0.048,0.768,-0.058,-0.459,0.03,1.4
18,6,0.048,0.768,-0.058,-0.459,0,1.0,0.064,0.582,-0.067,-0.366,0.03,1.4
18,7,0.064,0.582,-0.067,-0.366,0,1.0,0.075,0.396,-0.074,-0.274,0.03,1.4
18,8,0.075,0.396,-0.074,-0.274,1,1.0,0.083,0.583,-0.08,-0.381,0.03,1.4
18,9,0.083,0.583,-0.08,-0.381,1,1.0,0.095,0.769,-0.087,-0.489,0.03,1.4
18,10,0.095,0.769,-0.087,-0.489,0,1.0,0.11,0.583,-0.097,-0.399,0.03,1.4
18,11,0.11,0.583,-0.097,-0.399,1,1.0,0.122,0.77,-0.105,-0.508,0.03,1.4
18,12,0.122,0.77,-0.105,-0.508,1,1.0,0.137,0.957,-0.115,-0.618,0.03,1.4
18,13,0.137,0.957,-0.115,-0.618,1,1.0,0.157,1.144,-0.127,-0.729,0.03,1.4
18,14,0.157,1.144,-0.127,-0.729,1,1.0,0.18,1.33,-0.142,-0.842,0.03,1.4
18,15,0.18,1.33,-0.142,-0.842,1,1.0,0.206,1.517,-0.159,-0.955,0.03,1.4
18,16,0.206,1.517,-0.159,-0.955,0,1.0,0.236,1.332,-0.178,-0.874,0.03,1.4
18,17,0.236,1.332,-0.178,-0.874,0,1.0,0.263,1.146,-0.195,-0.795,0.03,1.4
18,18,0.263,1.146,-0.195,-0.795,1,1.0,0.286,1.333,-0.211,-0.913,0.03,1.4
19,0,-0.008,0.043,-0.023,-0.044,1,1.0,-0.007,0.253,-0.023,-0.677,0.82,0.5
19,1,-0.007,0.253,-0.023,-0.677,1,1.0,-0.002,0.464,-0.037,-1.311,0.82,0.5
19,2,-0.002,0.464,-0.037,-1.311,1,1.0,0.007,0.675,-0.063,-1.952,0.82,0.5
19,3,0.007,0.675,-0.063,-1.952,0,1.0,0.021,0.467,-0.102,-1.379,0.82,0.5
19,4,0.021,0.467,-0.102,-1.379,1,1.0,0.03,0.679,-0.13,-2.053,0.82,0.5
19,5,0.03,0.679,-0.13,-2.053,1,1.0,0.044,0.891,-0.171,-2.737,0.82,0.5
19,6,0.044,0.891,-0.171,-2.737,0,1.0,0.061,0.686,-0.226,-2.254,0.82,0.5
20,0,-0.022,-0.004,-0.038,0.002,0,1.0,-0.022,-0.2,-0.038,0.319,0.46,0.6
20,1,-0.022,-0.2,-0.038,0.319,0,1.0,-0.026,-0.396,-0.031,0.637,0.46,0.6
20,2,-0.026,-0.396,-0.031,0.637,1,1.0,-0.034,-0.199,-0.019,0.295,0.46,0.6
20,3,-0.034,-0.199,-0.019,0.295,0,1.0,-0.038,-0.396,-0.013,0.619,0.46,0.6
20,4,-0.038,-0.396,-0.013,0.619,1,1.0,-0.046,-0.198,-0.0,0.283,0.46,0.6
20,5,-0.046,-0.198,-0.0,0.283,0,1.0,-0.05,-0.395,0.005,0.614,0.46,0.6
20,6,-0.05,-0.395,0.005,0.614,0,1.0,-0.058,-0.592,0.018,0.947,0.46,0.6
20,7,-0.058,-0.592,0.018,0.947,1,1.0,-0.07,-0.396,0.037,0.623,0.46,0.6
20,8,-0.07,-0.396,0.037,0.623,0,1.0,-0.078,-0.593,0.049,0.966,0.46,0.6
20,9,-0.078,-0.593,0.049,0.966,0,1.0,-0.089,-0.791,0.068,1.314,0.46,0.6
20,10,-0.089,-0.791,0.068,1.314,0,1.0,-0.105,-0.988,0.095,1.668,0.46,0.6
20,11,-0.105,-0.988,0.095,1.668,0,1.0,-0.125,-1.186,0.128,2.029,0.46,0.6
20,12,-0.125,-1.186,0.128,2.029,1,1.0,-0.149,-0.991,0.169,1.748,0.46,0.6
20,13,-0.149,-0.991,0.169,1.748,1,1.0,-0.169,-0.797,0.203,1.484,0.46,0.6
20,14,-0.169,-0.797,0.203,1.484,1,1.0,-0.184,-0.604,0.233,1.235,0.46,0.6
21,0,0.028,0.011,0.021,-0.041,1,1.0,0.028,0.197,0.02,-0.135,0.37,1.9
21,1,0.028,0.197,0.02,-0.135,0,1.0,0.032,0.01,0.017,-0.037,0.37,1.9
21,2,0.032,0.01,0.017,-0.037,1,1.0,0.032,0.196,0.017,-0.131,0.37,1.9
21,3,0.032,0.196,0.017,-0.131,0,1.0,0.036,0.01,0.014,-0.033,0.37,1.9
21,4,0.036,0.01,0.014,-0.033,1,1.0,0.037,0.196,0.013,-0.128,0.37,1.9
21,5,0.037,0.196,0.013,-0.128,1,1.0,0.041,0.382,0.011,-0.222,0.37,1.9
21,6,0.041,0.382,0.011,-0.222,0,1.0,0.048,0.196,0.006,-0.125,0.37,1.9
21,7,0.048,0.196,0.006,-0.125,0,1.0,0.052,0.01,0.004,-0.029,0.37,1.9
21,8,0.052,0.01,0.004,-0.029,1,1.0,0.052,0.196,0.003,-0.124,0.37,1.9
21,9,0.052,0.196,0.003,-0.124,0,1.0,0.056,0.01,0.001,-0.028,0.37,1.9
21,10,0.056,0.01,0.001,-0.028,1,1.0,0.056,0.196,0.0,-0.124,0.37,1.9
21,11,0.056,0.196,0.0,-0.124,0,1.0,0.06,0.01,-0.002,-0.028,0.37,1.9
21,12,0.06,0.01,-0.002,-0.028,1,1.0,0.061,0.196,-0.003,-0.124,0.37,1.9
21,13,0.061,0.196,-0.003,-0.124,1,1.0,0.064,0.382,-0.005,-0.22,0.37,1.9
21,14,0.064,0.382,-0.005,-0.22,1,1.0,0.072,0.569,-0.01,-0.317,0.37,1.9
21,15,0.072,0.569,-0.01,-0.317,0,1.0,0.083,0.382,-0.016,-0.222,0.37,1.9
21,16,0.083,0.382,-0.016,-0.222,1,1.0,0.091,0.569,-0.02,-0.319,0.37,1.9
21,17,0.091,0.569,-0.02,-0.319,0,1.0,0.103,0.383,-0.027,-0.226,0.37,1.9
21,18,0.103,0.383,-0.027,-0.226,0,1.0,0.11,0.197,-0.031,-0.132,0.37,1.9
21,19,0.11,0.197,-0.031,-0.132,0,1.0,0.114,0.011,-0.034,-0.04,0.37,1.9
21,20,0.114,0.011,-0.034,-0.04,1,1.0,0.114,0.197,-0.035,-0.139,0.37,1.9
21,21,0.114,0.197,-0.035,-0.139,1,1.0,0.118,0.383,-0.037,-0.239,0.37,1.9
21,22,0.118,0.383,-0.037,-0.239,1,1.0,0.126,0.57,-0.042,-0.338,0.37,1.9
21,23,0.126,0.57,-0.042,-0.338,0,1.0,0.137,0.384,-0.049,-0.247,0.37,1.9
21,24,0.137,0.384,-0.049,-0.247,1,1.0,0.145,0.57,-0.054,-0.348,0.37,1.9
21,25,0.145,0.57,-0.054,-0.348,1,1.0,0.156,0.756,-0.061,-0.449,0.37,1.9
21,26,0.156,0.756,-0.061,-0.449,1,1.0,0.171,0.943,-0.07,-0.551,0.37,1.9
21,27,0.171,0.943,-0.07,-0.551,0,1.0,0.19,0.757,-0.081,-0.463,0.37,1.9
21,28,0.19,0.757,-0.081,-0.463,0,1.0,0.205,0.571,-0.09,-0.375,0.37,1.9
21,29,0.205,0.571,-0.09,-0.375,0,1.0,0.217,0.385,-0.098,-0.289,0.37,1.9
21,30,0.217,0.385,-0.098,-0.289,1,1.0,0.225,0.572,-0.103,-0.395,0.37,1.9
21,31,0.225,0.572,-0.103,-0.395,1,1.0,0.236,0.759,-0.111,-0.5,0.37,1.9
21,32,0.236,0.759,-0.111,-0.5,0,1.0,0.251,0.573,-0.121,-0.417,0.37,1.9
21,33,0.251,0.573,-0.121,-0.417,1,1.0,0.263,0.76,-0.13,-0.524,0.37,1.9
21,34,0.263,0.76,-0.13,-0.524,1,1.0,0.278,0.946,-0.14,-0.632,0.37,1.9
21,35,0.278,0.946,-0.14,-0.632,0,1.0,0.297,0.761,-0.153,-0.552,0.37,1.9
21,36,0.297,0.761,-0.153,-0.552,1,1.0,0.312,0.948,-0.164,-0.662,0.37,1.9
21,37,0.312,0.948,-0.164,-0.662,0,1.0,0.331,0.762,-0.177,-0.585,0.37,1.9
21,38,0.331,0.762,-0.177,-0.585,0,1.0,0.346,0.577,-0.189,-0.509,0.37,1.9
21,39,0.346,0.577,-0.189,-0.509,0,1.0,0.358,0.392,-0.199,-0.435,0.37,1.9
21,40,0.358,0.392,-0.199,-0.435,1,1.0,0.366,0.579,-0.208,-0.548,0.37,1.9
21,41,0.366,0.579,-0.208,-0.548,1,1.0,0.377,0.765,-0.219,-0.662,0.37,1.9
22,0,-0.013,-0.03,-0.041,0.015,1,1.0,-0.014,0.346,-0.041,-4.258,0.98,0.1
22,1,-0.014,0.346,-0.041,-4.258,0,1.0,-0.007,-0.015,-0.126,-0.331,0.98,0.1
22,2,-0.007,-0.015,-0.126,-0.331,1,1.0,-0.007,0.369,-0.133,-4.822,0.98,0.1
22,3,-0.007,0.369,-0.133,-4.822,1,1.0,0.0,0.748,-0.229,-9.262,0.98,0.1
23,0,0.019,0.014,-0.037,-0.039,0,1.0,0.02,-0.174,-0.038,0.109,0.6,1.5
23,1,0.02,-0.174,-0.038,0.109,1,1.0,0.016,0.015,-0.036,-0.051,0.6,1.5
23,2,0.016,0.015,-0.036,-0.051,1,1.0,0.016,0.204,-0.037,-0.211,0.6,1.5
23,3,0.016,0.204,-0.037,-0.211,0,1.0,0.021,0.015,-0.041,-0.063,0.6,1.5
23,4,0.021,0.015,-0.041,-0.063,1,1.0,0.021,0.204,-0.042,-0.223,0.6,1.5
23,5,0.021,0.204,-0.042,-0.223,0,1.0,0.025,0.016,-0.047,-0.077,0.6,1.5
23,6,0.025,0.016,-0.047,-0.077,1,1.0,0.025,0.205,-0.048,-0.238,0.6,1.5
23,7,0.025,0.205,-0.048,-0.238,0,1.0,0.029,0.017,-0.053,-0.093,0.6,1.5
23,8,0.029,0.017,-0.053,-0.093,0,1.0,0.03,-0.172,-0.055,0.052,0.6,1.5
23,9,0.03,-0.172,-0.055,0.052,1,1.0,0.026,0.017,-0.054,-0.11,0.6,1.5
23,10,0.026,0.017,-0.054,-0.11,0,1.0,0.027,-0.171,-0.056,0.034,0.6,1.5
23,11,0.027,-0.171,-0.056,0.034,1,1.0,0.023,0.018,-0.055,-0.129,0.6,1.5
23,12,0.023,0.018,-0.055,-0.129,1,1.0,0.024,0.207,-0.058,-0.291,0.6,1.5
23,13,0.024,0.207,-0.058,-0.291,1,1.0,0.028,0.397,-0.064,-0.454,0.6,1.5
23,14,0.028,0.397,-0.064,-0.454,0,1.0,0.036,0.208,-0.073,-0.311,0.6,1.5
23,15,0.036,0.208,-0.073,-0.311,0,1.0,0.04,0.02,-0.079,-0.17,0.6,1.5
23,16,0.04,0.02,-0.079,-0.17,0,1.0,0.04,-0.168,-0.082,-0.031,0.6,1.5
23,17,0.04,-0.168,-0.082,-0.031,1,1.0,0.037,0.021,-0.083,-0.197,0.6,1.5
23,18,0.037,0.021,-0.083,-0.197,1,1.0,0.037,0.211,-0.087,-0.363,0.6,1.5
23,19,0.037,0.211,-0.087,-0.363,0,1.0,0.041,0.023,-0.094,-0.225,0.6,1.5
23,20,0.041,0.023,-0.094,-0.225,0,1.0,0.042,-0.165,-0.099,-0.088,0.6,1.5
23,21,0.042,-0.165,-0.099,-0.088,0,1.0,0.039,-0.353,-0.101,0.048,0.6,1.5
23,22,0.039,-0.353,-0.101,0.048,0,1.0,0.032,-0.541,-0.1,0.183,0.6,1.5
23,23,0.032,-0.541,-0.1,0.183,0,1.0,0.021,-0.729,-0.096,0.319,0.6,1.5
23,24,0.021,-0.729,-0.096,0.319,0,1.0,0.006,-0.917,-0.09,0.455,0.6,1.5
23,25,0.006,-0.917,-0.09,0.455,0,1.0,-0.012,-1.105,-0.08,0.593,0.6,1.5
23,26,-0.012,-1.105,-0.08,0.593,0,1.0,-0.034,-1.294,-0.069,0.732,0.6,1.5
23,27,-0.034,-1.294,-0.069,0.732,0,1.0,-0.06,-1.482,-0.054,0.874,0.6,1.5
23,28,-0.06,-1.482,-0.054,0.874,0,1.0,-0.09,-1.67,-0.036,1.018,0.6,1.5
23,29,-0.09,-1.67,-0.036,1.018,1,1.0,-0.123,-1.481,-0.016,0.859,0.6,1.5
23,30,-0.123,-1.481,-0.016,0.859,1,1.0,-0.153,-1.292,0.001,0.702,0.6,1.5
23,31,-0.153,-1.292,0.001,0.702,1,1.0,-0.179,-1.103,0.015,0.549,0.6,1.5
23,32,-0.179,-1.103,0.015,0.549,1,1.0,-0.201,-0.915,0.026,0.397,0.6,1.5
23,33,-0.201,-0.915,0.026,0.397,0,1.0,-0.219,-1.104,0.034,0.555,0.6,1.5
23,34,-0.219,-1.104,0.034,0.555,0,1.0,-0.241,-1.293,0.045,0.715,0.6,1.5
23,35,-0.241,-1.293,0.045,0.715,1,1.0,-0.267,-1.104,0.059,0.569,0.6,1.5
23,36,-0.267,-1.104,0.059,0.569,0,1.0,-0.289,-1.294,0.071,0.732,0.6,1.5
23,37,-0.289,-1.294,0.071,0.732,0,1.0,-0.315,-1.483,0.085,0.896,0.6,1.5
23,38,-0.315,-1.483,0.085,0.896,1,1.0,-0.345,-1.295,0.103,0.758,0.6,1.5
23,39,-0.345,-1.295,0.103,0.758,1,1.0,-0.37,-1.107,0.119,0.623,0.6,1.5
23,40,-0.37,-1.107,0.119,0.623,0,1.0,-0.393,-1.296,0.131,0.794,0.6,1.5
23,41,-0.393,-1.296,0.131,0.794,0,1.0,-0.419,-1.486,0.147,0.966,0.6,1.5
23,42,-0.419,-1.486,0.147,0.966,1,1.0,-0.448,-1.298,0.166,0.839,0.6,1.5
23,43,-0.448,-1.298,0.166,0.839,1,1.0,-0.474,-1.111,0.183,0.717,0.6,1.5
23,44,-0.474,-1.111,0.183,0.717,1,1.0,-0.496,-0.923,0.197,0.599,0.6,1.5
23,45,-0.496,-0.923,0.197,0.599,0,1.0,-0.515,-1.113,0.209,0.778,0.6,1.5
23,46,-0.515,-1.113,0.209,0.778,0,1.0,-0.537,-1.303,0.225,0.957,0.6,1.5
24,0,-0.017,-0.009,0.007,0.001,0,1.0,-0.017,-0.2,0.007,0.198,0.68,1.3
24,1,-0.017,-0.2,0.007,0.198,1,1.0,-0.021,-0.01,0.011,0.004,0.68,1.3
24,2,-0.021,-0.01,0.011,0.004,0,1.0,-0.021,-0.2,0.012,0.202,0.68,1.3
24,3,-0.021,-0.2,0.012,0.202,0,1.0,-0.025,-0.391,0.016,0.4,0.68,1.3
24,4,-0.025,-0.391,0.016,0.4,0,1.0,-0.033,-0.582,0.024,0.598,0.68,1.3
24,5,-0.033,-0.582,0.024,0.598,1,1.0,-0.045,-0.392,0.036,0.408,0.68,1.3
24,6,-0.045,-0.392,0.036,0.408,1,1.0,-0.053,-0.201,0.044,0.22,0.68,1.3
24,7,-0.053,-0.201,0.044,0.22,1,1.0,-0.057,-0.011,0.048,0.034,0.68,1.3
24,8,-0.057,-0.011,0.048,0.034,0,1.0,-0.057,-0.202,0.049,0.239,0.68,1.3
24,9,-0.057,-0.202,0.049,0.239,0,1.0,-0.061,-0.393,0.054,0.445,0.68,1.3
24,10,-0.061,-0.393,0.054,0.445,1,1.0,-0.069,-0.203,0.062,0.261,0.68,1.3
24,11,-0.069,-0.203,0.062,0.261,1,1.0,-0.073,-0.013,0.068,0.08,0.68,1.3
24,12,-0.073,-0.013,0.068,0.08,1,1.0,-0.073,0.177,0.069,-0.101,0.68,1.3
24,13,-0.073,0.177,0.069,-0.101,0,1.0,-0.07,-0.014,0.067,0.108,0.68,1.3
24,14,-0.07,-0.014,0.067,0.108,1,1.0,-0.07,0.176,0.069,-0.072,0.68,1.3
24,15,-0.07,0.176,0.069,-0.072,1,1.0,-0.066,0.366,0.068,-0.252,0.68,1.3
24,16,-0.066,0.366,0.068,-0.252,0,1.0,-0.059,0.174,0.063,-0.043,0.68,1.3
24,17,-0.059,0.174,0.063,-0.043,0,1.0,-0.056,-0.017,0.062,0.165,0.68,1.3
24,18,-0.056,-0.017,0.062,0.165,0,1.0,-0.056,-0.208,0.065,0.372,0.68,1.3
24,19,-0.056,-0.208,0.065,0.372,0,1.0,-0.06,-0.399,0.073,0.58,0.68,1.3
24,20,-0.06,-0.399,0.073,0.58,0,1.0,-0.068,-0.591,0.084,0.79,0.68,1.3
24,21,-0.068,-0.591,0.084,0.79,1,1.0,-0.08,-0.401,0.1,0.614,0.68,1.3
24,22,-0.08,-0.401,0.1,0.614,0,1.0,-0.088,-0.592,0.113,0.828,0.68,1.3
24,23,-0.088,-0.592,0.113,0.828,1,1.0,-0.1,-0.403,0.129,0.659,0.68,1.3
24,24,-0.1,-0.403,0.129,0.659,1,1.0,-0.108,-0.213,0.142,0.494,0.68,1.3
24,25,-0.108,-0.213,0.142,0.494,1,1.0,-0.112,-0.024,0.152,0.333,0.68,1.3
24,26,-0.112,-0.024,0.152,0.333,0,1.0,-0.113,-0.216,0.159,0.554,0.68,1.3
24,27,-0.113,-0.216,0.159,0.554,0,1.0,-0.117,-0.408,0.17,0.776,0.68,1.3
24,28,-0.117,-0.408,0.17,0.776,1,1.0,-0.125,-0.219,0.185,0.622,0.68,1.3
24,29,-0.125,-0.219,0.185,0.622,1,1.0,-0.129,-0.031,0.198,0.473,0.68,1.3
24,30,-0.129,-0.031,0.198,0.473,1,1.0,-0.13,0.158,0.207,0.328,0.68,1.3
24,31,-0.13,0.158,0.207,0.328,1,1.0,-0.127,0.346,0.214,0.185,0.68,1.3
25,0,-0.034,-0.05,-0.028,-0.013,1,1.0,-0.035,0.209,-0.029,-1.72,0.26,0.1
25,1,-0.035,0.209,-0.029,-1.72,1,1.0,-0.031,0.469,-0.063,-3.427,0.26,0.1
25,2,-0.031,0.469,-0.063,-3.427,1,1.0,-0.021,0.73,-0.132,-5.186,0.26,0.1
25,3,-0.021,0.73,-0.132,-5.186,0,1.0,-0.007,0.48,-0.235,-3.754,0.26,0.1
26,0,-0.001,-0.027,-0.043,0.021,0,1.0,-0.001,-0.212,-0.043,0.102,0.23,1.9
26,1,-0.001,-0.212,-0.043,0.102,0,1.0,-0.006,-0.398,-0.041,0.183,0.23,1.9
26,2,-0.006,-0.398,-0.041,0.183,1,1.0,-0.014,-0.212,-0.037,0.095,0.23,1.9
26,3,-0.014,-0.212,-0.037,0.095,0,1.0,-0.018,-0.397,-0.035,0.176,0.23,1.9
26,4,-0.018,-0.397,-0.035,0.176,1,1.0,-0.026,-0.211,-0.032,0.088,0.23,1.9
26,5,-0.026,-0.211,-0.032,0.088,0,1.0,-0.03,-0.397,-0.03,0.17,0.23,1.9
26,6,-0.03,-0.397,-0.03,0.17,0,1.0,-0.038,-0.583,-0.027,0.252,0.23,1.9
26,7,-0.038,-0.583,-0.027,0.252,0,1.0,-0.05,-0.768,-0.021,0.335,0.23,1.9
26,8,-0.05,-0.768,-0.021,0.335,0,1.0,-0.065,-0.954,-0.015,0.418,0.23,1.9
26,9,-0.065,-0.954,-0.015,0.418,1,1.0,-0.084,-0.768,-0.006,0.332,0.23,1.9
26,10,-0.084,-0.768,-0.006,0.332,0,1.0,-0.099,-0.954,0.0,0.416,0.23,1.9
26,11,-0.099,-0.954,0.0,0.416,0,1.0,-0.118,-1.139,0.009,0.501,0.23,1.9
26,12,-0.118,-1.139,0.009,0.501,1,1.0,-0.141,-0.954,0.019,0.417,0.23,1.9
26,13,-0.141,-0.954,0.019,0.417,1,1.0,-0.16,-0.768,0.027,0.334,0.23,1.9
26,14,-0.16,-0.768,0.027,0.334,0,1.0,-0.176,-0.954,0.034,0.421,0.23,1.9
26,15,-0.176,-0.954,0.034,0.421,1,1.0,-0.195,-0.768,0.042,0.339,0.23,1.9
26,16,-0.195,-0.768,0.042,0.339,1,1.0,-0.21,-0.583,0.049,0.258,0.23,1.9
26,17,-0.21,-0.583,0.049,0.258,1,1.0,-0.222,-0.397,0.054,0.178,0.23,1.9
26,18,-0.222,-0.397,0.054,0.178,1,1.0,-0.23,-0.212,0.058,0.098,0.23,1.9
26,19,-0.23,-0.212,0.058,0.098,0,1.0,-0.234,-0.398,0.059,0.188,0.23,1.9
26,20,-0.234,-0.398,0.059,0.188,1,1.0,-0.242,-0.212,0.063,0.108,0.23,1.9
26,21,-0.242,-0.212,0.063,0.108,0,1.0,-0.246,-0.398,0.065,0.199,0.23,1.9
26,22,-0.246,-0.398,0.065,0.199,1,1.0,-0.254,-0.213,0.069,0.12,0.23,1.9
26,23,-0.254,-0.213,0.069,0.12,1,1.0,-0.258,-0.027,0.072,0.042,0.23,1.9
26,24,-0.258,-0.027,0.072,0.042,0,1.0,-0.259,-0.213,0.073,0.133,0.23,1.9
26,25,-0.259,-0.213,0.073,0.133,0,1.0,-0.263,-0.399,0.075,0.225,0.23,1.9
26,26,-0.263,-0.399,0.075,0.225,0,1.0,-0.271,-0.585,0.08,0.316,0.23,1.9
26,27,-0.271,-0.585,0.08,0.316,0,1.0,-0.283,-0.771,0.086,0.408,0.23,1.9
26,28,-0.283,-0.771,0.086,0.408,0,1.0,-0.298,-0.957,0.094,0.501,0.23,1.9
26,29,-0.298,-0.957,0.094,0.501,0,1.0,-0.317,-1.143,0.104,0.594,0.23,1.9
26,30,-0.317,-1.143,0.104,0.594,0,1.0,-0.34,-1.329,0.116,0.688,0.23,1.9
26,31,-0.34,-1.329,0.116,0.688,1,1.0,-0.367,-1.144,0.13,0.614,0.23,1.9
26,32,-0.367,-1.144,0.13,0.614,1,1.0,-0.39,-0.959,0.142,0.542,0.23,1.9
26,33,-0.39,-0.959,0.142,0.542,0,1.0,-0.409,-1.145,0.153,0.639,0.23,1.9
26,34,-0.409,-1.145,0.153,0.639,0,1.0,-0.432,-1.331,0.166,0.737,0.23,1.9
26,35,-0.432,-1.331,0.166,0.737,0,1.0,-0.458,-1.518,0.181,0.835,0.23,1.9
26,36,-0.458,-1.518,0.181,0.835,1,1.0,-0.489,-1.333,0.197,0.768,0.23,1.9
26,37,-0.489,-1.333,0.197,0.768,0,1.0,-0.515,-1.519,0.213,0.869,0.23,1.9
27,0,0.02,-0.019,-0.038,-0.018,0,1.0,0.019,-0.221,-0.038,0.429,0.61,0.5
27,1,0.019,-0.221,-0.038,0.429,1,1.0,0.015,-0.017,-0.03,-0.056,0.61,0.5
27,2,0.015,-0.017,-0.03,-0.056,1,1.0,0.015,0.187,-0.031,-0.537,0.61,0.5
27,3,0.015,0.187,-0.031,-0.537,0,1.0,0.018,-0.016,-0.042,-0.086,0.61,0.5
27,4,0.018,-0.016,-0.042,-0.086,0,1.0,0.018,-0.218,-0.043,0.359,0.61,0.5
27,5,0.018,-0.218,-0.043,0.359,1,1.0,0.014,-0.014,-0.036,-0.129,0.61,0.5
27,6,0.014,-0.014,-0.036,-0.129,0,1.0,0.013,-0.216,-0.039,0.319,0.61,0.5
27,7,0.013,-0.216,-0.039,0.319,1,1.0,0.009,-0.012,-0.032,-0.166,0.61,0.5
27,8,0.009,-0.012,-0.032,-0.166,0,1.0,0.009,-0.214,-0.036,0.284,0.61,0.5
27,9,0.009,-0.214,-0.036,0.284,1,1.0,0.005,-0.01,-0.03,-0.2,0.61,0.5
27,10,0.005,-0.01,-0.03,-0.2,0,1.0,0.004,-0.213,-0.034,0.251,0.61,0.5
27,11,0.004,-0.213,-0.034,0.251,0,1.0,0.0,-0.415,-0.029,0.7,0.61,0.5
27,12,0.0,-0.415,-0.029,0.7,0,1.0,-0.008,-0.617,-0.015,1.152,0.61,0.5
27,13,-0.008,-0.617,-0.015,1.152,1,1.0,-0.02,-0.414,0.008,0.678,0.61,0.5
27,14,-0.02,-0.414,0.008,0.678,1,1.0,-0.029,-0.211,0.022,0.215,0.61,0.5
27,15,-0.029,-0.211,0.022,0.215,0,1.0,-0.033,-0.415,0.026,0.693,0.61,0.5
27,16,-0.033,-0.415,0.026,0.693,1,1.0,-0.041,-0.212,0.04,0.24,0.61,0.5
27,17,-0.041,-0.212,0.04,0.24,1,1.0,-0.046,-0.01,0.045,-0.206,0.61,0.5
27,18,-0.046,-0.01,0.045,-0.206,0,1.0,-0.046,-0.214,0.041,0.282,0.61,0.5
27,19,-0.046,-0.214,0.041,0.282,1,1.0,-0.05,-0.012,0.046,-0.164,0.61,0.5
27,20,-0.05,-0.012,0.046,-0.164,0,1.0,-0.05,-0.216,0.043,0.325,0.61,0.5
27,21,-0.05,-0.216,0.043,0.325,1,1.0,-0.055,-0.014,0.049,-0.119,0.61,0.5
27,22,-0.055,-0.014,0.049,-0.119,0,1.0,-0.055,-0.218,0.047,0.371,0.61,0.5
27,23,-0.055,-0.218,0.047,0.371,1,1.0,-0.059,-0.016,0.055,-0.071,0.61,0.5
27,24,-0.059,-0.016,0.055,-0.071,0,1.0,-0.06,-0.22,0.053,0.422,0.61,0.5
27,25,-0.06,-0.22,0.053,0.422,0,1.0,-0.064,-0.425,0.062,0.914,0.61,0.5
27,26,-0.064,-0.425,0.062,0.914,1,1.0,-0.072,-0.223,0.08,0.48,0.61,0.5
27,27,-0.072,-0.223,0.08,0.48,0,1.0,-0.077,-0.428,0.089,0.983,0.61,0.5
27,28,-0.077,-0.428,0.089,0.983,1,1.0,-0.085,-0.227,0.109,0.565,0.61,0.5
27,29,-0.085,-0.227,0.109,0.565,0,1.0,-0.09,-0.432,0.12,1.08,0.61,0.5
27,30,-0.09,-0.432,0.12,1.08,0,1.0,-0.099,-0.637,0.142,1.598,0.61,0.5
27,31,-0.099,-0.637,0.142,1.598,0,1.0,-0.111,-0.842,0.174,2.123,0.61,0.5
27,32,-0.111,-0.842,0.174,2.123,1,1.0,-0.128,-0.643,0.216,1.756,0.61,0.5
28,0,0.035,0.038,0.027,-0.047,1,1.0,0.036,0.227,0.026,-0.189,0.1,1.0
28,1,0.036,0.227,0.026,-0.189,1,1.0,0.04,0.415,0.022,-0.331,0.1,1.0
28,2,0.04,0.415,0.022,-0.331,0,1.0,0.049,0.226,0.015,-0.181,0.1,1.0
28,3,0.049,0.226,0.015,-0.181,0,1.0,0.053,0.038,0.012,-0.033,0.1,1.0
28,4,0.053,0.038,0.012,-0.033,0,1.0,0.054,-0.151,0.011,0.116,0.1,1.0
28,5,0.054,-0.151,0.011,0.116,1,1.0,0.051,0.038,0.013,-0.029,0.1,1.0
28,6,0.051,0.038,0.013,-0.029,1,1.0,0.052,0.226,0.013,-0.173,0.1,1.0
28,7,0.052,0.226,0.013,-0.173,0,1.0,0.056,0.038,0.009,-0.025,0.1,1.0
28,8,0.056,0.038,0.009,-0.025,0,1.0,0.057,-0.151,0.009,0.123,0.1,1.0
28,9,0.057,-0.151,0.009,0.123,0,1.0,0.054,-0.34,0.011,0.271,0.1,1.0
28,10,0.054,-0.34,0.011,0.271,1,1.0,0.047,-0.151,0.017,0.126,0.1,1.0
28,11,0.047,-0.151,0.017,0.126,0,1.0,0.044,-0.34,0.019,0.275,0.1,1.0
28,12,0.044,-0.34,0.019,0.275,0,1.0,0.037,-0.528,0.025,0.424,0.1,1.0
28,13,0.037,-0.528,0.025,0.424,1,1.0,0.027,-0.34,0.033,0.282,0.1,1.0
28,14,0.027,-0.34,0.033,0.282,0,1.0,0.02,-0.529,0.039,0.433,0.1,1.0
28,15,0.02,-0.529,0.039,0.433,1,1.0,0.01,-0.341,0.047,0.293,0.1,1.0
28,16,0.01,-0.341,0.047,0.293,0,1.0,0.003,-0.529,0.053,0.447,0.1,1.0
28,17,0.003,-0.529,0.053,0.447,0,1.0,-0.008,-0.718,0.062,0.601,0.1,1.0
28,18,-0.008,-0.718,0.062,0.601,1,1.0,-0.022,-0.53,0.074,0.465,0.1,1.0
28,19,-0.022,-0.53,0.074,0.465,1,1.0,-0.033,-0.342,0.084,0.331,0.1,1.0
28,20,-0.033,-0.342,0.084,0.331,1,1.0,-0.04,-0.154,0.09,0.198,0.1,1.0
28,21,-0.04,-0.154,0.09,0.198,0,1.0,-0.043,-0.343,0.094,0.358,0.1,1.0
28,22,-0.043,-0.343,0.094,0.358,1,1.0,-0.05,-0.156,0.101,0.227,0.1,1.0
28,23,-0.05,-0.156,0.101,0.227,1,1.0,-0.053,0.032,0.106,0.098,0.1,1.0
28,24,-0.053,0.032,0.106,0.098,1,1.0,-0.052,0.22,0.108,-0.031,0.1,1.0
28,25,-0.052,0.22,0.108,-0.031,1,1.0,-0.048,0.407,0.107,-0.159,0.1,1.0
28,26,-0.048,0.407,0.107,-0.159,1,1.0,-0.04,0.595,0.104,-0.288,0.1,1.0
28,27,-0.04,0.595,0.104,-0.288,1,1.0,-0.028,0.783,0.098,-0.417,0.1,1.0
28,28,-0.028,0.783,0.098,-0.417,1,1.0,-0.012,0.97,0.09,-0.547,0.1,1.0
28,29,-0.012,0.97,0.09,-0.547,0,1.0,0.007,0.781,0.079,-0.387,0.1,1.0
28,30,0.007,0.781,0.079,-0.387,0,1.0,0.023,0.592,0.071,-0.229,0.1,1.0
28,31,0.023,0.592,0.071,-0.229,1,1.0,0.035,0.78,0.067,-0.364,0.1,1.0
28,32,0.035,0.78,0.067,-0.364,0,1.0,0.05,0.591,0.059,-0.207,0.1,1.0
28,33,0.05,0.591,0.059,-0.207,0,1.0,0.062,0.402,0.055,-0.052,0.1,1.0
28,34,0.062,0.402,0.055,-0.052,1,1.0,0.07,0.59,0.054,-0.189,0.1,1.0
28,35,0.07,0.59,0.054,-0.189,0,1.0,0.082,0.402,0.05,-0.035,0.1,1.0
28,36,0.082,0.402,0.05,-0.035,0,1.0,0.09,0.213,0.05,0.119,0.1,1.0
28,37,0.09,0.213,0.05,0.119,0,1.0,0.094,0.024,0.052,0.273,0.1,1.0
28,38,0.094,0.024,0.052,0.273,0,1.0,0.095,-0.165,0.057,0.428,0.1,1.0
28,39,0.095,-0.165,0.057,0.428,0,1.0,0.092,-0.354,0.066,0.583,0.1,1.0
28,40,0.092,-0.354,0.066,0.583,0,1.0,0.085,-0.543,0.078,0.739,0.1,1.0
28,41,0.085,-0.543,0.078,0.739,0,1.0,0.074,-0.732,0.092,0.897,0.1,1.0
28,42,0.074,-0.732,0.092,0.897,1,1.0,0.059,-0.544,0.11,0.766,0.1,1.0
28,43,0.059,-0.544,0.11,0.766,0,1.0,0.048,-0.733,0.126,0.929,0.1,1.0
28,44,0.048,-0.733,0.126,0.929,1,1.0,0.033,-0.545,0.144,0.803,0.1,1.0
28,45,0.033,-0.545,0.144,0.803,0,1.0,0.023,-0.734,0.16,0.97,0.1,1.0
28,46,0.023,-0.734,0.16,0.97,0,1.0,0.008,-0.924,0.18,1.14,0.1,1.0
28,47,0.008,-0.924,0.18,1.14,1,1.0,-0.011,-0.737,0.203,1.024,0.1,1.0
28,48,-0.011,-0.737,0.203,1.024,1,1.0,-0.025,-0.55,0.223,0.912,0.1,1.0
29,0,-0.045,0.001,0.002,-0.023,0,1.0,-0.045,-0.186,0.001,0.081,0.1,1.4
29,1,-0.045,-0.186,0.001,0.081,1,1.0,-0.049,0.001,0.003,-0.023,0.1,1.4
29,2,-0.049,0.001,0.003,-0.023,1,1.0,-0.049,0.187,0.003,-0.127,0.1,1.4
29,3,-0.049,0.187,0.003,-0.127,0,1.0,-0.045,0.001,0.0,-0.022,0.1,1.4
29,4,-0.045,0.001,0.0,-0.022,0,1.0,-0.045,-0.186,-0.0,0.082,0.1,1.4
29,5,-0.045,-0.186,-0.0,0.082,1,1.0,-0.049,0.001,0.001,-0.022,0.1,1.4
29,6,-0.049,0.001,0.001,-0.022,1,1.0,-0.049,0.187,0.001,-0.127,0.1,1.4
29,7,-0.049,0.187,0.001,-0.127,0,1.0,-0.045,0.001,-0.002,-0.022,0.1,1.4
29,8,-0.045,0.001,-0.002,-0.022,0,1.0,-0.045,-0.186,-0.002,0.082,0.1,1.4
29,9,-0.045,-0.186,-0.002,0.082,1,1.0,-0.049,0.001,-0.001,-0.023,0.1,1.4
29,10,-0.049,0.001,-0.001,-0.023,1,1.0,-0.049,0.187,-0.001,-0.127,0.1,1.4
29,11,-0.049,0.187,-0.001,-0.127,0,1.0,-0.045,0.001,-0.004,-0.023,0.1,1.4
29,12,-0.045,0.001,-0.004,-0.023,0,1.0,-0.045,-0.186,-0.004,0.081,0.1,1.4
29,13,-0.045,-0.186,-0.004,0.081,1,1.0,-0.049,0.001,-0.002,-0.024,0.1,1.4
29,14,-0.049,0.001,-0.002,-0.024,0,1.0,-0.049,-0.186,-0.003,0.081,0.1,1.4
29,15,-0.049,-0.186,-0.003,0.081,0,1.0,-0.052,-0.372,-0.001,0.185,0.1,1.4
29,16,-0.052,-0.372,-0.001,0.185,1,1.0,-0.06,-0.186,0.002,0.08,0.1,1.4
29,17,-0.06,-0.186,0.002,0.08,1,1.0,-0.063,0.001,0.004,-0.024,0.1,1.4
29,18,-0.063,0.001,0.004,-0.024,1,1.0,-0.063,0.187,0.004,-0.128,0.1,1.4
29,19,-0.063,0.187,0.004,-0.128,1,1.0,-0.06,0.374,0.001,-0.232,0.1,1.4
29,20,-0.06,0.374,0.001,-0.232,1,1.0,-0.052,0.56,-0.004,-0.337,0.1,1.4
29,21,-0.052,0.56,-0.004,-0.337,0,1.0,-0.041,0.374,-0.01,-0.233,0.1,1.4
29,22,-0.041,0.374,-0.01,-0.233,0,1.0,-0.034,0.187,-0.015,-0.129,0.1,1.4
29,23,-0.034,0.187,-0.015,-0.129,0,1.0,-0.03,0.001,-0.018,-0.026,0.1,1.4
29,24,-0.03,0.001,-0.018,-0.026,0,1.0,-0.03,-0.186,-0.018,0.076,0.1,1.4
29,25,-0.03,-0.186,-0.018,0.076,0,1.0,-0.033,-0.372,-0.017,0.179,0.1,1.4
29,26,-0.033,-0.372,-0.017,0.179,0,1.0,-0.041,-0.559,-0.013,0.281,0.1,1.4
29,27,-0.041,-0.559,-0.013,0.281,0,1.0,-0.052,-0.745,-0.007,0.384,0.1,1.4
29,28,-0.052,-0.745,-0.007,0.384,0,1.0,-0.067,-0.932,0.0,0.488,0.1,1.4
29,29,-0.067,-0.932,0.0,0.488,0,1.0,-0.086,-1.118,0.01,0.592,0.1,1.4
29,30,-0.086,-1.118,0.01,0.592,0,1.0,-0.108,-1.305,0.022,0.698,0.1,1.4
29,31,-0.108,-1.305,0.022,0.698,0,1.0,-0.134,-1.492,0.036,0.805,0.1,1.4
29,32,-0.134,-1.492,0.036,0.805,0,1.0,-0.164,-1.678,0.052,0.914,0.1,1.4
29,33,-0.164,-1.678,0.052,0.914,1,1.0,-0.197,-1.492,0.07,0.815,0.1,1.4
29,34,-0.197,-1.492,0.07,0.815,1,1.0,-0.227,-1.306,0.087,0.719,0.1,1.4
29,35,-0.227,-1.306,0.087,0.719,0,1.0,-0.253,-1.493,0.101,0.832,0.1,1.4
29,36,-0.253,-1.493,0.101,0.832,1,1.0,-0.283,-1.307,0.118,0.74,0.1,1.4
29,37,-0.283,-1.307,0.118,0.74,1,1.0,-0.309,-1.121,0.132,0.649,0.1,1.4
29,38,-0.309,-1.121,0.132,0.649,0,1.0,-0.332,-1.308,0.145,0.768,0.1,1.4
29,39,-0.332,-1.308,0.145,0.768,0,1.0,-0.358,-1.495,0.161,0.887,0.1,1.4
29,40,-0.358,-1.495,0.161,0.887,0,1.0,-0.388,-1.682,0.178,1.008,0.1,1.4
29,41,-0.388,-1.682,0.178,1.008,1,1.0,-0.422,-1.496,0.199,0.925,0.1,1.4
29,42,-0.422,-1.496,0.199,0.925,1,1.0,-0.451,-1.311,0.217,0.845,0.1,1.4
30,0,-0.026,-0.007,-0.041,0.009,0,1.0,-0.027,-0.201,-0.041,0.275,0.87,1.2
30,1,-0.027,-0.201,-0.041,0.275,1,1.0,-0.031,-0.006,-0.035,-0.015,0.87,1.2
30,2,-0.031,-0.006,-0.035,-0.015,1,1.0,-0.031,0.189,-0.035,-0.304,0.87,1.2
30,3,-0.031,0.189,-0.035,-0.304,1,1.0,-0.027,0.384,-0.041,-0.594,0.87,1.2
30,4,-0.027,0.384,-0.041,-0.594,0,1.0,-0.019,0.19,-0.053,-0.328,0.87,1.2
30,5,-0.019,0.19,-0.053,-0.328,1,1.0,-0.015,0.385,-0.06,-0.621,0.87,1.2
30,6,-0.015,0.385,-0.06,-0.621,1,1.0,-0.008,0.58,-0.072,-0.917,0.87,1.2
30,7,-0.008,0.58,-0.072,-0.917,0,1.0,0.004,0.387,-0.091,-0.662,0.87,1.2
30,8,0.004,0.387,-0.091,-0.662,0,1.0,0.012,0.194,-0.104,-0.414,0.87,1.2
30,9,0.012,0.194,-0.104,-0.414,0,1.0,0.015,0.001,-0.112,-0.171,0.87,1.2
30,10,0.015,0.001,-0.112,-0.171,0,1.0,0.016,-0.192,-0.116,0.069,0.87,1.2
30,11,0.016,-0.192,-0.116,0.069,0,1.0,0.012,-0.384,-0.114,0.307,0.87,1.2
30,12,0.012,-0.384,-0.114,0.307,1,1.0,0.004,-0.189,-0.108,0.001,0.87,1.2
30,13,0.004,-0.189,-0.108,0.001,1,1.0,0.0,0.007,-0.108,-0.304,0.87,1.2
30,14,0.0,0.007,-0.108,-0.304,1,1.0,0.0,0.203,-0.114,-0.609,0.87,1.2
30,15,0.0,0.203,-0.114,-0.609,0,1.0,0.004,0.01,-0.126,-0.371,0.87,1.2
30,16,0.004,0.01,-0.126,-0.371,0,1.0,0.005,-0.182,-0.134,-0.137,0.87,1.2
30,17,0.005,-0.182,-0.134,-0.137,1,1.0,0.001,0.013,-0.136,-0.446,0.87,1.2
30,18,0.001,0.013,-0.136,-0.446,1,1.0,0.001,0.209,-0.145,-0.755,0.87,1.2
30,19,0.001,0.209,-0.145,-0.755,1,1.0,0.005,0.405,-0.161,-1.065,0.87,1.2
30,20,0.005,0.405,-0.161,-1.065,0,1.0,0.014,0.213,-0.182,-0.846,0.87,1.2
30,21,0.014,0.213,-0.182,-0.846,0,1.0,0.018,0.022,-0.199,-0.635,0.87,1.2
30,22,0.018,0.022,-0.199,-0.635,1,1.0,0.018,0.217,-0.211,-0.951,0.87,1.2
31,0,0.04,-0.043,0.017,-0.003,0,1.0,0.039,-0.264,0.017,0.85,0.87,0.4
31,1,0.039,-0.264,0.017,0.85,0,1.0,0.034,-0.484,0.034,1.703,0.87,0.4
31,2,0.034,-0.484,0.034,1.703,0,1.0,0.024,-0.705,0.068,2.57,0.87,0.4
31,3,0.024,-0.705,0.068,2.57,0,1.0,0.01,-0.927,0.12,3.46,0.87,0.4
31,4,0.01,-0.927,0.12,3.46,0,1.0,-0.008,-1.149,0.189,4.375,0.87,0.4
31,5,-0.008,-1.149,0.189,4.375,1,1.0,-0.031,-0.936,0.276,3.739,0.87,0.4
32,0,-0.034,0.007,-0.012,-0.018,1,1.0,-0.034,0.208,-0.013,-0.429,0.92,0.9
32,1,-0.034,0.208,-0.013,-0.429,1,1.0,-0.03,0.408,-0.021,-0.841,0.92,0.9
32,2,-0.03,0.408,-0.021,-0.841,1,1.0,-0.022,0.609,-0.038,-1.257,0.92,0.9
32,3,-0.022,0.609,-0.038,-1.257,1,1.0,-0.009,0.81,-0.063,-1.678,0.92,0.9
32,4,-0.009,0.81,-0.063,-1.678,0,1.0,0.007,0.611,-0.097,-1.303,0.92,0.9
32,5,0.007,0.611,-0.097,-1.303,1,1.0,0.019,0.812,-0.123,-1.742,0.92,0.9
32,6,0.019,0.812,-0.123,-1.742,1,1.0,0.035,1.014,-0.158,-2.187,0.92,0.9
32,7,0.035,1.014,-0.158,-2.187,0,1.0,0.056,0.817,-0.201,-1.867,0.92,0.9
32,8,0.056,0.817,-0.201,-1.867,1,1.0,0.072,1.018,-0.239,-2.321,0.92,0.9
33,0,-0.006,0.007,0.041,-0.025,1,1.0,-0.005,0.195,0.04,-0.172,0.03,0.9
33,1,-0.005,0.195,0.04,-0.172,1,1.0,-0.002,0.384,0.037,-0.32,0.03,0.9
33,2,-0.002,0.384,0.037,-0.32,0,1.0,0.006,0.195,0.03,-0.159,0.03,0.9
33,3,0.006,0.195,0.03,-0.159,1,1.0,0.01,0.383,0.027,-0.309,0.03,0.9
33,4,0.01,0.383,0.027,-0.309,1,1.0,0.018,0.572,0.021,-0.459,0.03,0.9
33,5,0.018,0.572,0.021,-0.459,0,1.0,0.029,0.383,0.012,-0.301,0.03,0.9
33,6,0.029,0.383,0.012,-0.301,1,1.0,0.037,0.572,0.006,-0.454,0.03,0.9
33,7,0.037,0.572,0.006,-0.454,0,1.0,0.048,0.383,-0.003,-0.298,0.03,0.9
33,8,0.048,0.383,-0.003,-0.298,0,1.0,0.056,0.194,-0.009,-0.144,0.03,0.9
33,9,0.056,0.194,-0.009,-0.144,0,1.0,0.06,0.005,-0.012,0.009,0.03,0.9
33,10,0.06,0.005,-0.012,0.009,0,1.0,0.06,-0.183,-0.012,0.162,0.03,0.9
33,11,0.06,-0.183,-0.012,0.162,0,1.0,0.056,-0.372,-0.009,0.315,0.03,0.9
33,12,0.056,-0.372,-0.009,0.315,0,1.0,0.049,-0.561,-0.002,0.468,0.03,0.9
33,13,0.049,-0.561,-0.002,0.468,1,1.0,0.038,-0.372,0.007,0.313,0.03,0.9
33,14,0.038,-0.372,0.007,0.313,0,1.0,0.03,-0.561,0.013,0.469,0.03,0.9
33,15,0.03,-0.561,0.013,0.469,1,1.0,0.019,-0.372,0.023,0.316,0.03,0.9
33,16,0.019,-0.372,0.023,0.316,1,1.0,0.011,-0.184,0.029,0.166,0.03,0.9
33,17,0.011,-0.184,0.029,0.166,0,1.0,0.008,-0.373,0.032,0.325,0.03,0.9
33,18,0.008,-0.373,0.032,0.325,0,1.0,0.0,-0.562,0.039,0.485,0.03,0.9
33,19,0.0,-0.562,0.039,0.485,0,1.0,-0.011,-0.751,0.049,0.646,0.03,0.9
33,20,-0.011,-0.751,0.049,0.646,1,1.0,-0.026,-0.562,0.061,0.5,0.03,0.9
33,21,-0.026,-0.562,0.061,0.5,1,1.0,-0.037,-0.374,0.071,0.355,0.03,0.9
33,22,-0.037,-0.374,0.071,0.355,1,1.0,-0.045,-0.186,0.079,0.213,0.03,0.9
33,23,-0.045,-0.186,0.079,0.213,0,1.0,-0.048,-0.375,0.083,0.38,0.03,0.9
33,24,-0.048,-0.375,0.083,0.38,0,1.0,-0.056,-0.565,0.09,0.548,0.03,0.9
33,25,-0.056,-0.565,0.09,0.548,1,1.0,-0.067,-0.376,0.101,0.409,0.03,0.9
33,26,-0.067,-0.376,0.101,0.409,1,1.0,-0.075,-0.188,0.11,0.272,0.03,0.9
33,27,-0.075,-0.188,0.11,0.272,0,1.0,-0.079,-0.378,0.115,0.444,0.03,0.9
33,28,-0.079,-0.378,0.115,0.444,0,1.0,-0.086,-0.568,0.124,0.617,0.03,0.9
33,29,-0.086,-0.568,0.124,0.617,1,1.0,-0.097,-0.38,0.136,0.484,0.03,0.9
33,30,-0.097,-0.38,0.136,0.484,0,1.0,-0.105,-0.569,0.146,0.66,0.03,0.9
33,31,-0.105,-0.569,0.146,0.66,1,1.0,-0.116,-0.382,0.159,0.531,0.03,0.9
33,32,-0.116,-0.382,0.159,0.531,0,1.0,-0.124,-0.572,0.17,0.71,0.03,0.9
33,33,-0.124,-0.572,0.17,0.71,0,1.0,-0.135,-0.761,0.184,0.891,0.03,0.9
33,34,-0.135,-0.761,0.184,0.891,0,1.0,-0.151,-0.951,0.202,1.073,0.03,0.9
33,35,-0.151,-0.951,0.202,1.073,0,1.0,-0.17,-1.141,0.223,1.258,0.03,0.9
34,0,-0.05,0.037,-0.026,0.015,1,1.0,-0.049,0.324,-0.025,-2.301,0.58,0.1
34,1,-0.049,0.324,-0.025,-2.301,1,1.0,-0.042,0.611,-0.071,-4.616,0.58,0.1
34,2,-0.042,0.611,-0.071,-4.616,1,1.0,-0.03,0.9,-0.164,-7.014,0.58,0.1
34,3,-0.03,0.9,-0.164,-7.014,0,1.0,-0.012,0.627,-0.304,-5.128,0.58,0.1
35,0,-0.016,-0.004,0.044,0.045,0,1.0,-0.016,-0.213,0.044,0.644,0.77,0.0
35,1,-0.016,-0.213,0.044,0.644,1,1.0,-0.021,-0.007,0.057,0.099,0.77,0.0
35,2,-0.021,-0.007,0.057,0.099,1,1.0,-0.021,0.2,0.059,-0.437,0.77,0.0
35,3,-0.021,0.2,0.059,-0.437,0,1.0,-0.017,-0.01,0.051,0.171,0.77,0.0
35,4,-0.017,-0.01,0.051,0.171,0,1.0,-0.017,-0.219,0.054,0.774,0.77,0.0
35,5,-0.017,-0.219,0.054,0.774,0,1.0,-0.021,-0.428,0.069,1.378,0.77,0.0
35,6,-0.021,-0.428,0.069,1.378,1,1.0,-0.03,-0.222,0.097,0.851,0.77,0.0
35,7,-0.03,-0.222,0.097,0.851,1,1.0,-0.034,-0.018,0.114,0.344,0.77,0.0
35,8,-0.034,-0.018,0.114,0.344,0,1.0,-0.035,-0.228,0.121,0.976,0.77,0.0
35,9,-0.035,-0.228,0.121,0.976,0,1.0,-0.039,-0.438,0.14,1.61,0.77,0.0
35,10,-0.039,-0.438,0.14,1.61,1,1.0,-0.048,-0.235,0.173,1.137,0.77,0.0
35,11,-0.048,-0.235,0.173,1.137,1,1.0,-0.053,-0.033,0.195,0.692,0.77,0.0
35,12,-0.053,-0.033,0.195,0.692,0,1.0,-0.053,-0.244,0.209,1.348,0.77,0.0
35,13,-0.053,-0.244,0.209,1.348,0,1.0,-0.058,-0.455,0.236,2.005,0.77,0.0
36,0,-0.032,-0.01,0.039,-0.01,0,1.0,-0.032,-0.203,0.039,0.237,0.41,0.8
36,1,-0.032,-0.203,0.039,0.237,1,1.0,-0.036,-0.011,0.044,0.01,0.41,0.8
36,2,-0.036,-0.011,0.044,0.01,1,1.0,-0.036,0.181,0.044,-0.215,0.41,0.8
36,3,-0.036,0.181,0.044,-0.215,0,1.0,-0.033,-0.012,0.04,0.033,0.41,0.8
36,4,-0.033,-0.012,0.04,0.033,0,1.0,-0.033,-0.205,0.04,0.279,0.41,0.8
36,5,-0.033,-0.205,0.04,0.279,1,1.0,-0.037,-0.013,0.046,0.053,0.41,0.8
36,6,-0.037,-0.013,0.046,0.053,0,1.0,-0.037,-0.206,0.047,0.301,0.41,0.8
36,7,-0.037,-0.206,0.047,0.301,0,1.0,-0.042,-0.399,0.053,0.549,0.41,0.8
36,8,-0.042,-0.399,0.053,0.549,1,1.0,-0.05,-0.207,0.064,0.327,0.41,0.8
36,9,-0.05,-0.207,0.064,0.327,1,1.0,-0.054,-0.015,0.071,0.107,0.41,0.8
36,10,-0.054,-0.015,0.071,0.107,1,1.0,-0.054,0.176,0.073,-0.11,0.41,0.8
36,11,-0.054,0.176,0.073,-0.11,0,1.0,-0.05,-0.017,0.071,0.144,0.41,0.8
36,12,-0.05,-0.017,0.071,0.144,1,1.0,-0.051,0.175,0.074,-0.074,0.41,0.8
36,13,-0.051,0.175,0.074,-0.074,1,1.0,-0.047,0.366,0.072,-0.291,0.41,0.8
36,14,-0.047,0.366,0.072,-0.291,1,1.0,-0.04,0.558,0.066,-0.508,0.41,0.8
36,15,-0.04,0.558,0.066,-0.508,1,1.0,-0.029,0.75,0.056,-0.727,0.41,0.8
36,16,-0.029,0.75,0.056,-0.727,0,1.0,-0.014,0.556,0.042,-0.476,0.41,0.8
36,17,-0.014,0.556,0.042,-0.476,0,1.0,-0.003,0.363,0.032,-0.23,0.41,0.8
36,18,-0.003,0.363,0.032,-0.23,1,1.0,0.005,0.556,0.027,-0.458,0.41,0.8
36,19,0.005,0.556,0.027,-0.458,0,1.0,0.016,0.363,0.018,-0.214,0.41,0.8
36,20,0.016,0.363,0.018,-0.214,0,1.0,0.023,0.17,0.014,0.027,0.41,0.8
36,21,0.023,0.17,0.014,0.027,1,1.0,0.026,0.362,0.015,-0.206,0.41,0.8
36,22,0.026,0.362,0.015,-0.206,1,1.0,0.034,0.555,0.01,-0.439,0.41,0.8
36,23,0.034,0.555,0.01,-0.439,0,1.0,0.045,0.362,0.002,-0.2,0.41,0.8
36,24,0.045,0.362,0.002,-0.2,0,1.0,0.052,0.17,-0.002,0.037,0.41,0.8
36,25,0.052,0.17,-0.002,0.037,0,1.0,0.055,-0.023,-0.002,0.273,0.41,0.8
36,26,0.055,-0.023,-0.002,0.273,1,1.0,0.055,0.17,0.004,0.036,0.41,0.8
36,27,0.055,0.17,0.004,0.036,0,1.0,0.058,-0.023,0.005,0.274,0.41,0.8
36,28,0.058,-0.023,0.005,0.274,0,1.0,0.058,-0.216,0.01,0.511,0.41,0.8
36,29,0.058,-0.216,0.01,0.511,0,1.0,0.053,-0.408,0.02,0.751,0.41,0.8
36,30,0.053,-0.408,0.02,0.751,0,1.0,0.045,-0.601,0.035,0.992,0.41,0.8
36,31,0.045,-0.601,0.035,0.992,0,1.0,0.033,-0.794,0.055,1.237,0.41,0.8
36,32,0.033,-0.794,0.055,1.237,1,1.0,0.017,-0.602,0.08,1.015,0.41,0.8
36,33,0.017,-0.602,0.08,1.015,0,1.0,0.005,-0.795,0.1,1.271,0.41,0.8
36,34,0.005,-0.795,0.1,1.271,0,1.0,-0.011,-0.989,0.126,1.531,0.41,0.8
36,35,-0.011,-0.989,0.126,1.531,1,1.0,-0.03,-0.798,0.156,1.329,0.41,0.8
36,36,-0.03,-0.798,0.156,1.329,1,1.0,-0.046,-0.607,0.183,1.136,0.41,0.8
36,37,-0.046,-0.607,0.183,1.136,0,1.0,-0.058,-0.801,0.205,1.411,0.41,0.8
36,38,-0.058,-0.801,0.205,1.411,0,1.0,-0.074,-0.995,0.234,1.69,0.41,0.8
37,0,0.02,0.016,-0.043,0.02,1,1.0,0.021,0.203,-0.043,-0.084,0.35,1.8
37,1,0.021,0.203,-0.043,-0.084,1,1.0,0.025,0.389,-0.044,-0.188,0.35,1.8
37,2,0.025,0.389,-0.044,-0.188,0,1.0,0.033,0.203,-0.048,-0.093,0.35,1.8
37,3,0.033,0.203,-0.048,-0.093,0,1.0,0.037,0.017,-0.05,0.001,0.35,1.8
37,4,0.037,0.017,-0.05,0.001,0,1.0,0.037,-0.169,-0.05,0.095,0.35,1.8
37,5,0.037,-0.169,-0.05,0.095,0,1.0,0.034,-0.355,-0.048,0.189,0.35,1.8
37,6,0.034,-0.355,-0.048,0.189,0,1.0,0.026,-0.541,-0.044,0.283,0.35,1.8
37,7,0.026,-0.541,-0.044,0.283,1,1.0,0.016,-0.355,-0.039,0.179,0.35,1.8
37,8,0.016,-0.355,-0.039,0.179,0,1.0,0.009,-0.541,-0.035,0.274,0.35,1.8
37,9,0.009,-0.541,-0.035,0.274,1,1.0,-0.002,-0.354,-0.03,0.171,0.35,1.8
37,10,-0.002,-0.354,-0.03,0.171,0,1.0,-0.009,-0.541,-0.026,0.267,0.35,1.8
37,11,-0.009,-0.541,-0.026,0.267,1,1.0,-0.02,-0.354,-0.021,0.165,0.35,1.8
37,12,-0.02,-0.354,-0.021,0.165,0,1.0,-0.027,-0.54,-0.017,0.262,0.35,1.8
37,13,-0.027,-0.54,-0.017,0.262,0,1.0,-0.038,-0.727,-0.012,0.36,0.35,1.8
37,14,-0.038,-0.727,-0.012,0.36,1,1.0,-0.053,-0.54,-0.005,0.259,0.35,1.8
37,15,-0.053,-0.54,-0.005,0.259,0,1.0,-0.063,-0.726,0.0,0.358,0.35,1.8
37,16,-0.063,-0.726,0.0,0.358,0,1.0,-0.078,-0.913,0.007,0.458,0.35,1.8
37,17,-0.078,-0.913,0.007,0.458,1,1.0,-0.096,-0.727,0.016,0.359,0.35,1.8
37,18,-0.096,-0.727,0.016,0.359,1,1.0,-0.111,-0.54,0.024,0.261,0.35,1.8
37,19,-0.111,-0.54,0.024,0.261,1,1.0,-0.121,-0.354,0.029,0.164,0.35,1.8
37,20,-0.121,-0.354,0.029,0.164,0,1.0,-0.129,-0.54,0.032,0.267,0.35,1.8
37,21,-0.129,-0.54,0.032,0.267,0,1.0,-0.139,-0.727,0.038,0.37,0.35,1.8
37,22,-0.139,-0.727,0.038,0.37,0,1.0,-0.154,-0.913,0.045,0.473,0.35,1.8
37,23,-0.154,-0.913,0.045,0.473,1,1.0,-0.172,-0.727,0.054,0.379,0.35,1.8
37,24,-0.172,-0.727,0.054,0.379,1,1.0,-0.187,-0.541,0.062,0.285,0.35,1.8
37,25,-0.187,-0.541,0.062,0.285,0,1.0,-0.198,-0.728,0.068,0.391,0.35,1.8
37,26,-0.198,-0.728,0.068,0.391,0,1.0,-0.212,-0.915,0.075,0.497,0.35,1.8
37,27,-0.212,-0.915,0.075,0.497,0,1.0,-0.23,-1.101,0.085,0.605,0.35,1.8
37,28,-0.23,-1.101,0.085,0.605,0,1.0,-0.252,-1.288,0.098,0.713,0.35,1.8
37,29,-0.252,-1.288,0.098,0.713,1,1.0,-0.278,-1.102,0.112,0.624,0.35,1.8
37,30,-0.278,-1.102,0.112,0.624,1,1.0,-0.3,-0.916,0.124,0.538,0.35,1.8
37,31,-0.3,-0.916,0.124,0.538,1,1.0,-0.319,-0.731,0.135,0.453,0.35,1.8
37,32,-0.319,-0.731,0.135,0.453,1,1.0,-0.333,-0.545,0.144,0.369,0.35,1.8
37,33,-0.333,-0.545,0.144,0.369,1,1.0,-0.344,-0.359,0.151,0.286,0.35,1.8
37,34,-0.344,-0.359,0.151,0.286,0,1.0,-0.351,-0.546,0.157,0.4,0.35,1.8
37,35,-0.351,-0.546,0.157,0.4,1,1.0,-0.362,-0.361,0.165,0.319,0.35,1.8
37,36,-0.362,-0.361,0.165,0.319,0,1.0,-0.369,-0.548,0.172,0.434,0.35,1.8
37,37,-0.369,-0.548,0.172,0.434,1,1.0,-0.38,-0.362,0.18,0.355,0.35,1.8
37,38,-0.38,-0.362,0.18,0.355,1,1.0,-0.388,-0.177,0.187,0.277,0.35,1.8
37,39,-0.388,-0.177,0.187,0.277,1,1.0,-0.391,0.008,0.193,0.2,0.35,1.8
37,40,-0.391,0.008,0.193,0.2,1,1.0,-0.391,0.193,0.197,0.124,0.35,1.8
37,41,-0.391,0.193,0.197,0.124,0,1.0,-0.387,0.006,0.199,0.241,0.35,1.8
37,42,-0.387,0.006,0.199,0.241,1,1.0,-0.387,0.192,0.204,0.166,0.35,1.8
37,43,-0.387,0.192,0.204,0.166,1,1.0,-0.383,0.377,0.207,0.091,0.35,1.8
37,44,-0.383,0.377,0.207,0.091,0,1.0,-0.376,0.19,0.209,0.209,0.35,1.8
37,45,-0.376,0.19,0.209,0.209,0,1.0,-0.372,0.003,0.213,0.327,0.35,1.8
38,0,-0.001,-0.025,0.022,0.013,1,1.0,-0.002,0.173,0.022,-0.336,0.96,1.1
38,1,-0.002,0.173,0.022,-0.336,0,1.0,0.002,-0.026,0.016,0.031,0.96,1.1
38,2,0.002,-0.026,0.016,0.031,1,1.0,0.001,0.172,0.016,-0.322,0.96,1.1
38,3,0.001,0.172,0.016,-0.322,1,1.0,0.004,0.37,0.01,-0.674,0.96,1.1
38,4,0.004,0.37,0.01,-0.674,1,1.0,0.012,0.568,-0.004,-1.029,0.96,1.1
38,5,0.012,0.568,-0.004,-1.029,1,1.0,0.023,0.766,-0.024,-1.39,0.96,1.1
38,6,0.023,0.766,-0.024,-1.39,1,1.0,0.039,0.965,-0.052,-1.757,0.96,1.1
38,7,0.039,0.965,-0.052,-1.757,0,1.0,0.058,0.767,-0.087,-1.421,0.96,1.1
38,8,0.058,0.767,-0.087,-1.421,1,1.0,0.073,0.966,-0.116,-1.806,0.96,1.1
38,9,0.073,0.966,-0.116,-1.806,0,1.0,0.092,0.77,-0.152,-1.501,0.96,1.1
38,10,0.092,0.77,-0.152,-1.501,0,1.0,0.108,0.576,-0.182,-1.217,0.96,1.1
38,11,0.108,0.576,-0.182,-1.217,1,1.0,0.119,0.775,-0.206,-1.614,0.96,1.1
38,12,0.119,0.775,-0.206,-1.614,0,1.0,0.135,0.581,-0.238,-1.361,0.96,1.1
39,0,0.0,0.004,-0.036,-0.019,0,1.0,0.0,-0.183,-0.037,0.084,0.23,1.5
39,1,0.0,-0.183,-0.037,0.084,0,1.0,-0.003,-0.369,-0.035,0.188,0.23,1.5
39,2,-0.003,-0.369,-0.035,0.188,1,1.0,-0.011,-0.182,-0.031,0.076,0.23,1.5
39,3,-0.011,-0.182,-0.031,0.076,1,1.0,-0.014,0.005,-0.03,-0.036,0.23,1.5
39,4,-0.014,0.005,-0.03,-0.036,0,1.0,-0.014,-0.182,-0.031,0.069,0.23,1.5
39,5,-0.014,-0.182,-0.031,0.069,1,1.0,-0.018,0.005,-0.029,-0.043,0.23,1.5
39,6,-0.018,0.005,-0.029,-0.043,0,1.0,-0.018,-0.182,-0.03,0.062,0.23,1.5
39,7,-0.018,-0.182,-0.03,0.062,0,1.0,-0.022,-0.368,-0.029,0.166,0.23,1.5
39,8,-0.022,-0.368,-0.029,0.166,1,1.0,-0.029,-0.181,-0.025,0.055,0.23,1.5
39,9,-0.029,-0.181,-0.025,0.055,0,1.0,-0.032,-0.368,-0.024,0.16,0.23,1.5
39,10,-0.032,-0.368,-0.024,0.16,1,1.0,-0.04,-0.181,-0.021,0.049,0.23,1.5
39,11,-0.04,-0.181,-0.021,0.049,1,1.0,-0.043,0.006,-0.02,-0.061,0.23,1.5
39,12,-0.043,0.006,-0.02,-0.061,0,1.0,-0.043,-0.181,-0.021,0.044,0.23,1.5
39,13,-0.043,-0.181,-0.021,0.044,1,1.0,-0.047,0.006,-0.021,-0.066,0.23,1.5
39,14,-0.047,0.006,-0.021,-0.066,1,1.0,-0.047,0.193,-0.022,-0.176,0.23,1.5
39,15,-0.047,0.193,-0.022,-0.176,0,1.0,-0.043,0.006,-0.025,-0.071,0.23,1.5
39,16,-0.043,0.006,-0.025,-0.071,1,1.0,-0.043,0.193,-0.027,-0.182,0.23,1.5
39,17,-0.043,0.193,-0.027,-0.182,1,1.0,-0.039,0.38,-0.03,-0.293,0.23,1.5
39,18,-0.039,0.38,-0.03,-0.293,1,1.0,-0.031,0.567,-0.036,-0.404,0.23,1.5
39,19,-0.031,0.567,-0.036,-0.404,0,1.0,-0.02,0.38,-0.044,-0.3,0.23,1.5
39,20,-0.02,0.38,-0.044,-0.3,1,1.0,-0.012,0.567,-0.05,-0.413,0.23,1.5
39,21,-0.012,0.567,-0.05,-0.413,1,1.0,-0.001,0.754,-0.059,-0.527,0.23,1.5
39,22,-0.001,0.754,-0.059,-0.527,0,1.0,0.014,0.568,-0.069,-0.426,0.23,1.5
39,23,0.014,0.568,-0.069,-0.426,1,1.0,0.025,0.755,-0.078,-0.541,0.23,1.5
39,24,0.025,0.755,-0.078,-0.541,0,1.0,0.04,0.569,-0.089,-0.443,0.23,1.5
39,25,0.04,0.569,-0.089,-0.443,0,1.0,0.052,0.382,-0.097,-0.346,0.23,1.5
39,26,0.052,0.382,-0.097,-0.346,0,1.0,0.059,0.196,-0.104,-0.25,0.23,1.5
39,27,0.059,0.196,-0.104,-0.25,0,1.0,0.063,0.01,-0.109,-0.155,0.23,1.5
39,28,0.063,0.01,-0.109,-0.155,1,1.0,0.064,0.197,-0.112,-0.275,0.23,1.5
39,29,0.064,0.197,-0.112,-0.275,0,1.0,0.068,0.011,-0.118,-0.181,0.23,1.5
39,30,0.068,0.011,-0.118,-0.181,1,1.0,0.068,0.198,-0.122,-0.301,0.23,1.5
39,31,0.068,0.198,-0.122,-0.301,1,1.0,0.072,0.386,-0.128,-0.422,0.23,1.5
39,32,0.072,0.386,-0.128,-0.422,1,1.0,0.079,0.573,-0.136,-0.543,0.23,1.5
39,33,0.079,0.573,-0.136,-0.543,1,1.0,0.091,0.76,-0.147,-0.666,0.23,1.5
39,34,0.091,0.76,-0.147,-0.666,0,1.0,0.106,0.574,-0.16,-0.576,0.23,1.5
39,35,0.106,0.574,-0.16,-0.576,0,1.0,0.118,0.389,-0.172,-0.489,0.23,1.5
39,36,0.118,0.389,-0.172,-0.489,0,1.0,0.125,0.203,-0.181,-0.403,0.23,1.5
39,37,0.125,0.203,-0.181,-0.403,0,1.0,0.129,0.017,-0.19,-0.318,0.23,1.5
39,38,0.129,0.017,-0.19,-0.318,0,1.0,0.13,-0.168,-0.196,-0.235,0.23,1.5
39,39,0.13,-0.168,-0.196,-0.235,1,1.0,0.126,0.019,-0.201,-0.362,0.23,1.5
39,40,0.126,0.019,-0.201,-0.362,1,1.0,0.127,0.207,-0.208,-0.49,0.23,1.5
39,41,0.127,0.207,-0.208,-0.49,1,1.0,0.131,0.394,-0.218,-0.619,0.23,1.5
40,0,0.023,0.019,0.044,-0.044,0,1.0,0.023,-0.173,0.043,0.186,0.33,0.8
40,1,0.023,-0.173,0.043,0.186,0,1.0,0.02,-0.365,0.047,0.416,0.33,0.8
40,2,0.02,-0.365,0.047,0.416,0,1.0,0.013,-0.557,0.055,0.647,0.33,0.8
40,3,0.013,-0.557,0.055,0.647,0,1.0,0.001,-0.75,0.068,0.879,0.33,0.8
40,4,0.001,-0.75,0.068,0.879,0,1.0,-0.014,-0.942,0.086,1.114,0.33,0.8
40,5,-0.014,-0.942,0.086,1.114,1,1.0,-0.032,-0.751,0.108,0.916,0.33,0.8
40,6,-0.032,-0.751,0.108,0.916,0,1.0,-0.047,-0.944,0.126,1.159,0.33,0.8
40,7,-0.047,-0.944,0.126,1.159,0,1.0,-0.066,-1.137,0.15,1.406,0.33,0.8
40,8,-0.066,-1.137,0.15,1.406,1,1.0,-0.089,-0.947,0.178,1.225,0.33,0.8
40,9,-0.089,-0.947,0.178,1.225,0,1.0,-0.108,-1.14,0.202,1.48,0.33,0.8
40,10,-0.108,-1.14,0.202,1.48,1,1.0,-0.131,-0.95,0.232,1.314,0.33,0.8
41,0,0.045,0.027,-0.037,0.033,1,1.0,0.046,0.217,-0.037,-0.162,0.4,1.0
41,1,0.046,0.217,-0.037,-0.162,0,1.0,0.05,0.027,-0.04,0.018,0.4,1.0
41,2,0.05,0.027,-0.04,0.018,1,1.0,0.051,0.218,-0.04,-0.178,0.4,1.0
41,3,0.051,0.218,-0.04,-0.178,1,1.0,0.055,0.409,-0.043,-0.373,0.4,1.0
41,4,0.055,0.409,-0.043,-0.373,1,1.0,0.063,0.6,-0.051,-0.569,0.4,1.0
41,5,0.063,0.6,-0.051,-0.569,1,1.0,0.075,0.79,-0.062,-0.766,0.4,1.0
41,6,0.075,0.79,-0.062,-0.766,1,1.0,0.091,0.981,-0.077,-0.965,0.4,1.0
41,7,0.091,0.981,-0.077,-0.965,1,1.0,0.111,1.172,-0.097,-1.167,0.4,1.0
41,8,0.111,1.172,-0.097,-1.167,0,1.0,0.134,0.983,-0.12,-1.001,0.4,1.0
41,9,0.134,0.983,-0.12,-1.001,0,1.0,0.154,0.793,-0.14,-0.84,0.4,1.0
41,10,0.154,0.793,-0.14,-0.84,0,1.0,0.17,0.604,-0.157,-0.683,0.4,1.0
41,11,0.17,0.604,-0.157,-0.683,0,1.0,0.182,0.416,-0.17,-0.531,0.4,1.0
41,12,0.182,0.416,-0.17,-0.531,1,1.0,0.19,0.607,-0.181,-0.748,0.4,1.0
41,13,0.19,0.607,-0.181,-0.748,0,1.0,0.202,0.419,-0.196,-0.601,0.4,1.0
41,14,0.202,0.419,-0.196,-0.601,1,1.0,0.211,0.61,-0.208,-0.821,0.4,1.0
41,15,0.211,0.61,-0.208,-0.821,0,1.0,0.223,0.422,-0.224,-0.682,0.4,1.0
42,0,0.027,-0.006,0.036,0.02,0,1.0,0.027,-0.22,0.036,0.732,0.01,0.2
42,1,0.027,-0.22,0.036,0.732,0,1.0,0.023,-0.434,0.051,1.445,0.01,0.2
42,2,0.023,-0.434,0.051,1.445,1,1.0,0.014,-0.223,0.08,0.797,0.01,0.2
42,3,0.014,-0.223,0.08,0.797,0,1.0,0.01,-0.439,0.096,1.54,0.01,0.2
42,4,0.01,-0.439,0.096,1.54,1,1.0,0.001,-0.229,0.127,0.927,0.01,0.2
42,5,0.001,-0.229,0.127,0.927,0,1.0,-0.004,-0.445,0.145,1.701,0.01,0.2
42,6,-0.004,-0.445,0.145,1.701,0,1.0,-0.013,-0.662,0.179,2.485,0.01,0.2
42,7,-0.013,-0.662,0.179,2.485,1,1.0,-0.026,-0.455,0.229,1.938,0.01,0.2
43,0,0.015,-0.046,-0.048,0.034,0,1.0,0.014,-0.234,-0.047,0.174,0.43,1.3
43,1,0.014,-0.234,-0.047,0.174,1,1.0,0.01,-0.045,-0.044,0.019,0.43,1.3
43,2,0.01,-0.045,-0.044,0.019,0,1.0,0.009,-0.233,-0.043,0.16,0.43,1.3
43,3,0.009,-0.233,-0.043,0.16,0,1.0,0.004,-0.421,-0.04,0.301,0.43,1.3
43,4,0.004,-0.421,-0.04,0.301,1,1.0,-0.004,-0.233,-0.034,0.146,0.43,1.3
43,5,-0.004,-0.233,-0.034,0.146,0,1.0,-0.009,-0.421,-0.031,0.289,0.43,1.3
43,6,-0.009,-0.421,-0.031,0.289,1,1.0,-0.017,-0.232,-0.026,0.136,0.43,1.3
43,7,-0.017,-0.232,-0.026,0.136,1,1.0,-0.022,-0.043,-0.023,-0.016,0.43,1.3
43,8,-0.022,-0.043,-0.023,-0.016,0,1.0,-0.023,-0.232,-0.023,0.128,0.43,1.3
43,9,-0.023,-0.232,-0.023,0.128,1,1.0,-0.028,-0.043,-0.021,-0.024,0.43,1.3
43,10,-0.028,-0.043,-0.021,-0.024,0,1.0,-0.028,-0.231,-0.021,0.121,0.43,1.3
43,11,-0.028,-0.231,-0.021,0.121,1,1.0,-0.033,-0.043,-0.019,-0.03,0.43,1.3
43,12,-0.033,-0.043,-0.019,-0.03,1,1.0,-0.034,0.146,-0.019,-0.182,0.43,1.3
43,13,-0.034,0.146,-0.019,-0.182,0,1.0,-0.031,-0.042,-0.023,-0.037,0.43,1.3
43,14,-0.031,-0.042,-0.023,-0.037,0,1.0,-0.032,-0.231,-0.024,0.108,0.43,1.3
43,15,-0.032,-0.231,-0.024,0.108,0,1.0,-0.036,-0.419,-0.021,0.253,0.43,1.3
43,16,-0.036,-0.419,-0.021,0.253,0,1.0,-0.045,-0.608,-0.016,0.398,0.43,1.3
43,17,-0.045,-0.608,-0.016,0.398,1,1.0,-0.057,-0.419,-0.008,0.247,0.43,1.3
43,18,-0.057,-0.419,-0.008,0.247,0,1.0,-0.065,-0.607,-0.004,0.394,0.43,1.3
43,19,-0.065,-0.607,-0.004,0.394,0,1.0,-0.078,-0.796,0.004,0.541,0.43,1.3
43,20,-0.078,-0.796,0.004,0.541,1,1.0,-0.093,-0.607,0.015,0.394,0.43,1.3
43,21,-0.093,-0.607,0.015,0.394,0,1.0,-0.106,-0.796,0.023,0.545,0.43,1.3
43,22,-0.106,-0.796,0.023,0.545,0,1.0,-0.122,-0.985,0.034,0.697,0.43,1.3
43,23,-0.122,-0.985,0.034,0.697,1,1.0,-0.141,-0.797,0.048,0.554,0.43,1.3
43,24,-0.141,-0.797,0.048,0.554,1,1.0,-0.157,-0.608,0.059,0.413,0.43,1.3
43,25,-0.157,-0.608,0.059,0.413,0,1.0,-0.169,-0.797,0.067,0.571,0.43,1.3
43,26,-0.169,-0.797,0.067,0.571,0,1.0,-0.185,-0.986,0.079,0.729,0.43,1.3
43,27,-0.185,-0.986,0.079,0.729,0,1.0,-0.205,-1.175,0.093,0.889,0.43,1.3
43,28,-0.205,-1.175,0.093,0.889,1,1.0,-0.228,-0.987,0.111,0.757,0.43,1.3
43,29,-0.228,-0.987,0.111,0.757,0,1.0,-0.248,-1.177,0.126,0.921,0.43,1.3
43,30,-0.248,-1.177,0.126,0.921,0,1.0,-0.272,-1.366,0.145,1.087,0.43,1.3
43,31,-0.272,-1.366,0.145,1.087,1,1.0,-0.299,-1.178,0.166,0.964,0.43,1.3
43,32,-0.299,-1.178,0.166,0.964,1,1.0,-0.323,-0.991,0.186,0.846,0.43,1.3
43,33,-0.323,-0.991,0.186,0.846,0,1.0,-0.342,-1.18,0.203,1.019,0.43,1.3
43,34,-0.342,-1.18,0.203,1.019,1,1.0,-0.366,-0.993,0.223,0.907,0.43,1.3
44,0,-0.038,-0.024,-0.009,0.047,0,1.0,-0.038,-0.217,-0.008,0.29,0.11,0.6
44,1,-0.038,-0.217,-0.008,0.29,1,1.0,-0.043,-0.024,-0.003,0.042,0.11,0.6
44,2,-0.043,-0.024,-0.003,0.042,1,1.0,-0.043,0.169,-0.002,-0.204,0.11,0.6
44,3,-0.043,0.169,-0.002,-0.204,0,1.0,-0.04,-0.024,-0.006,0.041,0.11,0.6
44,4,-0.04,-0.024,-0.006,0.041,0,1.0,-0.04,-0.217,-0.005,0.285,0.11,0.6
44,5,-0.04,-0.217,-0.005,0.285,0,1.0,-0.044,-0.41,0.001,0.529,0.11,0.6
44,6,-0.044,-0.41,0.001,0.529,1,1.0,-0.053,-0.217,0.011,0.284,0.11,0.6
44,7,-0.053,-0.217,0.011,0.284,0,1.0,-0.057,-0.41,0.017,0.533,0.11,0.6
44,8,-0.057,-0.41,0.017,0.533,0,1.0,-0.065,-0.603,0.028,0.783,0.11,0.6
44,9,-0.065,-0.603,0.028,0.783,0,1.0,-0.077,-0.796,0.043,1.036,0.11,0.6
44,10,-0.077,-0.796,0.043,1.036,1,1.0,-0.093,-0.604,0.064,0.801,0.11,0.6
44,11,-0.093,-0.604,0.064,0.801,1,1.0,-0.105,-0.412,0.08,0.573,0.11,0.6
44,12,-0.105,-0.412,0.08,0.573,1,1.0,-0.114,-0.22,0.091,0.35,0.11,0.6
44,13,-0.114,-0.22,0.091,0.35,0,1.0,-0.118,-0.414,0.098,0.618,0.11,0.6
44,14,-0.118,-0.414,0.098,0.618,0,1.0,-0.126,-0.608,0.111,0.888,0.11,0.6
44,15,-0.126,-0.608,0.111,0.888,1,1.0,-0.138,-0.416,0.128,0.674,0.11,0.6
44,16,-0.138,-0.416,0.128,0.674,0,1.0,-0.147,-0.61,0.142,0.951,0.11,0.6
44,17,-0.147,-0.61,0.142,0.951,1,1.0,-0.159,-0.419,0.161,0.745,0.11,0.6
44,18,-0.159,-0.419,0.161,0.745,0,1.0,-0.167,-0.614,0.176,1.029,0.11,0.6
44,19,-0.167,-0.614,0.176,1.029,1,1.0,-0.18,-0.423,0.196,0.834,0.11,0.6
44,20,-0.18,-0.423,0.196,0.834,1,1.0,-0.188,-0.233,0.213,0.645,0.11,0.6
45,0,0.007,0.003,0.026,0.031,0,1.0,0.007,-0.193,0.027,0.337,0.95,1.3
45,1,0.007,-0.193,0.027,0.337,1,1.0,0.004,0.002,0.034,0.048,0.95,1.3
45,2,0.004,0.002,0.034,0.048,0,1.0,0.004,-0.194,0.035,0.356,0.95,1.3
45,3,0.004,-0.194,0.035,0.356,0,1.0,-0.0,-0.39,0.042,0.664,0.95,1.3
45,4,-0.0,-0.39,0.042,0.664,1,1.0,-0.008,-0.195,0.055,0.381,0.95,1.3
45,5,-0.008,-0.195,0.055,0.381,0,1.0,-0.012,-0.391,0.063,0.694,0.95,1.3
45,6,-0.012,-0.391,0.063,0.694,1,1.0,-0.02,-0.197,0.077,0.419,0.95,1.3
45,7,-0.02,-0.197,0.077,0.419,1,1.0,-0.024,-0.002,0.085,0.15,0.95,1.3
45,8,-0.024,-0.002,0.085,0.15,1,1.0,-0.024,0.191,0.088,-0.116,0.95,1.3
45,9,-0.024,0.191,0.088,-0.116,1,1.0,-0.02,0.385,0.086,-0.381,0.95,1.3
45,10,-0.02,0.385,0.086,-0.381,1,1.0,-0.012,0.579,0.078,-0.647,0.95,1.3
45,11,-0.012,0.579,0.078,-0.647,1,1.0,-0.001,0.773,0.065,-0.916,0.95,1.3
45,12,-0.001,0.773,0.065,-0.916,0,1.0,0.015,0.577,0.047,-0.6,0.95,1.3
45,13,0.015,0.577,0.047,-0.6,1,1.0,0.026,0.772,0.035,-0.881,0.95,1.3
45,14,0.026,0.772,0.035,-0.881,0,1.0,0.042,0.576,0.017,-0.573,0.95,1.3
45,15,0.042,0.576,0.017,-0.573,0,1.0,0.053,0.38,0.006,-0.27,0.95,1.3
45,16,0.053,0.38,0.006,-0.27,0,1.0,0.061,0.185,0.0,0.029,0.95,1.3
45,17,0.061,0.185,0.0,0.029,0,1.0,0.065,-0.011,0.001,0.327,0.95,1.3
45,18,0.065,-0.011,0.001,0.327,0,1.0,0.064,-0.206,0.007,0.625,0.95,1.3
45,19,0.064,-0.206,0.007,0.625,1,1.0,0.06,-0.011,0.02,0.33,0.95,1.3
45,20,0.06,-0.011,0.02,0.33,1,1.0,0.06,0.184,0.026,0.039,0.95,1.3
45,21,0.06,0.184,0.026,0.039,1,1.0,0.064,0.379,0.027,-0.25,0.95,1.3
45,22,0.064,0.379,0.027,-0.25,1,1.0,0.071,0.574,0.022,-0.539,0.95,1.3
45,23,0.071,0.574,0.022,-0.539,0,1.0,0.083,0.379,0.011,-0.234,0.95,1.3
45,24,0.083,0.379,0.011,-0.234,1,1.0,0.09,0.574,0.007,-0.528,0.95,1.3
45,25,0.09,0.574,0.007,-0.528,0,1.0,0.102,0.378,-0.004,-0.228,0.95,1.3
45,26,0.102,0.378,-0.004,-0.228,0,1.0,0.109,0.183,-0.008,0.068,0.95,1.3
45,27,0.109,0.183,-0.008,0.068,1,1.0,0.113,0.378,-0.007,-0.232,0.95,1.3
45,28,0.113,0.378,-0.007,-0.232,1,1.0,0.121,0.574,-0.012,-0.532,0.95,1.3
45,29,0.121,0.574,-0.012,-0.532,1,1.0,0.132,0.769,-0.022,-0.833,0.95,1.3
45,30,0.132,0.769,-0.022,-0.833,0,1.0,0.147,0.574,-0.039,-0.543,0.95,1.3
45,31,0.147,0.574,-0.039,-0.543,0,1.0,0.159,0.38,-0.05,-0.259,0.95,1.3
45,32,0.159,0.38,-0.05,-0.259,0,1.0,0.167,0.185,-0.055,0.021,0.95,1.3
45,33,0.167,0.185,-0.055,0.021,1,1.0,0.17,0.381,-0.055,-0.292,0.95,1.3
45,34,0.17,0.381,-0.055,-0.292,0,1.0,0.178,0.187,-0.06,-0.014,0.95,1.3
45,35,0.178,0.187,-0.06,-0.014,0,1.0,0.182,-0.008,-0.061,0.262,0.95,1.3
45,36,0.182,-0.008,-0.061,0.262,1,1.0,0.181,0.188,-0.055,-0.052,0.95,1.3
45,37,0.181,0.188,-0.055,-0.052,1,1.0,0.185,0.385,-0.056,-0.365,0.95,1.3
45,38,0.185,0.385,-0.056,-0.365,1,1.0,0.193,0.581,-0.064,-0.679,0.95,1.3
45,39,0.193,0.581,-0.064,-0.679,1,1.0,0.205,0.777,-0.077,-0.994,0.95,1.3
45,40,0.205,0.777,-0.077,-0.994,0,1.0,0.22,0.583,-0.097,-0.725,0.95,1.3
45,41,0.22,0.583,-0.097,-0.725,1,1.0,0.232,0.779,-0.112,-1.047,0.95,1.3
45,42,0.232,0.779,-0.112,-1.047,0,1.0,0.247,0.585,-0.133,-0.792,0.95,1.3
45,43,0.247,0.585,-0.133,-0.792,1,1.0,0.259,0.782,-0.148,-1.119,0.95,1.3
45,44,0.259,0.782,-0.148,-1.119,0,1.0,0.275,0.589,-0.171,-0.881,0.95,1.3
45,45,0.275,0.589,-0.171,-0.881,1,1.0,0.286,0.786,-0.188,-1.212,0.95,1.3
45,46,0.286,0.786,-0.188,-1.212,0,1.0,0.302,0.594,-0.213,-0.993,0.95,1.3
46,0,0.041,-0.042,-0.023,0.012,1,1.0,0.04,0.2,-0.022,-1.323,0.7,0.2
46,1,0.04,0.2,-0.022,-1.323,0,1.0,0.044,-0.039,-0.049,-0.051,0.7,0.2
46,2,0.044,-0.039,-0.049,-0.051,1,1.0,0.043,0.205,-0.05,-1.42,0.7,0.2
46,3,0.043,0.205,-0.05,-1.42,0,1.0,0.047,-0.033,-0.078,-0.189,0.7,0.2
46,4,0.047,-0.033,-0.078,-0.189,1,1.0,0.046,0.212,-0.082,-1.592,0.7,0.2
46,5,0.046,0.212,-0.082,-1.592,0,1.0,0.051,-0.023,-0.114,-0.413,0.7,0.2
46,6,0.051,-0.023,-0.114,-0.413,1,1.0,0.05,0.223,-0.122,-1.852,0.7,0.2
46,7,0.05,0.223,-0.122,-1.852,0,1.0,0.055,-0.009,-0.159,-0.741,0.7,0.2
46,8,0.055,-0.009,-0.159,-0.741,1,1.0,0.054,0.239,-0.174,-2.218,0.7,0.2
46,9,0.054,0.239,-0.174,-2.218,0,1.0,0.059,0.011,-0.218,-1.199,0.7,0.2
47,0,0.024,0.025,-0.003,-0.04,1,1.0,0.025,0.221,-0.004,-0.342,0.14,0.0
47,1,0.025,0.221,-0.004,-0.342,0,1.0,0.029,0.025,-0.011,-0.042,0.14,0.0
47,2,0.029,0.025,-0.011,-0.042,1,1.0,0.03,0.221,-0.012,-0.347,0.14,0.0
47,3,0.03,0.221,-0.012,-0.347,0,1.0,0.034,0.026,-0.019,-0.05,0.14,0.0
47,4,0.034,0.026,-0.019,-0.05,0,1.0,0.035,-0.169,-0.02,0.246,0.14,0.0
47,5,0.035,-0.169,-0.02,0.246,0,1.0,0.031,-0.365,-0.015,0.541,0.14,0.0
47,6,0.031,-0.365,-0.015,0.541,0,1.0,0.024,-0.56,-0.004,0.837,0.14,0.0
47,7,0.024,-0.56,-0.004,0.837,0,1.0,0.013,-0.755,0.013,1.137,0.14,0.0
47,8,0.013,-0.755,0.013,1.137,1,1.0,-0.002,-0.56,0.035,0.84,0.14,0.0
47,9,-0.002,-0.56,0.035,0.84,0,1.0,-0.014,-0.756,0.052,1.153,0.14,0.0
47,10,-0.014,-0.756,0.052,1.153,1,1.0,-0.029,-0.561,0.075,0.868,0.14,0.0
47,11,-0.029,-0.561,0.075,0.868,0,1.0,-0.04,-0.758,0.093,1.193,0.14,0.0
47,12,-0.04,-0.758,0.093,1.193,0,1.0,-0.055,-0.954,0.116,1.523,0.14,0.0
47,13,-0.055,-0.954,0.116,1.523,0,1.0,-0.074,-1.151,0.147,1.859,0.14,0.0
47,14,-0.074,-1.151,0.147,1.859,1,1.0,-0.097,-0.958,0.184,1.608,0.14,0.0
47,15,-0.097,-0.958,0.184,1.608,0,1.0,-0.116,-1.155,0.216,1.962,0.14,0.0
48,0,-0.011,0.01,0.001,0.019,0,1.0,-0.011,-0.191,0.002,0.438,0.51,0.5
48,1,-0.011,-0.191,0.002,0.438,1,1.0,-0.015,0.01,0.011,0.021,0.51,0.5
48,2,-0.015,0.01,0.011,0.021,0,1.0,-0.015,-0.192,0.011,0.444,0.51,0.5
48,3,-0.015,-0.192,0.011,0.444,0,1.0,-0.019,-0.393,0.02,0.867,0.51,0.5
48,4,-0.019,-0.393,0.02,0.867,1,1.0,-0.026,-0.192,0.037,0.458,0.51,0.5
48,5,-0.026,-0.192,0.037,0.458,0,1.0,-0.03,-0.394,0.046,0.892,0.51,0.5
48,6,-0.03,-0.394,0.046,0.892,0,1.0,-0.038,-0.595,0.064,1.33,0.51,0.5
48,7,-0.038,-0.595,0.064,1.33,0,1.0,-0.05,-0.797,0.091,1.775,0.51,0.5
48,8,-0.05,-0.797,0.091,1.775,1,1.0,-0.066,-0.598,0.126,1.4,0.51,0.5
48,9,-0.066,-0.598,0.126,1.4,1,1.0,-0.078,-0.4,0.154,1.045,0.51,0.5
48,10,-0.078,-0.4,0.154,1.045,0,1.0,-0.086,-0.603,0.175,1.521,0.51,0.5
48,11,-0.086,-0.603,0.175,1.521,0,1.0,-0.098,-0.806,0.206,2.002,0.51,0.5
48,12,-0.098,-0.806,0.206,2.002,0,1.0,-0.114,-1.009,0.246,2.491,0.51,0.5
49,0,-0.014,0.009,-0.011,0.012,0,1.0,-0.014,-0.178,-0.011,0.135,0.23,1.3
49,1,-0.014,-0.178,-0.011,0.135,1,1.0,-0.017,0.009,-0.008,0.01,0.23,1.3
49,2,-0.017,0.009,-0.008,0.01,0,1.0,-0.017,-0.178,-0.008,0.133,0.23,1.3
49,3,-0.017,-0.178,-0.008,0.133,1,1.0,-0.02,0.01,-0.005,0.007,0.23,1.3
49,4,-0.02,0.01,-0.005,0.007,1,1.0,-0.02,0.197,-0.005,-0.118,0.23,1.3
49,5,-0.02,0.197,-0.005,-0.118,1,1.0,-0.016,0.385,-0.007,-0.243,0.23,1.3
49,6,-0.016,0.385,-0.007,-0.243,0,1.0,-0.009,0.197,-0.012,-0.119,0.23,1.3
49,7,-0.009,0.197,-0.012,-0.119,1,1.0,-0.005,0.385,-0.014,-0.245,0.23,1.3
49,8,-0.005,0.385,-0.014,-0.245,0,1.0,0.003,0.197,-0.019,-0.123,0.23,1.3
49,9,0.003,0.197,-0.019,-0.123,0,1.0,0.007,0.01,-0.022,-0.001,0.23,1.3
49,10,0.007,0.01,-0.022,-0.001,0,1.0,0.007,-0.177,-0.022,0.12,0.23,1.3
49,11,0.007,-0.177,-0.022,0.12,1,1.0,0.004,0.01,-0.019,-0.007,0.23,1.3
49,12,0.004,0.01,-0.019,-0.007,0,1.0,0.004,-0.177,-0.02,0.115,0.23,1.3
49,13,0.004,-0.177,-0.02,0.115,1,1.0,0.0,0.01,-0.017,-0.012,0.23,1.3
49,14,0.0,0.01,-0.017,-0.012,1,1.0,0.0,0.198,-0.018,-0.139,0.23,1.3
49,15,0.0,0.198,-0.018,-0.139,1,1.0,0.004,0.386,-0.02,-0.266,0.23,1.3
49,16,0.004,0.386,-0.02,-0.266,0,1.0,0.012,0.198,-0.026,-0.144,0.23,1.3
49,17,0.012,0.198,-0.026,-0.144,0,1.0,0.016,0.011,-0.028,-0.023,0.23,1.3
49,18,0.016,0.011,-0.028,-0.023,0,1.0,0.016,-0.176,-0.029,0.098,0.23,1.3
49,19,0.016,-0.176,-0.029,0.098,1,1.0,0.013,0.011,-0.027,-0.031,0.23,1.3
49,20,0.013,0.011,-0.027,-0.031,0,1.0,0.013,-0.176,-0.028,0.09,0.23,1.3
49,21,0.013,-0.176,-0.028,0.09,0,1.0,0.009,-0.363,-0.026,0.211,0.23,1.3
49,22,0.009,-0.363,-0.026,0.211,0,1.0,0.002,-0.551,-0.022,0.332,0.23,1.3
49,23,0.002,-0.551,-0.022,0.332,1,1.0,-0.009,-0.363,-0.015,0.204,0.23,1.3
49,24,-0.009,-0.363,-0.015,0.204,1,1.0,-0.016,-0.175,-0.011,0.078,0.23,1.3
49,25,-0.016,-0.175,-0.011,0.078,0,1.0,-0.02,-0.363,-0.009,0.201,0.23,1.3
49,26,-0.02,-0.363,-0.009,0.201,0,1.0,-0.027,-0.55,-0.005,0.324,0.23,1.3
49,27,-0.027,-0.55,-0.005,0.324,0,1.0,-0.038,-0.738,0.001,0.448,0.23,1.3
49,28,-0.038,-0.738,0.001,0.448,1,1.0,-0.053,-0.55,0.01,0.323,0.23,1.3
49,29,-0.053,-0.55,0.01,0.323,1,1.0,-0.064,-0.363,0.017,0.2,0.23,1.3
49,30,-0.064,-0.363,0.017,0.2,1,1.0,-0.071,-0.175,0.021,0.078,0.23,1.3
49,31,-0.071,-0.175,0.021,0.078,0,1.0,-0.074,-0.363,0.022,0.205,0.23,1.3
49,32,-0.074,-0.363,0.022,0.205,1,1.0,-0.082,-0.176,0.026,0.084,0.23,1.3
49,33,-0.082,-0.176,0.026,0.084,0,1.0,-0.085,-0.363,0.028,0.212,0.23,1.3
49,34,-0.085,-0.363,0.028,0.212,1,1.0,-0.092,-0.176,0.032,0.091,0.23,1.3
49,35,-0.092,-0.176,0.032,0.091,1,1.0,-0.096,0.011,0.034,-0.029,0.23,1.3
49,36,-0.096,0.011,0.034,-0.029,1,1.0,-0.096,0.198,0.033,-0.148,0.23,1.3
49,37,-0.096,0.198,0.033,-0.148,0,1.0,-0.092,0.011,0.031,-0.02,0.23,1.3
49,38,-0.092,0.011,0.031,-0.02,1,1.0,-0.092,0.198,0.03,-0.14,0.23,1.3
49,39,-0.092,0.198,0.03,-0.14,1,1.0,-0.088,0.385,0.027,-0.26,0.23,1.3
49,40,-0.088,0.385,0.027,-0.26,1,1.0,-0.08,0.573,0.022,-0.381,0.23,1.3
49,41,-0.08,0.573,0.022,-0.381,1,1.0,-0.068,0.76,0.014,-0.502,0.23,1.3
49,42,-0.068,0.76,0.014,-0.502,1,1.0,-0.053,0.947,0.004,-0.625,0.23,1.3
49,43,-0.053,0.947,0.004,-0.625,0,1.0,-0.034,0.76,-0.008,-0.5,0.23,1.3
49,44,-0.034,0.76,-0.008,-0.5,1,1.0,-0.019,0.947,-0.018,-0.625,0.23,1.3
49,45,-0.019,0.947,-0.018,-0.625,1,1.0,-0.0,1.135,-0.031,-0.752,0.23,1.3
49,46,-0.0,1.135,-0.031,-0.752,1,1.0,0.023,1.323,-0.046,-0.88,0.23,1.3
49,47,0.023,1.323,-0.046,-0.88,1,1.0,0.049,1.51,-0.063,-1.011,0.23,1.3
49,48,0.049,1.51,-0.063,-1.011,0,1.0,0.079,1.323,-0.083,-0.895,0.23,1.3
49,49,0.079,1.323,-0.083,-0.895,0,1.0,0.106,1.136,-0.101,-0.782,0.23,1.3
49,50,0.106,1.136,-0.101,-0.782,1,1.0,0.128,1.324,-0.117,-0.919,0.23,1.3
49,51,0.128,1.324,-0.117,-0.919,1,1.0,0.155,1.512,-0.135,-1.058,0.23,1.3
49,52,0.155,1.512,-0.135,-1.058,0,1.0,0.185,1.325,-0.156,-0.953,0.23,1.3
49,53,0.185,1.325,-0.156,-0.953,1,1.0,0.212,1.514,-0.176,-1.096,0.23,1.3
49,54,0.212,1.514,-0.176,-1.096,0,1.0,0.242,1.327,-0.197,-0.998,0.23,1.3
49,55,0.242,1.327,-0.197,-0.998,0,1.0,0.269,1.141,-0.217,-0.903,0.23,1.3
50,0,0.029,0.033,0.005,0.047,1,1.0,0.029,0.224,0.006,-0.136,0.69,1.4
50,1,0.029,0.224,0.006,-0.136,0,1.0,0.034,0.033,0.003,0.049,0.69,1.4
50,2,0.034,0.033,0.003,0.049,0,1.0,0.035,-0.157,0.004,0.234,0.69,1.4
50,3,0.035,-0.157,0.004,0.234,1,1.0,0.031,0.033,0.009,0.051,0.69,1.4
50,4,0.031,0.033,0.009,0.051,1,1.0,0.032,0.223,0.01,-0.131,0.69,1.4
50,5,0.032,0.223,0.01,-0.131,0,1.0,0.037,0.033,0.007,0.054,0.69,1.4
50,6,0.037,0.033,0.007,0.054,0,1.0,0.037,-0.157,0.008,0.24,0.69,1.4
50,7,0.037,-0.157,0.008,0.24,1,1.0,0.034,0.033,0.013,0.057,0.69,1.4
50,8,0.034,0.033,0.013,0.057,1,1.0,0.035,0.223,0.014,-0.124,0.69,1.4
50,9,0.035,0.223,0.014,-0.124,0,1.0,0.039,0.033,0.012,0.063,0.69,1.4
50,10,0.039,0.033,0.012,0.063,0,1.0,0.04,-0.158,0.013,0.249,0.69,1.4
50,11,0.04,-0.158,0.013,0.249,0,1.0,0.037,-0.348,0.018,0.436,0.69,1.4
50,12,0.037,-0.348,0.018,0.436,1,1.0,0.03,-0.158,0.027,0.255,0.69,1.4
50,13,0.03,-0.158,0.027,0.255,1,1.0,0.027,0.032,0.032,0.077,0.69,1.4
50,14,0.027,0.032,0.032,0.077,0,1.0,0.027,-0.158,0.033,0.267,0.69,1.4
50,15,0.027,-0.158,0.033,0.267,0,1.0,0.024,-0.349,0.039,0.457,0.69,1.4
50,16,0.024,-0.349,0.039,0.457,1,1.0,0.017,-0.159,0.048,0.281,0.69,1.4
50,17,0.017,-0.159,0.048,0.281,0,1.0,0.014,-0.35,0.053,0.474,0.69,1.4
50,18,0.014,-0.35,0.053,0.474,1,1.0,0.007,-0.16,0.063,0.301,0.69,1.4
50,19,0.007,-0.16,0.063,0.301,1,1.0,0.004,0.03,0.069,0.131,0.69,1.4
50,20,0.004,0.03,0.069,0.131,0,1.0,0.004,-0.161,0.071,0.327,0.69,1.4
50,21,0.004,-0.161,0.071,0.327,0,1.0,0.001,-0.352,0.078,0.524,0.69,1.4
50,22,0.001,-0.352,0.078,0.524,1,1.0,-0.006,-0.162,0.088,0.357,0.69,1.4
50,23,-0.006,-0.162,0.088,0.357,1,1.0,-0.009,0.027,0.096,0.192,0.69,1.4
50,24,-0.009,0.027,0.096,0.192,1,1.0,-0.009,0.216,0.099,0.029,0.69,1.4
50,25,-0.009,0.216,0.099,0.029,1,1.0,-0.004,0.405,0.1,-0.133,0.69,1.4
50,26,-0.004,0.405,0.1,-0.133,1,1.0,0.004,0.594,0.097,-0.295,0.69,1.4
50,27,0.004,0.594,0.097,-0.295,0,1.0,0.016,0.403,0.091,-0.094,0.69,1.4
50,28,0.016,0.403,0.091,-0.094,1,1.0,0.024,0.593,0.09,-0.258,0.69,1.4
50,29,0.024,0.593,0.09,-0.258,1,1.0,0.036,0.782,0.084,-0.422,0.69,1.4
50,30,0.036,0.782,0.084,-0.422,0,1.0,0.051,0.591,0.076,-0.223,0.69,1.4
50,31,0.051,0.591,0.076,-0.223,1,1.0,0.063,0.781,0.071,-0.391,0.69,1.4
50,32,0.063,0.781,0.071,-0.391,1,1.0,0.079,0.97,0.064,-0.559,0.69,1.4
50,33,0.079,0.97,0.064,-0.559,1,1.0,0.098,1.16,0.052,-0.73,0.69,1.4
50,34,0.098,1.16,0.052,-0.73,0,1.0,0.121,0.969,0.038,-0.536,0.69,1.4
50,35,0.121,0.969,0.038,-0.536,0,1.0,0.141,0.778,0.027,-0.345,0.69,1.4
50,36,0.141,0.778,0.027,-0.345,1,1.0,0.156,0.968,0.02,-0.524,0.69,1.4
50,37,0.156,0.968,0.02,-0.524,0,1.0,0.176,0.778,0.01,-0.336,0.69,1.4
50,38,0.176,0.778,0.01,-0.336,1,1.0,0.191,0.968,0.003,-0.518,0.69,1.4
50,39,0.191,0.968,0.003,-0.518,1,1.0,0.21,1.158,-0.007,-0.701,0.69,1.4
50,40,0.21,1.158,-0.007,-0.701,0,1.0,0.234,0.968,-0.021,-0.519,0.69,1.4
50,41,0.234,0.968,-0.021,-0.519,1,1.0,0.253,1.159,-0.032,-0.707,0.69,1.4
50,42,0.253,1.159,-0.032,-0.707,0,1.0,0.276,0.969,-0.046,-0.529,0.69,1.4
50,43,0.276,0.969,-0.046,-0.529,0,1.0,0.296,0.779,-0.056,-0.355,0.69,1.4
50,44,0.296,0.779,-0.056,-0.355,0,1.0,0.311,0.589,-0.063,-0.183,0.69,1.4
50,45,0.311,0.589,-0.063,-0.183,1,1.0,0.323,0.78,-0.067,-0.378,0.69,1.4
50,46,0.323,0.78,-0.067,-0.378,1,1.0,0.338,0.971,-0.075,-0.574,0.69,1.4
50,47,0.338,0.971,-0.075,-0.574,0,1.0,0.358,0.781,-0.086,-0.406,0.69,1.4
50,48,0.358,0.781,-0.086,-0.406,1,1.0,0.374,0.972,-0.094,-0.605,0.69,1.4
50,49,0.374,0.972,-0.094,-0.605,0,1.0,0.393,0.783,-0.106,-0.442,0.69,1.4
50,50,0.393,0.783,-0.106,-0.442,0,1.0,0.409,0.594,-0.115,-0.282,0.69,1.4
50,51,0.409,0.594,-0.115,-0.282,0,1.0,0.42,0.405,-0.121,-0.124,0.69,1.4
50,52,0.42,0.405,-0.121,-0.124,1,1.0,0.429,0.596,-0.123,-0.328,0.69,1.4
50,53,0.429,0.596,-0.123,-0.328,1,1.0,0.44,0.787,-0.13,-0.532,0.69,1.4
50,54,0.44,0.787,-0.13,-0.532,0,1.0,0.456,0.598,-0.141,-0.378,0.69,1.4
50,55,0.456,0.598,-0.141,-0.378,1,1.0,0.468,0.789,-0.148,-0.584,0.69,1.4
50,56,0.468,0.789,-0.148,-0.584,1,1.0,0.484,0.98,-0.16,-0.791,0.69,1.4
50,57,0.484,0.98,-0.16,-0.791,1,1.0,0.504,1.171,-0.176,-0.999,0.69,1.4
50,58,0.504,1.171,-0.176,-0.999,0,1.0,0.527,0.983,-0.196,-0.857,0.69,1.4
50,59,0.527,0.983,-0.196,-0.857,0,1.0,0.547,0.795,-0.213,-0.719,0.69,1.4
51,0,0.044,-0.019,-0.025,-0.028,1,1.0,0.044,0.173,-0.025,-0.259,0.58,1.0
51,1,0.044,0.173,-0.025,-0.259,0,1.0,0.047,-0.019,-0.03,-0.04,0.58,1.0
51,2,0.047,-0.019,-0.03,-0.04,0,1.0,0.047,-0.21,-0.031,0.178,0.58,1.0
51,3,0.047,-0.21,-0.031,0.178,1,1.0,0.043,-0.018,-0.027,-0.055,0.58,1.0
51,4,0.043,-0.018,-0.027,-0.055,1,1.0,0.042,0.174,-0.029,-0.287,0.58,1.0
51,5,0.042,0.174,-0.029,-0.287,0,1.0,0.046,-0.017,-0.034,-0.068,0.58,1.0
51,6,0.046,-0.017,-0.034,-0.068,1,1.0,0.046,0.175,-0.036,-0.302,0.58,1.0
51,7,0.046,0.175,-0.036,-0.302,0,1.0,0.049,-0.017,-0.042,-0.085,0.58,1.0
51,8,0.049,-0.017,-0.042,-0.085,0,1.0,0.049,-0.208,-0.043,0.13,0.58,1.0
51,9,0.049,-0.208,-0.043,0.13,0,1.0,0.045,-0.4,-0.041,0.344,0.58,1.0
51,10,0.045,-0.4,-0.041,0.344,0,1.0,0.037,-0.591,-0.034,0.559,0.58,1.0
51,11,0.037,-0.591,-0.034,0.559,0,1.0,0.025,-0.783,-0.023,0.776,0.58,1.0
51,12,0.025,-0.783,-0.023,0.776,0,1.0,0.009,-0.975,-0.007,0.996,0.58,1.0
51,13,0.009,-0.975,-0.007,0.996,0,1.0,-0.01,-1.167,0.013,1.22,0.58,1.0
51,14,-0.01,-1.167,0.013,1.22,0,1.0,-0.034,-1.359,0.037,1.449,0.58,1.0
51,15,-0.034,-1.359,0.037,1.449,1,1.0,-0.061,-1.167,0.066,1.232,0.58,1.0
51,16,-0.061,-1.167,0.066,1.232,1,1.0,-0.084,-0.976,0.091,1.024,0.58,1.0
51,17,-0.084,-0.976,0.091,1.024,0,1.0,-0.104,-1.169,0.111,1.269,0.58,1.0
51,18,-0.104,-1.169,0.111,1.269,1,1.0,-0.127,-0.978,0.137,1.073,0.58,1.0
51,19,-0.127,-0.978,0.137,1.073,1,1.0,-0.147,-0.788,0.158,0.885,0.58,1.0
51,20,-0.147,-0.788,0.158,0.885,1,1.0,-0.163,-0.598,0.176,0.703,0.58,1.0
51,21,-0.163,-0.598,0.176,0.703,0,1.0,-0.175,-0.791,0.19,0.963,0.58,1.0
51,22,-0.175,-0.791,0.19,0.963,1,1.0,-0.19,-0.601,0.209,0.791,0.58,1.0
51,23,-0.19,-0.601,0.209,0.791,1,1.0,-0.202,-0.412,0.225,0.625,0.58,1.0
52,0,0.012,0.007,0.002,-0.049,1,1.0,0.012,0.205,0.001,-0.407,0.07,0.4
52,1,0.012,0.205,0.001,-0.407,0,1.0,0.016,0.007,-0.007,-0.048,0.07,0.4
52,2,0.016,0.007,-0.007,-0.048,0,1.0,0.016,-0.191,-0.008,0.307,0.07,0.4
52,3,0.016,-0.191,-0.008,0.307,1,1.0,0.012,0.008,-0.002,-0.054,0.07,0.4
52,4,0.012,0.008,-0.002,-0.054,1,1.0,0.012,0.206,-0.003,-0.413,0.07,0.4
52,5,0.012,0.206,-0.003,-0.413,0,1.0,0.016,0.008,-0.011,-0.056,0.07,0.4
52,6,0.016,0.008,-0.011,-0.056,1,1.0,0.017,0.206,-0.012,-0.418,0.07,0.4
52,7,0.017,0.206,-0.012,-0.418,1,1.0,0.021,0.404,-0.021,-0.781,0.07,0.4
52,8,0.021,0.404,-0.021,-0.781,1,1.0,0.029,0.603,-0.036,-1.147,0.07,0.4
52,9,0.029,0.603,-0.036,-1.147,0,1.0,0.041,0.405,-0.059,-0.803,0.07,0.4
52,10,0.041,0.405,-0.059,-0.803,0,1.0,0.049,0.208,-0.075,-0.469,0.07,0.4
52,11,0.049,0.208,-0.075,-0.469,0,1.0,0.053,0.012,-0.085,-0.141,0.07,0.4
52,12,0.053,0.012,-0.085,-0.141,1,1.0,0.053,0.211,-0.088,-0.53,0.07,0.4
52,13,0.053,0.211,-0.088,-0.53,1,1.0,0.058,0.41,-0.098,-0.921,0.07,0.4
52,14,0.058,0.41,-0.098,-0.921,1,1.0,0.066,0.61,-0.117,-1.314,0.07,0.4
52,15,0.066,0.61,-0.117,-1.314,1,1.0,0.078,0.81,-0.143,-1.714,0.07,0.4
52,16,0.078,0.81,-0.143,-1.714,1,1.0,0.094,1.01,-0.177,-2.122,0.07,0.4
52,17,0.094,1.01,-0.177,-2.122,1,1.0,0.114,1.209,-0.22,-2.541,0.07,0.4
53,0,-0.049,0.022,-0.017,0.043,1,1.0,-0.048,0.225,-0.016,-0.421,0.84,0.7
53,1,-0.048,0.225,-0.016,-0.421,1,1.0,-0.044,0.428,-0.024,-0.884,0.84,0.7
53,2,-0.044,0.428,-0.024,-0.884,0,1.0,-0.035,0.226,-0.042,-0.441,0.84,0.7
53,3,-0.035,0.226,-0.042,-0.441,0,1.0,-0.031,0.024,-0.051,-0.007,0.84,0.7
53,4,-0.031,0.024,-0.051,-0.007,1,1.0,-0.03,0.228,-0.051,-0.486,0.84,0.7
53,5,-0.03,0.228,-0.051,-0.486,0,1.0,-0.026,0.026,-0.061,-0.057,0.84,0.7
53,6,-0.026,0.026,-0.061,-0.057,1,1.0,-0.025,0.23,-0.062,-0.539,0.84,0.7
53,7,-0.025,0.23,-0.062,-0.539,1,1.0,-0.021,0.434,-0.073,-1.022,0.84,0.7
53,8,-0.021,0.434,-0.073,-1.022,1,1.0,-0.012,0.638,-0.093,-1.509,0.84,0.7
53,9,-0.012,0.638,-0.093,-1.509,0,1.0,0.001,0.437,-0.123,-1.105,0.84,0.7
53,10,0.001,0.437,-0.123,-1.105,1,1.0,0.009,0.642,-0.145,-1.608,0.84,0.7
53,11,0.009,0.642,-0.145,-1.608,1,1.0,0.022,0.846,-0.178,-2.115,0.84,0.7
53,12,0.022,0.846,-0.178,-2.115,0,1.0,0.039,0.648,-0.22,-1.766,0.84,0.7
54,0,-0.028,0.002,-0.042,0.008,0,1.0,-0.028,-0.195,-0.042,0.34,0.03,0.4
54,1,-0.028,-0.195,-0.042,0.34,1,1.0,-0.032,0.003,-0.035,-0.024,0.03,0.4
54,2,-0.032,0.003,-0.035,-0.024,0,1.0,-0.032,-0.194,-0.036,0.311,0.03,0.4
54,3,-0.032,-0.194,-0.036,0.311,1,1.0,-0.035,0.004,-0.029,-0.05,0.03,0.4
54,4,-0.035,0.004,-0.029,-0.05,1,1.0,-0.035,0.203,-0.03,-0.409,0.03,0.4
54,5,-0.035,0.203,-0.03,-0.409,0,1.0,-0.031,0.005,-0.039,-0.073,0.03,0.4
54,6,-0.031,0.005,-0.039,-0.073,1,1.0,-0.031,0.204,-0.04,-0.435,0.03,0.4
54,7,-0.031,0.204,-0.04,-0.435,0,1.0,-0.027,0.007,-0.049,-0.102,0.03,0.4
54,8,-0.027,0.007,-0.049,-0.102,1,1.0,-0.027,0.205,-0.051,-0.468,0.03,0.4
54,9,-0.027,0.205,-0.051,-0.468,0,1.0,-0.023,0.009,-0.06,-0.139,0.03,0.4
54,10,-0.023,0.009,-0.06,-0.139,0,1.0,-0.023,-0.188,-0.063,0.186,0.03,0.4
54,11,-0.023,-0.188,-0.063,0.186,1,1.0,-0.026,0.011,-0.059,-0.185,0.03,0.4
54,12,-0.026,0.011,-0.059,-0.185,1,1.0,-0.026,0.209,-0.063,-0.555,0.03,0.4
54,13,-0.026,0.209,-0.063,-0.555,1,1.0,-0.022,0.408,-0.074,-0.926,0.03,0.4
54,14,-0.022,0.408,-0.074,-0.926,0,1.0,-0.014,0.211,-0.092,-0.606,0.03,0.4
54,15,-0.014,0.211,-0.092,-0.606,0,1.0,-0.01,0.015,-0.105,-0.294,0.03,0.4
54,16,-0.01,0.015,-0.105,-0.294,1,1.0,-0.009,0.215,-0.11,-0.68,0.03,0.4
54,17,-0.009,0.215,-0.11,-0.68,1,1.0,-0.005,0.414,-0.124,-1.067,0.03,0.4
54,18,-0.005,0.414,-0.124,-1.067,0,1.0,0.003,0.219,-0.145,-0.768,0.03,0.4
54,19,0.003,0.219,-0.145,-0.768,0,1.0,0.008,0.024,-0.161,-0.478,0.03,0.4
54,20,0.008,0.024,-0.161,-0.478,1,1.0,0.008,0.223,-0.17,-0.881,0.03,0.4
54,21,0.008,0.223,-0.17,-0.881,1,1.0,0.013,0.423,-0.188,-1.287,0.03,0.4
54,22,0.013,0.423,-0.188,-1.287,1,1.0,0.021,0.623,-0.214,-1.698,0.03,0.4
55,0,0.033,0.037,-0.028,-0.027,1,1.0,0.034,0.227,-0.029,-0.208,0.33,1.0
55,1,0.034,0.227,-0.029,-0.208,1,1.0,0.039,0.417,-0.033,-0.389,0.33,1.0
55,2,0.039,0.417,-0.033,-0.389,1,1.0,0.047,0.607,-0.041,-0.571,0.33,1.0
55,3,0.047,0.607,-0.041,-0.571,1,1.0,0.059,0.797,-0.052,-0.755,0.33,1.0
55,4,0.059,0.797,-0.052,-0.755,1,1.0,0.075,0.988,-0.067,-0.94,0.33,1.0
55,5,0.075,0.988,-0.067,-0.94,1,1.0,0.095,1.178,-0.086,-1.128,0.33,1.0
55,6,0.095,1.178,-0.086,-1.128,0,1.0,0.118,0.989,-0.109,-0.97,0.33,1.0
55,7,0.118,0.989,-0.109,-0.97,0,1.0,0.138,0.8,-0.128,-0.816,0.33,1.0
55,8,0.138,0.8,-0.128,-0.816,0,1.0,0.154,0.611,-0.144,-0.666,0.33,1.0
55,9,0.154,0.611,-0.144,-0.666,1,1.0,0.166,0.802,-0.158,-0.866,0.33,1.0
55,10,0.166,0.802,-0.158,-0.866,0,1.0,0.182,0.614,-0.175,-0.723,0.33,1.0
55,11,0.182,0.614,-0.175,-0.723,0,1.0,0.195,0.426,-0.189,-0.584,0.33,1.0
55,12,0.195,0.426,-0.189,-0.584,0,1.0,0.203,0.238,-0.201,-0.448,0.33,1.0
55,13,0.203,0.238,-0.201,-0.448,0,1.0,0.208,0.05,-0.21,-0.315,0.33,1.0
56,0,0.023,-0.048,0.048,0.022,1,1.0,0.022,0.143,0.049,-0.178,0.42,0.9
56,1,0.022,0.143,0.049,-0.178,1,1.0,0.024,0.334,0.045,-0.379,0.42,0.9
56,2,0.024,0.334,0.045,-0.379,1,1.0,0.031,0.525,0.037,-0.581,0.42,0.9
56,3,0.031,0.525,0.037,-0.581,0,1.0,0.042,0.333,0.026,-0.36,0.42,0.9
56,4,0.042,0.333,0.026,-0.36,0,1.0,0.048,0.141,0.019,-0.142,0.42,0.9
56,5,0.048,0.141,0.019,-0.142,1,1.0,0.051,0.332,0.016,-0.35,0.42,0.9
56,6,0.051,0.332,0.016,-0.35,0,1.0,0.058,0.141,0.009,-0.134,0.42,0.9
56,7,0.058,0.141,0.009,-0.134,1,1.0,0.061,0.332,0.006,-0.345,0.42,0.9
56,8,0.061,0.332,0.006,-0.345,0,1.0,0.067,0.14,-0.001,-0.131,0.42,0.9
56,9,0.067,0.14,-0.001,-0.131,0,1.0,0.07,-0.051,-0.003,0.081,0.42,0.9
56,10,0.07,-0.051,-0.003,0.081,1,1.0,0.069,0.141,-0.002,-0.132,0.42,0.9
56,11,0.069,0.141,-0.002,-0.132,1,1.0,0.072,0.332,-0.005,-0.345,0.42,0.9
56,12,0.072,0.332,-0.005,-0.345,0,1.0,0.078,0.141,-0.011,-0.133,0.42,0.9
56,13,0.078,0.141,-0.011,-0.133,1,1.0,0.081,0.332,-0.014,-0.348,0.42,0.9
56,14,0.081,0.332,-0.014,-0.348,1,1.0,0.088,0.524,-0.021,-0.564,0.42,0.9
56,15,0.088,0.524,-0.021,-0.564,1,1.0,0.098,0.715,-0.032,-0.781,0.42,0.9
56,16,0.098,0.715,-0.032,-0.781,1,1.0,0.113,0.907,-0.048,-1.0,0.42,0.9
56,17,0.113,0.907,-0.048,-1.0,1,1.0,0.131,1.099,-0.068,-1.223,0.42,0.9
56,18,0.131,1.099,-0.068,-1.223,1,1.0,0.153,1.291,-0.092,-1.45,0.42,0.9
56,19,0.153,1.291,-0.092,-1.45,1,1.0,0.179,1.483,-0.121,-1.681,0.42,0.9
56,20,0.179,1.483,-0.121,-1.681,0,1.0,0.208,1.293,-0.155,-1.499,0.42,0.9
56,21,0.208,1.293,-0.155,-1.499,0,1.0,0.234,1.103,-0.185,-1.326,0.42,0.9
56,22,0.234,1.103,-0.185,-1.326,1,1.0,0.256,1.296,-0.212,-1.573,0.42,0.9
57,0,0.018,-0.003,0.034,-0.016,1,1.0,0.018,0.183,0.034,-0.101,0.14,1.7
57,1,0.018,0.183,0.034,-0.101,1,1.0,0.022,0.368,0.032,-0.187,0.14,1.7
57,2,0.022,0.368,0.032,-0.187,1,1.0,0.029,0.554,0.028,-0.272,0.14,1.7
57,3,0.029,0.554,0.028,-0.272,0,1.0,0.04,0.368,0.023,-0.181,0.14,1.7
57,4,0.04,0.368,0.023,-0.181,0,1.0,0.048,0.182,0.019,-0.09,0.14,1.7
57,5,0.048,0.182,0.019,-0.09,0,1.0,0.051,-0.004,0.017,0.0,0.14,1.7
57,6,0.051,-0.004,0.017,0.0,0,1.0,0.051,-0.19,0.017,0.091,0.14,1.7
57,7,0.051,-0.19,0.017,0.091,1,1.0,0.048,-0.004,0.019,0.004,0.14,1.7
57,8,0.048,-0.004,0.019,0.004,0,1.0,0.047,-0.19,0.019,0.094,0.14,1.7
57,9,0.047,-0.19,0.019,0.094,1,1.0,0.044,-0.004,0.021,0.007,0.14,1.7
57,10,0.044,-0.004,0.021,0.007,1,1.0,0.044,0.182,0.021,-0.079,0.14,1.7
57,11,0.044,0.182,0.021,-0.079,0,1.0,0.047,-0.004,0.02,0.011,0.14,1.7
57,12,0.047,-0.004,0.02,0.011,1,1.0,0.047,0.181,0.02,-0.076,0.14,1.7
57,13,0.047,0.181,0.02,-0.076,1,1.0,0.051,0.367,0.018,-0.162,0.14,1.7
57,14,0.051,0.367,0.018,-0.162,0,1.0,0.058,0.181,0.015,-0.072,0.14,1.7
57,15,0.058,0.181,0.015,-0.072,0,1.0,0.062,-0.005,0.014,0.018,0.14,1.7
57,16,0.062,-0.005,0.014,0.018,1,1.0,0.062,0.181,0.014,-0.069,0.14,1.7
57,17,0.062,0.181,0.014,-0.069,0,1.0,0.065,-0.005,0.013,0.021,0.14,1.7
57,18,0.065,-0.005,0.013,0.021,1,1.0,0.065,0.181,0.013,-0.067,0.14,1.7
57,19,0.065,0.181,0.013,-0.067,0,1.0,0.069,-0.005,0.012,0.023,0.14,1.7
57,20,0.069,-0.005,0.012,0.023,0,1.0,0.069,-0.191,0.012,0.113,0.14,1.7
57,21,0.069,-0.191,0.012,0.113,1,1.0,0.065,-0.005,0.014,0.025,0.14,1.7
57,22,0.065,-0.005,0.014,0.025,0,1.0,0.065,-0.191,0.015,0.116,0.14,1.7
57,23,0.065,-0.191,0.015,0.116,0,1.0,0.061,-0.377,0.017,0.206,0.14,1.7
57,24,0.061,-0.377,0.017,0.206,0,1.0,0.053,-0.563,0.021,0.296,0.14,1.7
57,25,0.053,-0.563,0.021,0.296,0,1.0,0.042,-0.749,0.027,0.387,0.14,1.7
57,26,0.042,-0.749,0.027,0.387,0,1.0,0.027,-0.935,0.035,0.478,0.14,1.7
57,27,0.027,-0.935,0.035,0.478,1,1.0,0.008,-0.749,0.044,0.393,0.14,1.7
57,28,0.008,-0.749,0.044,0.393,0,1.0,-0.006,-0.935,0.052,0.485,0.14,1.7
57,29,-0.006,-0.935,0.052,0.485,0,1.0,-0.025,-1.121,0.062,0.579,0.14,1.7
57,30,-0.025,-1.121,0.062,0.579,0,1.0,-0.048,-1.307,0.074,0.673,0.14,1.7
57,31,-0.048,-1.307,0.074,0.673,0,1.0,-0.074,-1.493,0.087,0.769,0.14,1.7
57,32,-0.074,-1.493,0.087,0.769,0,1.0,-0.104,-1.679,0.102,0.865,0.14,1.7
57,33,-0.104,-1.679,0.102,0.865,0,1.0,-0.137,-1.866,0.12,0.963,0.14,1.7
57,34,-0.137,-1.866,0.12,0.963,0,1.0,-0.175,-2.052,0.139,1.062,0.14,1.7
57,35,-0.175,-2.052,0.139,1.062,0,1.0,-0.216,-2.238,0.16,1.163,0.14,1.7
57,36,-0.216,-2.238,0.16,1.163,0,1.0,-0.26,-2.424,0.184,1.266,0.14,1.7
57,37,-0.26,-2.424,0.184,1.266,1,1.0,-0.309,-2.239,0.209,1.196,0.14,1.7
57,38,-0.309,-2.239,0.209,1.196,1,1.0,-0.354,-2.054,0.233,1.129,0.14,1.7
58,0,-0.019,0.038,-0.026,-0.029,0,1.0,-0.018,-0.15,-0.026,0.106,0.36,1.3
58,1,-0.018,-0.15,-0.026,0.106,0,1.0,-0.021,-0.338,-0.024,0.241,0.36,1.3
58,2,-0.021,-0.338,-0.024,0.241,0,1.0,-0.028,-0.526,-0.019,0.376,0.36,1.3
58,3,-0.028,-0.526,-0.019,0.376,0,1.0,-0.039,-0.714,-0.012,0.512,0.36,1.3
58,4,-0.039,-0.714,-0.012,0.512,0,1.0,-0.053,-0.902,-0.002,0.65,0.36,1.3
58,5,-0.053,-0.902,-0.002,0.65,0,1.0,-0.071,-1.09,0.011,0.788,0.36,1.3
58,6,-0.071,-1.09,0.011,0.788,0,1.0,-0.093,-1.278,0.027,0.929,0.36,1.3
58,7,-0.093,-1.278,0.027,0.929,0,1.0,-0.118,-1.467,0.046,1.072,0.36,1.3
58,8,-0.118,-1.467,0.046,1.072,0,1.0,-0.148,-1.655,0.067,1.218,0.36,1.3
58,9,-0.148,-1.655,0.067,1.218,1,1.0,-0.181,-1.467,0.092,1.089,0.36,1.3
58,10,-0.181,-1.467,0.092,1.089,1,1.0,-0.21,-1.28,0.113,0.965,0.36,1.3
58,11,-0.21,-1.28,0.113,0.965,0,1.0,-0.236,-1.468,0.133,1.119,0.36,1.3
58,12,-0.236,-1.468,0.133,1.119,1,1.0,-0.265,-1.281,0.155,1.002,0.36,1.3
58,13,-0.265,-1.281,0.155,1.002,0,1.0,-0.291,-1.47,0.175,1.161,0.36,1.3
58,14,-0.291,-1.47,0.175,1.161,1,1.0,-0.32,-1.283,0.198,1.051,0.36,1.3
58,15,-0.32,-1.283,0.198,1.051,0,1.0,-0.346,-1.472,0.219,1.214,0.36,1.3
59,0,0.009,0.033,-0.038,-0.012,0,1.0,0.009,-0.189,-0.039,0.853,0.36,0.2
59,1,0.009,-0.189,-0.039,0.853,0,1.0,0.006,-0.41,-0.021,1.718,0.36,0.2
59,2,0.006,-0.41,-0.021,1.718,1,1.0,-0.003,-0.186,0.013,0.794,0.36,0.2
59,3,-0.003,-0.186,0.013,0.794,0,1.0,-0.006,-0.409,0.029,1.71,0.36,0.2
59,4,-0.006,-0.409,0.029,1.71,0,1.0,-0.014,-0.633,0.063,2.641,0.36,0.2
59,5,-0.014,-0.633,0.063,2.641,0,1.0,-0.027,-0.858,0.116,3.601,0.36,0.2
59,6,-0.027,-0.858,0.116,3.601,0,1.0,-0.044,-1.084,0.188,4.6,0.36,0.2
59,7,-0.044,-1.084,0.188,4.6,1,1.0,-0.066,-0.867,0.28,3.884,0.36,0.2
60,0,-0.018,-0.047,-0.045,0.049,0,1.0,-0.019,-0.236,-0.044,0.208,0.55,1.3
60,1,-0.019,-0.236,-0.044,0.208,0,1.0,-0.023,-0.425,-0.039,0.368,0.55,1.3
60,2,-0.023,-0.425,-0.039,0.368,1,1.0,-0.032,-0.236,-0.032,0.193,0.55,1.3
60,3,-0.032,-0.236,-0.032,0.193,1,1.0,-0.036,-0.046,-0.028,0.02,0.55,1.3
60,4,-0.036,-0.046,-0.028,0.02,1,1.0,-0.037,0.144,-0.028,-0.153,0.55,1.3
60,5,-0.037,0.144,-0.028,-0.153,1,1.0,-0.035,0.333,-0.031,-0.325,0.55,1.3
60,6,-0.035,0.333,-0.031,-0.325,1,1.0,-0.028,0.523,-0.037,-0.499,0.55,1.3
60,7,-0.028,0.523,-0.037,-0.499,1,1.0,-0.017,0.713,-0.047,-0.673,0.55,1.3
60,8,-0.017,0.713,-0.047,-0.673,1,1.0,-0.003,0.903,-0.061,-0.849,0.55,1.3
60,9,-0.003,0.903,-0.061,-0.849,0,1.0,0.015,0.714,-0.078,-0.693,0.55,1.3
60,10,0.015,0.714,-0.078,-0.693,1,1.0,0.029,0.904,-0.092,-0.873,0.55,1.3
60,11,0.029,0.904,-0.092,-0.873,0,1.0,0.047,0.715,-0.109,-0.724,0.55,1.3
60,12,0.047,0.715,-0.109,-0.724,1,1.0,0.062,0.905,-0.124,-0.909,0.55,1.3
60,13,0.062,0.905,-0.124,-0.909,1,1.0,0.08,1.095,-0.142,-1.096,0.55,1.3
60,14,0.08,1.095,-0.142,-1.096,0,1.0,0.102,0.907,-0.164,-0.957,0.55,1.3
60,15,0.102,0.907,-0.164,-0.957,1,1.0,0.12,1.097,-0.183,-1.149,0.55,1.3
60,16,0.12,1.097,-0.183,-1.149,0,1.0,0.142,0.909,-0.206,-1.019,0.55,1.3
60,17,0.142,0.909,-0.206,-1.019,1,1.0,0.16,1.1,-0.226,-1.215,0.55,1.3
61,0,-0.013,0.027,0.017,0.021,0,1.0,-0.012,-0.171,0.018,0.389,0.36,0.0
61,1,-0.012,-0.171,0.018,0.389,0,1.0,-0.015,-0.37,0.025,0.757,0.36,0.0
61,2,-0.015,-0.37,0.025,0.757,0,1.0,-0.023,-0.569,0.04,1.128,0.36,0.0
61,3,-0.023,-0.569,0.04,1.128,1,1.0,-0.034,-0.371,0.063,0.783,0.36,0.0
61,4,-0.034,-0.371,0.063,0.783,1,1.0,-0.042,-0.174,0.079,0.447,0.36,0.0
61,5,-0.042,-0.174,0.079,0.447,0,1.0,-0.045,-0.373,0.088,0.837,0.36,0.0
61,6,-0.045,-0.373,0.088,0.837,0,1.0,-0.053,-0.573,0.104,1.23,0.36,0.0
61,7,-0.053,-0.573,0.104,1.23,0,1.0,-0.064,-0.773,0.129,1.629,0.36,0.0
61,8,-0.064,-0.773,0.129,1.629,0,1.0,-0.079,-0.972,0.162,2.034,0.36,0.0
61,9,-0.079,-0.972,0.162,2.034,0,1.0,-0.099,-1.172,0.202,2.449,0.36,0.0
61,10,-0.099,-1.172,0.202,2.449,0,1.0,-0.122,-1.372,0.251,2.874,0.36,0.0
62,0,0.011,0.025,0.028,-0.021,0,1.0,0.011,-0.164,0.028,0.138,0.03,0.9
62,1,0.011,-0.164,0.028,0.138,0,1.0,0.008,-0.353,0.03,0.297,0.03,0.9
62,2,0.008,-0.353,0.03,0.297,1,1.0,0.001,-0.165,0.036,0.148,0.03,0.9
62,3,0.001,-0.165,0.036,0.148,1,1.0,-0.002,0.024,0.039,-0.001,0.03,0.9
62,4,-0.002,0.024,0.039,-0.001,1,1.0,-0.002,0.212,0.039,-0.149,0.03,0.9
62,5,-0.002,0.212,0.039,-0.149,0,1.0,0.003,0.023,0.036,0.012,0.03,0.9
62,6,0.003,0.023,0.036,0.012,1,1.0,0.003,0.212,0.037,-0.136,0.03,0.9
62,7,0.003,0.212,0.037,-0.136,0,1.0,0.007,0.023,0.034,0.025,0.03,0.9
62,8,0.007,0.023,0.034,0.025,0,1.0,0.008,-0.166,0.034,0.185,0.03,0.9
62,9,0.008,-0.166,0.034,0.185,1,1.0,0.004,0.022,0.038,0.036,0.03,0.9
62,10,0.004,0.022,0.038,0.036,0,1.0,0.005,-0.167,0.039,0.197,0.03,0.9
62,11,0.005,-0.167,0.039,0.197,0,1.0,0.001,-0.356,0.043,0.358,0.03,0.9
62,12,0.001,-0.356,0.043,0.358,0,1.0,-0.006,-0.545,0.05,0.519,0.03,0.9
62,13,-0.006,-0.545,0.05,0.519,0,1.0,-0.017,-0.734,0.06,0.682,0.03,0.9
62,14,-0.017,-0.734,0.06,0.682,0,1.0,-0.031,-0.924,0.074,0.847,0.03,0.9
62,15,-0.031,-0.924,0.074,0.847,1,1.0,-0.05,-0.735,0.091,0.705,0.03,0.9
62,16,-0.05,-0.735,0.091,0.705,0,1.0,-0.064,-0.925,0.105,0.874,0.03,0.9
62,17,-0.064,-0.925,0.105,0.874,0,1.0,-0.083,-1.114,0.122,1.045,0.03,0.9
62,18,-0.083,-1.114,0.122,1.045,1,1.0,-0.105,-0.926,0.143,0.912,0.03,0.9
62,19,-0.105,-0.926,0.143,0.912,1,1.0,-0.124,-0.739,0.162,0.782,0.03,0.9
62,20,-0.124,-0.739,0.162,0.782,1,1.0,-0.139,-0.551,0.177,0.657,0.03,0.9
62,21,-0.139,-0.551,0.177,0.657,0,1.0,-0.15,-0.741,0.19,0.838,0.03,0.9
62,22,-0.15,-0.741,0.19,0.838,1,1.0,-0.164,-0.554,0.207,0.718,0.03,0.9
62,23,-0.164,-0.554,0.207,0.718,1,1.0,-0.175,-0.366,0.221,0.601,0.03,0.9
63,0,0.006,0.049,-0.03,0.001,0,1.0,0.007,-0.137,-0.03,0.089,0.1,1.6
63,1,0.007,-0.137,-0.03,0.089,0,1.0,0.004,-0.322,-0.029,0.177,0.1,1.6
63,2,0.004,-0.322,-0.029,0.177,1,1.0,-0.002,-0.136,-0.025,0.083,0.1,1.6
63,3,-0.002,-0.136,-0.025,0.083,0,1.0,-0.005,-0.322,-0.023,0.172,0.1,1.6
63,4,-0.005,-0.322,-0.023,0.172,1,1.0,-0.011,-0.136,-0.02,0.078,0.1,1.6
63,5,-0.011,-0.136,-0.02,0.078,1,1.0,-0.014,0.05,-0.018,-0.015,0.1,1.6
63,6,-0.014,0.05,-0.018,-0.015,0,1.0,-0.013,-0.136,-0.019,0.075,0.1,1.6
63,7,-0.013,-0.136,-0.019,0.075,0,1.0,-0.016,-0.322,-0.017,0.164,0.1,1.6
63,8,-0.016,-0.322,-0.017,0.164,0,1.0,-0.022,-0.508,-0.014,0.254,0.1,1.6
63,9,-0.022,-0.508,-0.014,0.254,1,1.0,-0.032,-0.322,-0.009,0.161,0.1,1.6
63,10,-0.032,-0.322,-0.009,0.161,1,1.0,-0.039,-0.136,-0.006,0.069,0.1,1.6
63,11,-0.039,-0.136,-0.006,0.069,0,1.0,-0.042,-0.322,-0.004,0.16,0.1,1.6
63,12,-0.042,-0.322,-0.004,0.16,1,1.0,-0.048,-0.136,-0.001,0.068,0.1,1.6
63,13,-0.048,-0.136,-0.001,0.068,0,1.0,-0.051,-0.322,0.0,0.159,0.1,1.6
63,14,-0.051,-0.322,0.0,0.159,1,1.0,-0.057,-0.136,0.004,0.068,0.1,1.6
63,15,-0.057,-0.136,0.004,0.068,1,1.0,-0.06,0.05,0.005,-0.023,0.1,1.6
63,16,-0.06,0.05,0.005,-0.023,1,1.0,-0.059,0.236,0.004,-0.114,0.1,1.6
63,17,-0.059,0.236,0.004,-0.114,1,1.0,-0.054,0.422,0.002,-0.205,0.1,1.6
63,18,-0.054,0.422,0.002,-0.205,0,1.0,-0.046,0.236,-0.002,-0.114,0.1,1.6
63,19,-0.046,0.236,-0.002,-0.114,0,1.0,-0.041,0.05,-0.004,-0.022,0.1,1.6
63,20,-0.041,0.05,-0.004,-0.022,1,1.0,-0.04,0.236,-0.005,-0.114,0.1,1.6
63,21,-0.04,0.236,-0.005,-0.114,1,1.0,-0.035,0.422,-0.007,-0.206,0.1,1.6
63,22,-0.035,0.422,-0.007,-0.206,1,1.0,-0.027,0.608,-0.011,-0.298,0.1,1.6
63,23,-0.027,0.608,-0.011,-0.298,0,1.0,-0.015,0.422,-0.017,-0.208,0.1,1.6
63,24,-0.015,0.422,-0.017,-0.208,0,1.0,-0.006,0.236,-0.021,-0.118,0.1,1.6
63,25,-0.006,0.236,-0.021,-0.118,0,1.0,-0.001,0.051,-0.024,-0.029,0.1,1.6
63,26,-0.001,0.051,-0.024,-0.029,0,1.0,-0.0,-0.135,-0.024,0.06,0.1,1.6
63,27,-0.0,-0.135,-0.024,0.06,1,1.0,-0.003,0.051,-0.023,-0.033,0.1,1.6
63,28,-0.003,0.051,-0.023,-0.033,1,1.0,-0.002,0.237,-0.024,-0.127,0.1,1.6
63,29,-0.002,0.237,-0.024,-0.127,1,1.0,0.003,0.423,-0.026,-0.221,0.1,1.6
63,30,0.003,0.423,-0.026,-0.221,0,1.0,0.011,0.237,-0.031,-0.132,0.1,1.6
63,31,0.011,0.237,-0.031,-0.132,1,1.0,0.016,0.423,-0.033,-0.227,0.1,1.6
63,32,0.016,0.423,-0.033,-0.227,1,1.0,0.024,0.609,-0.038,-0.321,0.1,1.6
63,33,0.024,0.609,-0.038,-0.321,1,1.0,0.036,0.795,-0.044,-0.416,0.1,1.6
63,34,0.036,0.795,-0.044,-0.416,1,1.0,0.052,0.982,-0.052,-0.512,0.1,1.6
63,35,0.052,0.982,-0.052,-0.512,0,1.0,0.072,0.796,-0.063,-0.426,0.1,1.6
63,36,0.072,0.796,-0.063,-0.426,1,1.0,0.088,0.982,-0.071,-0.523,0.1,1.6
63,37,0.088,0.982,-0.071,-0.523,1,1.0,0.108,1.168,-0.082,-0.621,0.1,1.6
63,38,0.108,1.168,-0.082,-0.621,0,1.0,0.131,0.983,-0.094,-0.538,0.1,1.6
63,39,0.131,0.983,-0.094,-0.538,0,1.0,0.151,0.797,-0.105,-0.457,0.1,1.6
63,40,0.151,0.797,-0.105,-0.457,0,1.0,0.167,0.612,-0.114,-0.376,0.1,1.6
63,41,0.167,0.612,-0.114,-0.376,0,1.0,0.179,0.426,-0.122,-0.296,0.1,1.6
63,42,0.179,0.426,-0.122,-0.296,0,1.0,0.187,0.241,-0.127,-0.218,0.1,1.6
63,43,0.187,0.241,-0.127,-0.218,0,1.0,0.192,0.056,-0.132,-0.14,0.1,1.6
63,44,0.192,0.056,-0.132,-0.14,1,1.0,0.193,0.242,-0.135,-0.243,0.1,1.6
63,45,0.193,0.242,-0.135,-0.243,0,1.0,0.198,0.057,-0.139,-0.166,0.1,1.6
63,46,0.198,0.057,-0.139,-0.166,0,1.0,0.199,-0.129,-0.143,-0.089,0.1,1.6
63,47,0.199,-0.129,-0.143,-0.089,1,1.0,0.197,0.058,-0.145,-0.193,0.1,1.6
63,48,0.197,0.058,-0.145,-0.193,0,1.0,0.198,-0.127,-0.148,-0.117,0.1,1.6
63,49,0.198,-0.127,-0.148,-0.117,1,1.0,0.195,0.059,-0.151,-0.222,0.1,1.6
63,50,0.195,0.059,-0.151,-0.222,1,1.0,0.196,0.246,-0.155,-0.327,0.1,1.6
63,51,0.196,0.246,-0.155,-0.327,0,1.0,0.201,0.061,-0.162,-0.252,0.1,1.6
63,52,0.201,0.061,-0.162,-0.252,0,1.0,0.203,-0.125,-0.167,-0.178,0.1,1.6
63,53,0.203,-0.125,-0.167,-0.178,0,1.0,0.2,-0.31,-0.17,-0.104,0.1,1.6
63,54,0.2,-0.31,-0.17,-0.104,1,1.0,0.194,-0.123,-0.172,-0.211,0.1,1.6
63,55,0.194,-0.123,-0.172,-0.211,0,1.0,0.191,-0.308,-0.177,-0.138,0.1,1.6
63,56,0.191,-0.308,-0.177,-0.138,0,1.0,0.185,-0.493,-0.179,-0.065,0.1,1.6
63,57,0.185,-0.493,-0.179,-0.065,0,1.0,0.175,-0.678,-0.181,0.007,0.1,1.6
63,58,0.175,-0.678,-0.181,0.007,0,1.0,0.162,-0.863,-0.181,0.079,0.1,1.6
63,59,0.162,-0.863,-0.181,0.079,0,1.0,0.145,-1.048,-0.179,0.151,0.1,1.6
63,60,0.145,-1.048,-0.179,0.151,0,1.0,0.124,-1.233,-0.176,0.223,0.1,1.6
63,61,0.124,-1.233,-0.176,0.223,1,1.0,0.099,-1.047,-0.172,0.116,0.1,1.6
63,62,0.099,-1.047,-0.172,0.116,0,1.0,0.078,-1.232,-0.169,0.189,0.1,1.6
63,63,0.078,-1.232,-0.169,0.189,1,1.0,0.053,-1.045,-0.165,0.083,0.1,1.6
63,64,0.053,-1.045,-0.165,0.083,1,1.0,0.032,-0.859,-0.164,-0.023,0.1,1.6
63,65,0.032,-0.859,-0.164,-0.023,0,1.0,0.015,-1.044,-0.164,0.051,0.1,1.6
63,66,0.015,-1.044,-0.164,0.051,0,1.0,-0.006,-1.229,-0.163,0.125,0.1,1.6
63,67,-0.006,-1.229,-0.163,0.125,1,1.0,-0.03,-1.043,-0.161,0.019,0.1,1.6
63,68,-0.03,-1.043,-0.161,0.019,1,1.0,-0.051,-0.856,-0.16,-0.087,0.1,1.6
63,69,-0.051,-0.856,-0.16,-0.087,1,1.0,-0.068,-0.669,-0.162,-0.193,0.1,1.6
63,70,-0.068,-0.669,-0.162,-0.193,1,1.0,-0.082,-0.483,-0.166,-0.299,0.1,1.6
63,71,-0.082,-0.483,-0.166,-0.299,0,1.0,-0.091,-0.668,-0.172,-0.225,0.1,1.6
63,72,-0.091,-0.668,-0.172,-0.225,1,1.0,-0.105,-0.481,-0.176,-0.332,0.1,1.6
63,73,-0.105,-0.481,-0.176,-0.332,1,1.0,-0.114,-0.295,-0.183,-0.439,0.1,1.6
63,74,-0.114,-0.295,-0.183,-0.439,1,1.0,-0.12,-0.108,-0.192,-0.547,0.1,1.6
63,75,-0.12,-0.108,-0.192,-0.547,1,1.0,-0.122,0.078,-0.203,-0.655,0.1,1.6
63,76,-0.122,0.078,-0.203,-0.655,1,1.0,-0.121,0.265,-0.216,-0.764,0.1,1.6
64,0,0.044,0.002,-0.043,-0.018,1,1.0,0.044,0.189,-0.044,-0.116,0.04,1.5
64,1,0.044,0.189,-0.044,-0.116,1,1.0,0.048,0.375,-0.046,-0.214,0.04,1.5
64,2,0.048,0.375,-0.046,-0.214,0,1.0,0.056,0.189,-0.05,-0.125,0.04,1.5
64,3,0.056,0.189,-0.05,-0.125,0,1.0,0.059,0.003,-0.053,-0.037,0.04,1.5
64,4,0.059,0.003,-0.053,-0.037,0,1.0,0.06,-0.183,-0.054,0.051,0.04,1.5
64,5,0.06,-0.183,-0.054,0.051,1,1.0,0.056,0.004,-0.053,-0.047,0.04,1.5
64,6,0.056,0.004,-0.053,-0.047,1,1.0,0.056,0.19,-0.054,-0.146,0.04,1.5
64,7,0.056,0.19,-0.054,-0.146,1,1.0,0.06,0.376,-0.056,-0.245,0.04,1.5
64,8,0.06,0.376,-0.056,-0.245,1,1.0,0.067,0.563,-0.061,-0.344,0.04,1.5
64,9,0.067,0.563,-0.061,-0.344,0,1.0,0.079,0.377,-0.068,-0.257,0.04,1.5
64,10,0.079,0.377,-0.068,-0.257,1,1.0,0.086,0.563,-0.073,-0.357,0.04,1.5
64,11,0.086,0.563,-0.073,-0.357,1,1.0,0.097,0.75,-0.08,-0.457,0.04,1.5
64,12,0.097,0.75,-0.08,-0.457,1,1.0,0.112,0.936,-0.09,-0.559,0.04,1.5
64,13,0.112,0.936,-0.09,-0.559,1,1.0,0.131,1.122,-0.101,-0.661,0.04,1.5
64,14,0.131,1.122,-0.101,-0.661,0,1.0,0.153,0.937,-0.114,-0.578,0.04,1.5
64,15,0.153,0.937,-0.114,-0.578,1,1.0,0.172,1.123,-0.126,-0.682,0.04,1.5
64,16,0.172,1.123,-0.126,-0.682,1,1.0,0.195,1.31,-0.139,-0.787,0.04,1.5
64,17,0.195,1.31,-0.139,-0.787,1,1.0,0.221,1.496,-0.155,-0.894,0.04,1.5
64,18,0.221,1.496,-0.155,-0.894,1,1.0,0.251,1.683,-0.173,-1.001,0.04,1.5
64,19,0.251,1.683,-0.173,-1.001,0,1.0,0.284,1.497,-0.193,-0.927,0.04,1.5
64,20,0.284,1.497,-0.193,-0.927,1,1.0,0.314,1.684,-0.211,-1.038,0.04,1.5
65,0,-0.045,0.002,-0.013,-0.027,1,1.0,-0.045,0.196,-0.013,-0.288,0.87,1.3
65,1,-0.045,0.196,-0.013,-0.288,1,1.0,-0.041,0.389,-0.019,-0.55,0.87,1.3
65,2,-0.041,0.389,-0.019,-0.55,1,1.0,-0.034,0.583,-0.03,-0.813,0.87,1.3
65,3,-0.034,0.583,-0.03,-0.813,1,1.0,-0.022,0.777,-0.046,-1.078,0.87,1.3
65,4,-0.022,0.777,-0.046,-1.078,0,1.0,-0.006,0.584,-0.068,-0.834,0.87,1.3
65,5,-0.006,0.584,-0.068,-0.834,0,1.0,0.005,0.391,-0.084,-0.597,0.87,1.3
65,6,0.005,0.391,-0.084,-0.597,1,1.0,0.013,0.586,-0.096,-0.875,0.87,1.3
65,7,0.013,0.586,-0.096,-0.875,1,1.0,0.025,0.78,-0.114,-1.154,0.87,1.3
65,8,0.025,0.78,-0.114,-1.154,0,1.0,0.04,0.588,-0.137,-0.934,0.87,1.3
65,9,0.04,0.588,-0.137,-0.934,1,1.0,0.052,0.783,-0.156,-1.219,0.87,1.3
65,10,0.052,0.783,-0.156,-1.219,0,1.0,0.068,0.591,-0.18,-1.014,0.87,1.3
65,11,0.068,0.591,-0.18,-1.014,0,1.0,0.08,0.401,-0.2,-0.819,0.87,1.3
65,12,0.08,0.401,-0.2,-0.819,1,1.0,0.088,0.595,-0.217,-1.11,0.87,1.3
66,0,0.042,0.019,-0.043,0.012,0,1.0,0.043,-0.181,-0.042,0.411,0.99,1.0
66,1,0.043,-0.181,-0.042,0.411,1,1.0,0.039,0.021,-0.034,-0.026,0.99,1.0
66,2,0.039,0.021,-0.034,-0.026,1,1.0,0.04,0.223,-0.035,-0.46,0.99,1.0
66,3,0.04,0.223,-0.035,-0.46,0,1.0,0.044,0.022,-0.044,-0.057,0.99,1.0
66,4,0.044,0.022,-0.044,-0.057,0,1.0,0.044,-0.177,-0.045,0.341,0.99,1.0
66,5,0.044,-0.177,-0.045,0.341,0,1.0,0.041,-0.377,-0.038,0.738,0.99,1.0
66,6,0.041,-0.377,-0.038,0.738,0,1.0,0.033,-0.577,-0.024,1.138,0.99,1.0
66,7,0.033,-0.577,-0.024,1.138,0,1.0,0.022,-0.778,-0.001,1.547,0.99,1.0
66,8,0.022,-0.778,-0.001,1.547,0,1.0,0.006,-0.979,0.03,1.966,0.99,1.0
66,9,0.006,-0.979,0.03,1.966,1,1.0,-0.013,-0.778,0.07,1.561,0.99,1.0
66,10,-0.013,-0.778,0.07,1.561,1,1.0,-0.029,-0.579,0.101,1.177,0.99,1.0
66,11,-0.029,-0.579,0.101,1.177,1,1.0,-0.04,-0.38,0.124,0.813,0.99,1.0
66,12,-0.04,-0.38,0.124,0.813,1,1.0,-0.048,-0.183,0.141,0.463,0.99,1.0
66,13,-0.048,-0.183,0.141,0.463,0,1.0,-0.052,-0.385,0.15,0.923,0.99,1.0
66,14,-0.052,-0.385,0.15,0.923,1,1.0,-0.059,-0.188,0.168,0.591,0.99,1.0
66,15,-0.059,-0.188,0.168,0.591,1,1.0,-0.063,0.008,0.18,0.272,0.99,1.0
66,16,-0.063,0.008,0.18,0.272,0,1.0,-0.063,-0.195,0.186,0.735,0.99,1.0
66,17,-0.063,-0.195,0.186,0.735,0,1.0,-0.067,-0.397,0.2,1.197,0.99,1.0
66,18,-0.067,-0.397,0.2,1.197,0,1.0,-0.075,-0.599,0.224,1.66,0.99,1.0
67,0,-0.009,-0.037,0.001,-0.02,0,1.0,-0.009,-0.223,0.001,0.076,0.31,1.8
67,1,-0.009,-0.223,0.001,0.076,1,1.0,-0.014,-0.037,0.003,-0.02,0.31,1.8
67,2,-0.014,-0.037,0.003,-0.02,0,1.0,-0.015,-0.224,0.002,0.076,0.31,1.8
67,3,-0.015,-0.224,0.002,0.076,0,1.0,-0.019,-0.41,0.004,0.173,0.31,1.8
67,4,-0.019,-0.41,0.004,0.173,0,1.0,-0.027,-0.596,0.007,0.269,0.31,1.8
67,5,-0.027,-0.596,0.007,0.269,1,1.0,-0.039,-0.41,0.012,0.174,0.31,1.8
67,6,-0.039,-0.41,0.012,0.174,1,1.0,-0.047,-0.224,0.016,0.079,0.31,1.8
67,7,-0.047,-0.224,0.016,0.079,0,1.0,-0.052,-0.41,0.018,0.177,0.31,1.8
67,8,-0.052,-0.41,0.018,0.177,1,1.0,-0.06,-0.224,0.021,0.082,0.31,1.8
67,9,-0.06,-0.224,0.021,0.082,0,1.0,-0.064,-0.41,0.023,0.181,0.31,1.8
67,10,-0.064,-0.41,0.023,0.181,1,1.0,-0.073,-0.224,0.026,0.087,0.31,1.8
67,11,-0.073,-0.224,0.026,0.087,1,1.0,-0.077,-0.038,0.028,-0.006,0.31,1.8
67,12,-0.077,-0.038,0.028,-0.006,1,1.0,-0.078,0.148,0.028,-0.099,0.31,1.8
67,13,-0.078,0.148,0.028,-0.099,1,1.0,-0.075,0.334,0.026,-0.193,0.31,1.8
67,14,-0.075,0.334,0.026,-0.193,1,1.0,-0.068,0.52,0.022,-0.286,0.31,1.8
67,15,-0.068,0.52,0.022,-0.286,1,1.0,-0.058,0.706,0.016,-0.38,0.31,1.8
67,16,-0.058,0.706,0.016,-0.38,0,1.0,-0.044,0.52,0.009,-0.282,0.31,1.8
67,17,-0.044,0.52,0.009,-0.282,1,1.0,-0.033,0.706,0.003,-0.377,0.31,1.8
67,18,-0.033,0.706,0.003,-0.377,1,1.0,-0.019,0.892,-0.004,-0.473,0.31,1.8
67,19,-0.019,0.892,-0.004,-0.473,0,1.0,-0.001,0.706,-0.014,-0.377,0.31,1.8
67,20,-0.001,0.706,-0.014,-0.377,1,1.0,0.013,0.892,-0.021,-0.475,0.31,1.8
67,21,0.013,0.892,-0.021,-0.475,1,1.0,0.031,1.079,-0.031,-0.573,0.31,1.8
67,22,0.031,1.079,-0.031,-0.573,1,1.0,0.052,1.265,-0.042,-0.672,0.31,1.8
67,23,0.052,1.265,-0.042,-0.672,0,1.0,0.078,1.079,-0.056,-0.581,0.31,1.8
67,24,0.078,1.079,-0.056,-0.581,1,1.0,0.099,1.265,-0.067,-0.682,0.31,1.8
67,25,0.099,1.265,-0.067,-0.682,1,1.0,0.124,1.452,-0.081,-0.785,0.31,1.8
67,26,0.124,1.452,-0.081,-0.785,1,1.0,0.153,1.638,-0.097,-0.889,0.31,1.8
67,27,0.153,1.638,-0.097,-0.889,1,1.0,0.186,1.825,-0.115,-0.994,0.31,1.8
67,28,0.186,1.825,-0.115,-0.994,1,1.0,0.223,2.011,-0.134,-1.101,0.31,1.8
67,29,0.223,2.011,-0.134,-1.101,1,1.0,0.263,2.198,-0.156,-1.209,0.31,1.8
67,30,0.263,2.198,-0.156,-1.209,0,1.0,0.307,2.012,-0.181,-1.131,0.31,1.8
67,31,0.307,2.012,-0.181,-1.131,0,1.0,0.347,1.827,-0.203,-1.056,0.31,1.8
67,32,0.347,1.827,-0.203,-1.056,1,1.0,0.384,2.014,-0.224,-1.169,0.31,1.8
68,0,-0.002,0.035,0.017,0.013,1,1.0,-0.001,0.226,0.018,-0.189,0.77,1.4
68,1,-0.001,0.226,0.018,-0.189,0,1.0,0.004,0.034,0.014,0.02,0.77,1.4
68,2,0.004,0.034,0.014,0.02,0,1.0,0.004,-0.157,0.014,0.228,0.77,1.4
68,3,0.004,-0.157,0.014,0.228,0,1.0,0.001,-0.348,0.019,0.437,0.77,1.4
68,4,0.001,-0.348,0.019,0.437,0,1.0,-0.006,-0.539,0.028,0.646,0.77,1.4
68,5,-0.006,-0.539,0.028,0.646,0,1.0,-0.017,-0.731,0.04,0.857,0.77,1.4
68,6,-0.017,-0.731,0.04,0.857,0,1.0,-0.031,-0.922,0.058,1.07,0.77,1.4
68,7,-0.031,-0.922,0.058,1.07,0,1.0,-0.05,-1.114,0.079,1.287,0.77,1.4
68,8,-0.05,-1.114,0.079,1.287,1,1.0,-0.072,-0.923,0.105,1.101,0.77,1.4
68,9,-0.072,-0.923,0.105,1.101,0,1.0,-0.09,-1.115,0.127,1.325,0.77,1.4
68,10,-0.09,-1.115,0.127,1.325,0,1.0,-0.113,-1.307,0.153,1.552,0.77,1.4
68,11,-0.113,-1.307,0.153,1.552,1,1.0,-0.139,-1.118,0.184,1.387,0.77,1.4
68,12,-0.139,-1.118,0.184,1.387,1,1.0,-0.161,-0.929,0.212,1.231,0.77,1.4
69,0,0.008,0.003,0.036,0.023,1,1.0,0.008,0.189,0.037,-0.078,0.35,1.7
69,1,0.008,0.189,0.037,-0.078,1,1.0,0.012,0.376,0.035,-0.179,0.35,1.7
69,2,0.012,0.376,0.035,-0.179,1,1.0,0.019,0.562,0.032,-0.28,0.35,1.7
69,3,0.019,0.562,0.032,-0.28,1,1.0,0.031,0.748,0.026,-0.382,0.35,1.7
69,4,0.031,0.748,0.026,-0.382,0,1.0,0.046,0.562,0.019,-0.273,0.35,1.7
69,5,0.046,0.562,0.019,-0.273,1,1.0,0.057,0.748,0.013,-0.376,0.35,1.7
69,6,0.057,0.748,0.013,-0.376,0,1.0,0.072,0.561,0.006,-0.27,0.35,1.7
69,7,0.072,0.561,0.006,-0.27,1,1.0,0.083,0.748,0.0,-0.374,0.35,1.7
69,8,0.083,0.748,0.0,-0.374,0,1.0,0.098,0.561,-0.007,-0.269,0.35,1.7
69,9,0.098,0.561,-0.007,-0.269,1,1.0,0.109,0.748,-0.013,-0.375,0.35,1.7
69,10,0.109,0.748,-0.013,-0.375,0,1.0,0.124,0.562,-0.02,-0.271,0.35,1.7
69,11,0.124,0.562,-0.02,-0.271,1,1.0,0.135,0.748,-0.026,-0.379,0.35,1.7
69,12,0.135,0.748,-0.026,-0.379,0,1.0,0.15,0.562,-0.033,-0.276,0.35,1.7
69,13,0.15,0.562,-0.033,-0.276,1,1.0,0.162,0.749,-0.039,-0.385,0.35,1.7
69,14,0.162,0.749,-0.039,-0.385,0,1.0,0.177,0.562,-0.046,-0.285,0.35,1.7
69,15,0.177,0.562,-0.046,-0.285,0,1.0,0.188,0.376,-0.052,-0.185,0.35,1.7
69,16,0.188,0.376,-0.052,-0.185,1,1.0,0.195,0.563,-0.056,-0.296,0.35,1.7
69,17,0.195,0.563,-0.056,-0.296,1,1.0,0.207,0.75,-0.062,-0.407,0.35,1.7
69,18,0.207,0.75,-0.062,-0.407,0,1.0,0.222,0.563,-0.07,-0.309,0.35,1.7
69,19,0.222,0.563,-0.07,-0.309,0,1.0,0.233,0.377,-0.076,-0.212,0.35,1.7
69,20,0.233,0.377,-0.076,-0.212,0,1.0,0.24,0.191,-0.08,-0.116,0.35,1.7
69,21,0.24,0.191,-0.08,-0.116,1,1.0,0.244,0.378,-0.083,-0.23,0.35,1.7
69,22,0.244,0.378,-0.083,-0.23,0,1.0,0.252,0.192,-0.087,-0.134,0.35,1.7
69,23,0.252,0.192,-0.087,-0.134,0,1.0,0.256,0.006,-0.09,-0.039,0.35,1.7
69,24,0.256,0.006,-0.09,-0.039,0,1.0,0.256,-0.181,-0.091,0.055,0.35,1.7
69,25,0.256,-0.181,-0.091,0.055,1,1.0,0.252,0.006,-0.09,-0.06,0.35,1.7
69,26,0.252,0.006,-0.09,-0.06,1,1.0,0.252,0.193,-0.091,-0.175,0.35,1.7
69,27,0.252,0.193,-0.091,-0.175,0,1.0,0.256,0.007,-0.094,-0.08,0.35,1.7
69,28,0.256,0.007,-0.094,-0.08,0,1.0,0.256,-0.179,-0.096,0.014,0.35,1.7
69,29,0.256,-0.179,-0.096,0.014,1,1.0,0.253,0.008,-0.096,-0.102,0.35,1.7
69,30,0.253,0.008,-0.096,-0.102,1,1.0,0.253,0.195,-0.098,-0.217,0.35,1.7
69,31,0.253,0.195,-0.098,-0.217,1,1.0,0.257,0.382,-0.102,-0.333,0.35,1.7
69,32,0.257,0.382,-0.102,-0.333,1,1.0,0.264,0.569,-0.109,-0.449,0.35,1.7
69,33,0.264,0.569,-0.109,-0.449,1,1.0,0.276,0.757,-0.118,-0.565,0.35,1.7
69,34,0.276,0.757,-0.118,-0.565,1,1.0,0.291,0.944,-0.129,-0.683,0.35,1.7
69,35,0.291,0.944,-0.129,-0.683,1,1.0,0.31,1.131,-0.143,-0.801,0.35,1.7
69,36,0.31,1.131,-0.143,-0.801,1,1.0,0.332,1.318,-0.159,-0.921,0.35,1.7
69,37,0.332,1.318,-0.159,-0.921,1,1.0,0.359,1.505,-0.177,-1.042,0.35,1.7
69,38,0.359,1.505,-0.177,-1.042,0,1.0,0.389,1.319,-0.198,-0.959,0.35,1.7
69,39,0.389,1.319,-0.198,-0.959,0,1.0,0.415,1.134,-0.217,-0.879,0.35,1.7
70,0,-0.012,0.022,-0.018,0.047,1,1.0,-0.011,0.208,-0.017,-0.04,0.22,1.9
70,1,-0.011,0.208,-0.017,-0.04,0,1.0,-0.007,0.023,-0.018,0.043,0.22,1.9
70,2,-0.007,0.023,-0.018,0.043,1,1.0,-0.007,0.208,-0.017,-0.043,0.22,1.9
70,3,-0.007,0.208,-0.017,-0.043,1,1.0,-0.003,0.394,-0.018,-0.129,0.22,1.9
70,4,-0.003,0.394,-0.018,-0.129,1,1.0,0.005,0.58,-0.02,-0.215,0.22,1.9
70,5,0.005,0.58,-0.02,-0.215,0,1.0,0.017,0.394,-0.024,-0.132,0.22,1.9
70,6,0.017,0.394,-0.024,-0.132,1,1.0,0.025,0.58,-0.027,-0.219,0.22,1.9
70,7,0.025,0.58,-0.027,-0.219,1,1.0,0.036,0.766,-0.032,-0.306,0.22,1.9
70,8,0.036,0.766,-0.032,-0.306,1,1.0,0.052,0.951,-0.038,-0.393,0.22,1.9
70,9,0.052,0.951,-0.038,-0.393,0,1.0,0.071,0.766,-0.045,-0.312,0.22,1.9
70,10,0.071,0.766,-0.045,-0.312,0,1.0,0.086,0.58,-0.052,-0.232,0.22,1.9
70,11,0.086,0.58,-0.052,-0.232,0,1.0,0.098,0.395,-0.056,-0.152,0.22,1.9
70,12,0.098,0.395,-0.056,-0.152,0,1.0,0.105,0.21,-0.059,-0.073,0.22,1.9
70,13,0.105,0.21,-0.059,-0.073,0,1.0,0.11,0.024,-0.061,0.006,0.22,1.9
70,14,0.11,0.024,-0.061,0.006,0,1.0,0.11,-0.161,-0.061,0.085,0.22,1.9
70,15,0.11,-0.161,-0.061,0.085,1,1.0,0.107,0.025,-0.059,-0.005,0.22,1.9
70,16,0.107,0.025,-0.059,-0.005,1,1.0,0.107,0.211,-0.059,-0.095,0.22,1.9
70,17,0.107,0.211,-0.059,-0.095,0,1.0,0.112,0.025,-0.061,-0.016,0.22,1.9
70,18,0.112,0.025,-0.061,-0.016,0,1.0,0.112,-0.16,-0.061,0.063,0.22,1.9
70,19,0.112,-0.16,-0.061,0.063,1,1.0,0.109,0.026,-0.06,-0.027,0.22,1.9
70,20,0.109,0.026,-0.06,-0.027,0,1.0,0.109,-0.16,-0.061,0.052,0.22,1.9
70,21,0.109,-0.16,-0.061,0.052,0,1.0,0.106,-0.345,-0.06,0.13,0.22,1.9
70,22,0.106,-0.345,-0.06,0.13,0,1.0,0.099,-0.53,-0.057,0.209,0.22,1.9
70,23,0.099,-0.53,-0.057,0.209,1,1.0,0.089,-0.345,-0.053,0.12,0.22,1.9
70,24,0.089,-0.345,-0.053,0.12,1,1.0,0.082,-0.159,-0.05,0.031,0.22,1.9
70,25,0.082,-0.159,-0.05,0.031,1,1.0,0.079,0.027,-0.05,-0.058,0.22,1.9
70,26,0.079,0.027,-0.05,-0.058,1,1.0,0.079,0.213,-0.051,-0.147,0.22,1.9
70,27,0.079,0.213,-0.051,-0.147,0,1.0,0.083,0.028,-0.054,-0.067,0.22,1.9
70,28,0.083,0.028,-0.054,-0.067,1,1.0,0.084,0.213,-0.055,-0.156,0.22,1.9
70,29,0.084,0.213,-0.055,-0.156,0,1.0,0.088,0.028,-0.058,-0.077,0.22,1.9
70,30,0.088,0.028,-0.058,-0.077,1,1.0,0.089,0.214,-0.06,-0.167,0.22,1.9
70,31,0.089,0.214,-0.06,-0.167,1,1.0,0.093,0.4,-0.063,-0.256,0.22,1.9
70,32,0.093,0.4,-0.063,-0.256,1,1.0,0.101,0.586,-0.068,-0.346,0.22,1.9
70,33,0.101,0.586,-0.068,-0.346,1,1.0,0.113,0.772,-0.075,-0.437,0.22,1.9
70,34,0.113,0.772,-0.075,-0.437,1,1.0,0.128,0.957,-0.084,-0.528,0.22,1.9
70,35,0.128,0.957,-0.084,-0.528,0,1.0,0.147,0.772,-0.095,-0.451,0.22,1.9
70,36,0.147,0.772,-0.095,-0.451,1,1.0,0.163,0.958,-0.104,-0.544,0.22,1.9
70,37,0.163,0.958,-0.104,-0.544,1,1.0,0.182,1.144,-0.114,-0.637,0.22,1.9
70,38,0.182,1.144,-0.114,-0.637,0,1.0,0.205,0.959,-0.127,-0.564,0.22,1.9
70,39,0.205,0.959,-0.127,-0.564,1,1.0,0.224,1.145,-0.139,-0.659,0.22,1.9
70,40,0.224,1.145,-0.139,-0.659,1,1.0,0.247,1.331,-0.152,-0.755,0.22,1.9
70,41,0.247,1.331,-0.152,-0.755,1,1.0,0.274,1.517,-0.167,-0.851,0.22,1.9
70,42,0.274,1.517,-0.167,-0.851,1,1.0,0.304,1.703,-0.184,-0.949,0.22,1.9
70,43,0.304,1.703,-0.184,-0.949,0,1.0,0.338,1.518,-0.203,-0.883,0.22,1.9
70,44,0.338,1.518,-0.203,-0.883,0,1.0,0.368,1.334,-0.22,-0.819,0.22,1.9
71,0,-0.025,0.003,0.026,0.013,1,1.0,-0.025,0.193,0.026,-0.172,0.85,1.7
71,1,-0.025,0.193,0.026,-0.172,0,1.0,-0.021,0.002,0.023,0.024,0.85,1.7
71,2,-0.021,0.002,0.023,0.024,1,1.0,-0.021,0.193,0.023,-0.162,0.85,1.7
71,3,-0.021,0.193,0.023,-0.162,0,1.0,-0.017,0.002,0.02,0.034,0.85,1.7
71,4,-0.017,0.002,0.02,0.034,1,1.0,-0.017,0.192,0.021,-0.153,0.85,1.7
71,5,-0.017,0.192,0.021,-0.153,1,1.0,-0.013,0.382,0.018,-0.339,0.85,1.7
71,6,-0.013,0.382,0.018,-0.339,0,1.0,-0.005,0.192,0.011,-0.145,0.85,1.7
71,7,-0.005,0.192,0.011,-0.145,1,1.0,-0.001,0.382,0.008,-0.333,0.85,1.7
71,8,-0.001,0.382,0.008,-0.333,1,1.0,0.006,0.573,0.001,-0.522,0.85,1.7
71,9,0.006,0.573,0.001,-0.522,0,1.0,0.018,0.382,-0.009,-0.331,0.85,1.7
71,10,0.018,0.382,-0.009,-0.331,0,1.0,0.025,0.192,-0.016,-0.142,0.85,1.7
71,11,0.025,0.192,-0.016,-0.142,0,1.0,0.029,0.001,-0.018,0.045,0.85,1.7
71,12,0.029,0.001,-0.018,0.045,0,1.0,0.029,-0.189,-0.018,0.232,0.85,1.7
71,13,0.029,-0.189,-0.018,0.232,1,1.0,0.025,0.002,-0.013,0.038,0.85,1.7
71,14,0.025,0.002,-0.013,0.038,0,1.0,0.025,-0.189,-0.012,0.226,0.85,1.7
71,15,0.025,-0.189,-0.012,0.226,0,1.0,0.022,-0.379,-0.008,0.414,0.85,1.7
71,16,0.022,-0.379,-0.008,0.414,0,1.0,0.014,-0.57,0.001,0.603,0.85,1.7
71,17,0.014,-0.57,0.001,0.603,0,1.0,0.003,-0.76,0.013,0.794,0.85,1.7
71,18,0.003,-0.76,0.013,0.794,0,1.0,-0.013,-0.951,0.029,0.988,0.85,1.7
71,19,-0.013,-0.951,0.029,0.988,1,1.0,-0.032,-0.76,0.048,0.803,0.85,1.7
71,20,-0.032,-0.76,0.048,0.803,1,1.0,-0.047,-0.57,0.064,0.623,0.85,1.7
71,21,-0.047,-0.57,0.064,0.623,0,1.0,-0.058,-0.761,0.077,0.825,0.85,1.7
71,22,-0.058,-0.761,0.077,0.825,0,1.0,-0.073,-0.952,0.093,1.03,0.85,1.7
71,23,-0.073,-0.952,0.093,1.03,0,1.0,-0.092,-1.143,0.114,1.236,0.85,1.7
71,24,-0.092,-1.143,0.114,1.236,1,1.0,-0.115,-0.954,0.139,1.073,0.85,1.7
71,25,-0.115,-0.954,0.139,1.073,0,1.0,-0.134,-1.145,0.16,1.284,0.85,1.7
71,26,-0.134,-1.145,0.16,1.284,0,1.0,-0.157,-1.336,0.186,1.498,0.85,1.7
71,27,-0.157,-1.336,0.186,1.498,0,1.0,-0.184,-1.527,0.216,1.713,0.85,1.7
72,0,0.034,-0.049,-0.027,-0.039,0,1.0,0.033,-0.238,-0.028,0.114,0.67,1.6
72,1,0.033,-0.238,-0.028,0.114,0,1.0,0.028,-0.427,-0.025,0.266,0.67,1.6
72,2,0.028,-0.427,-0.025,0.266,1,1.0,0.019,-0.238,-0.02,0.105,0.67,1.6
72,3,0.019,-0.238,-0.02,0.105,1,1.0,0.015,-0.049,-0.018,-0.056,0.67,1.6
72,4,0.015,-0.049,-0.018,-0.056,1,1.0,0.014,0.141,-0.019,-0.215,0.67,1.6
72,5,0.014,0.141,-0.019,-0.215,0,1.0,0.017,-0.048,-0.023,-0.062,0.67,1.6
72,6,0.017,-0.048,-0.023,-0.062,1,1.0,0.016,0.141,-0.025,-0.223,0.67,1.6
72,7,0.016,0.141,-0.025,-0.223,0,1.0,0.018,-0.048,-0.029,-0.07,0.67,1.6
72,8,0.018,-0.048,-0.029,-0.07,1,1.0,0.017,0.141,-0.03,-0.232,0.67,1.6
72,9,0.017,0.141,-0.03,-0.232,0,1.0,0.02,-0.047,-0.035,-0.08,0.67,1.6
72,10,0.02,-0.047,-0.035,-0.08,0,1.0,0.019,-0.236,-0.037,0.071,0.67,1.6
72,11,0.019,-0.236,-0.037,0.071,0,1.0,0.015,-0.425,-0.035,0.221,0.67,1.6
72,12,0.015,-0.425,-0.035,0.221,0,1.0,0.006,-0.613,-0.031,0.372,0.67,1.6
72,13,0.006,-0.613,-0.031,0.372,1,1.0,-0.006,-0.424,-0.023,0.21,0.67,1.6
72,14,-0.006,-0.424,-0.023,0.21,1,1.0,-0.015,-0.235,-0.019,0.049,0.67,1.6
72,15,-0.015,-0.235,-0.019,0.049,1,1.0,-0.019,-0.046,-0.018,-0.111,0.67,1.6
72,16,-0.019,-0.046,-0.018,-0.111,0,1.0,-0.02,-0.235,-0.02,0.043,0.67,1.6
72,17,-0.02,-0.235,-0.02,0.043,1,1.0,-0.025,-0.046,-0.02,-0.117,0.67,1.6
72,18,-0.025,-0.046,-0.02,-0.117,0,1.0,-0.026,-0.235,-0.022,0.036,0.67,1.6
72,19,-0.026,-0.235,-0.022,0.036,0,1.0,-0.031,-0.423,-0.021,0.189,0.67,1.6
72,20,-0.031,-0.423,-0.021,0.189,0,1.0,-0.039,-0.612,-0.017,0.342,0.67,1.6
72,21,-0.039,-0.612,-0.017,0.342,1,1.0,-0.051,-0.423,-0.011,0.183,0.67,1.6
72,22,-0.051,-0.423,-0.011,0.183,0,1.0,-0.06,-0.612,-0.007,0.338,0.67,1.6
72,23,-0.06,-0.612,-0.007,0.338,0,1.0,-0.072,-0.801,-0.0,0.493,0.67,1.6
72,24,-0.072,-0.801,-0.0,0.493,1,1.0,-0.088,-0.612,0.01,0.336,0.67,1.6
72,25,-0.088,-0.612,0.01,0.336,1,1.0,-0.1,-0.423,0.016,0.181,0.67,1.6
72,26,-0.1,-0.423,0.016,0.181,0,1.0,-0.109,-0.612,0.02,0.341,0.67,1.6
72,27,-0.109,-0.612,0.02,0.341,0,1.0,-0.121,-0.801,0.027,0.501,0.67,1.6
72,28,-0.121,-0.801,0.027,0.501,0,1.0,-0.137,-0.99,0.037,0.662,0.67,1.6
72,29,-0.137,-0.99,0.037,0.662,0,1.0,-0.157,-1.179,0.05,0.825,0.67,1.6
72,30,-0.157,-1.179,0.05,0.825,1,1.0,-0.18,-0.991,0.067,0.677,0.67,1.6
72,31,-0.18,-0.991,0.067,0.677,1,1.0,-0.2,-0.802,0.08,0.532,0.67,1.6
72,32,-0.2,-0.802,0.08,0.532,1,1.0,-0.216,-0.614,0.091,0.39,0.67,1.6
72,33,-0.216,-0.614,0.091,0.39,0,1.0,-0.228,-0.804,0.099,0.561,0.67,1.6
72,34,-0.228,-0.804,0.099,0.561,0,1.0,-0.245,-0.993,0.11,0.732,0.67,1.6
72,35,-0.245,-0.993,0.11,0.732,1,1.0,-0.264,-0.805,0.124,0.596,0.67,1.6
72,36,-0.264,-0.805,0.124,0.596,1,1.0,-0.281,-0.617,0.136,0.463,0.67,1.6
72,37,-0.281,-0.617,0.136,0.463,0,1.0,-0.293,-0.807,0.146,0.639,0.67,1.6
72,38,-0.293,-0.807,0.146,0.639,0,1.0,-0.309,-0.997,0.158,0.815,0.67,1.6
72,39,-0.309,-0.997,0.158,0.815,1,1.0,-0.329,-0.809,0.175,0.69,0.67,1.6
72,40,-0.329,-0.809,0.175,0.69,1,1.0,-0.345,-0.622,0.189,0.568,0.67,1.6
72,41,-0.345,-0.622,0.189,0.568,1,1.0,-0.358,-0.435,0.2,0.449,0.67,1.6
72,42,-0.358,-0.435,0.2,0.449,0,1.0,-0.366,-0.625,0.209,0.63,0.67,1.6
72,43,-0.366,-0.625,0.209,0.63,1,1.0,-0.379,-0.438,0.221,0.516,0.67,1.6
73,0,-0.001,-0.02,-0.023,0.049,1,1.0,-0.001,0.18,-0.022,-0.341,0.81,0.8
73,1,-0.001,0.18,-0.022,-0.341,0,1.0,0.002,-0.019,-0.029,0.03,0.81,0.8
73,2,0.002,-0.019,-0.029,0.03,1,1.0,0.002,0.181,-0.028,-0.362,0.81,0.8
73,3,0.002,0.181,-0.028,-0.362,1,1.0,0.006,0.38,-0.036,-0.754,0.81,0.8
73,4,0.006,0.38,-0.036,-0.754,0,1.0,0.013,0.182,-0.051,-0.389,0.81,0.8
73,5,0.013,0.182,-0.051,-0.389,1,1.0,0.017,0.382,-0.058,-0.788,0.81,0.8
73,6,0.017,0.382,-0.058,-0.788,0,1.0,0.025,0.184,-0.074,-0.434,0.81,0.8
73,7,0.025,0.184,-0.074,-0.434,0,1.0,0.028,-0.014,-0.083,-0.087,0.81,0.8
73,8,0.028,-0.014,-0.083,-0.087,0,1.0,0.028,-0.211,-0.085,0.256,0.81,0.8
73,9,0.028,-0.211,-0.085,0.256,1,1.0,0.024,-0.01,-0.08,-0.155,0.81,0.8
73,10,0.024,-0.01,-0.08,-0.155,1,1.0,0.024,0.19,-0.083,-0.564,0.81,0.8
73,11,0.024,0.19,-0.083,-0.564,0,1.0,0.027,-0.007,-0.094,-0.221,0.81,0.8
73,12,0.027,-0.007,-0.094,-0.221,1,1.0,0.027,0.193,-0.098,-0.634,0.81,0.8
73,13,0.027,0.193,-0.098,-0.634,0,1.0,0.031,-0.004,-0.111,-0.299,0.81,0.8
73,14,0.031,-0.004,-0.111,-0.299,0,1.0,0.031,-0.201,-0.117,0.029,0.81,0.8
73,15,0.031,-0.201,-0.117,0.029,1,1.0,0.027,0.0,-0.116,-0.39,0.81,0.8
73,16,0.027,0.0,-0.116,-0.39,1,1.0,0.027,0.201,-0.124,-0.809,0.81,0.8
73,17,0.027,0.201,-0.124,-0.809,0,1.0,0.031,0.004,-0.14,-0.488,0.81,0.8
73,18,0.031,0.004,-0.14,-0.488,1,1.0,0.031,0.205,-0.15,-0.912,0.81,0.8
73,19,0.031,0.205,-0.15,-0.912,0,1.0,0.035,0.01,-0.168,-0.605,0.81,0.8
73,20,0.035,0.01,-0.168,-0.605,0,1.0,0.035,-0.186,-0.181,-0.309,0.81,0.8
73,21,0.035,-0.186,-0.181,-0.309,0,1.0,0.032,-0.38,-0.187,-0.02,0.81,0.8
73,22,0.032,-0.38,-0.187,-0.02,1,1.0,0.024,-0.179,-0.187,-0.452,0.81,0.8
73,23,0.024,-0.179,-0.187,-0.452,1,1.0,0.02,0.022,-0.196,-0.884,0.81,0.8
73,24,0.02,0.022,-0.196,-0.884,0,1.0,0.021,-0.173,-0.214,-0.603,0.81,0.8
74,0,0.039,0.002,0.018,0.017,1,1.0,0.039,0.194,0.018,-0.208,0.22,0.7
74,1,0.039,0.194,0.018,-0.208,0,1.0,0.043,0.002,0.014,0.026,0.22,0.7
74,2,0.043,0.002,0.014,0.026,1,1.0,0.043,0.194,0.014,-0.2,0.22,0.7
74,3,0.043,0.194,0.014,-0.2,0,1.0,0.047,0.001,0.01,0.033,0.22,0.7
74,4,0.047,0.001,0.01,0.033,0,1.0,0.047,-0.191,0.011,0.264,0.22,0.7
74,5,0.047,-0.191,0.011,0.264,0,1.0,0.043,-0.383,0.016,0.496,0.22,0.7
74,6,0.043,-0.383,0.016,0.496,1,1.0,0.036,-0.191,0.026,0.271,0.22,0.7
74,7,0.036,-0.191,0.026,0.271,1,1.0,0.032,0.001,0.032,0.049,0.22,0.7
74,8,0.032,0.001,0.032,0.049,1,1.0,0.032,0.193,0.033,-0.173,0.22,0.7
74,9,0.032,0.193,0.033,-0.173,0,1.0,0.036,-0.0,0.029,0.064,0.22,0.7
74,10,0.036,-0.0,0.029,0.064,1,1.0,0.036,0.192,0.03,-0.157,0.22,0.7
74,11,0.036,0.192,0.03,-0.157,1,1.0,0.04,0.384,0.027,-0.379,0.22,0.7
74,12,0.04,0.384,0.027,-0.379,1,1.0,0.047,0.576,0.02,-0.601,0.22,0.7
74,13,0.047,0.576,0.02,-0.601,0,1.0,0.059,0.383,0.008,-0.367,0.22,0.7
74,14,0.059,0.383,0.008,-0.367,1,1.0,0.067,0.575,0.0,-0.595,0.22,0.7
74,15,0.067,0.575,0.0,-0.595,0,1.0,0.078,0.383,-0.012,-0.365,0.22,0.7
74,16,0.078,0.383,-0.012,-0.365,0,1.0,0.086,0.191,-0.019,-0.139,0.22,0.7
74,17,0.086,0.191,-0.019,-0.139,1,1.0,0.09,0.383,-0.022,-0.373,0.22,0.7
74,18,0.09,0.383,-0.022,-0.373,0,1.0,0.097,0.191,-0.029,-0.149,0.22,0.7
74,19,0.097,0.191,-0.029,-0.149,1,1.0,0.101,0.384,-0.032,-0.385,0.22,0.7
74,20,0.101,0.384,-0.032,-0.385,1,1.0,0.109,0.577,-0.04,-0.622,0.22,0.7
74,21,0.109,0.577,-0.04,-0.622,0,1.0,0.12,0.385,-0.052,-0.403,0.22,0.7
74,22,0.12,0.385,-0.052,-0.403,1,1.0,0.128,0.578,-0.06,-0.645,0.22,0.7
74,23,0.128,0.578,-0.06,-0.645,1,1.0,0.139,0.77,-0.073,-0.888,0.22,0.7
74,24,0.139,0.77,-0.073,-0.888,1,1.0,0.155,0.963,-0.091,-1.135,0.22,0.7
74,25,0.155,0.963,-0.091,-1.135,0,1.0,0.174,0.772,-0.114,-0.929,0.22,0.7
74,26,0.174,0.772,-0.114,-0.929,0,1.0,0.19,0.581,-0.132,-0.73,0.22,0.7
74,27,0.19,0.581,-0.132,-0.73,1,1.0,0.201,0.775,-0.147,-0.989,0.22,0.7
74,28,0.201,0.775,-0.147,-0.989,0,1.0,0.217,0.584,-0.167,-0.798,0.22,0.7
74,29,0.217,0.584,-0.167,-0.798,0,1.0,0.228,0.394,-0.183,-0.614,0.22,0.7
74,30,0.228,0.394,-0.183,-0.614,0,1.0,0.236,0.204,-0.195,-0.435,0.22,0.7
74,31,0.236,0.204,-0.195,-0.435,0,1.0,0.24,0.014,-0.204,-0.259,0.22,0.7
74,32,0.24,0.014,-0.204,-0.259,0,1.0,0.241,-0.175,-0.209,-0.086,0.22,0.7
74,33,0.241,-0.175,-0.209,-0.086,0,1.0,0.237,-0.365,-0.21,0.086,0.22,0.7
75,0,-0.029,-0.035,0.016,0.018,0,1.0,-0.029,-0.386,0.017,3.74,0.92,0.1
75,1,-0.029,-0.386,0.017,3.74,0,1.0,-0.037,-0.736,0.092,7.458,0.92,0.1
75,2,-0.037,-0.736,0.092,7.458,0,1.0,-0.052,-1.088,0.241,11.315,0.92,0.1
76,0,0.031,0.049,0.018,0.022,0,1.0,0.032,-0.14,0.019,0.176,0.36,1.2
76,1,0.032,-0.14,0.019,0.176,0,1.0,0.029,-0.329,0.022,0.329,0.36,1.2
76,2,0.029,-0.329,0.022,0.329,0,1.0,0.022,-0.518,0.029,0.483,0.36,1.2
76,3,0.022,-0.518,0.029,0.483,1,1.0,0.012,-0.329,0.038,0.338,0.36,1.2
76,4,0.012,-0.329,0.038,0.338,0,1.0,0.005,-0.518,0.045,0.494,0.36,1.2
76,5,0.005,-0.518,0.045,0.494,1,1.0,-0.005,-0.33,0.055,0.351,0.36,1.2
76,6,-0.005,-0.33,0.055,0.351,0,1.0,-0.012,-0.519,0.062,0.51,0.36,1.2
76,7,-0.012,-0.519,0.062,0.51,0,1.0,-0.022,-0.708,0.072,0.67,0.36,1.2
76,8,-0.022,-0.708,0.072,0.67,0,1.0,-0.036,-0.897,0.086,0.832,0.36,1.2
76,9,-0.036,-0.897,0.086,0.832,1,1.0,-0.054,-0.709,0.102,0.696,0.36,1.2
76,10,-0.054,-0.709,0.102,0.696,0,1.0,-0.068,-0.898,0.116,0.862,0.36,1.2
76,11,-0.068,-0.898,0.116,0.862,0,1.0,-0.086,-1.088,0.134,1.03,0.36,1.2
76,12,-0.086,-1.088,0.134,1.03,0,1.0,-0.108,-1.277,0.154,1.199,0.36,1.2
76,13,-0.108,-1.277,0.154,1.199,1,1.0,-0.134,-1.09,0.178,1.076,0.36,1.2
76,14,-0.134,-1.09,0.178,1.076,1,1.0,-0.155,-0.902,0.2,0.958,0.36,1.2
76,15,-0.155,-0.902,0.2,0.958,1,1.0,-0.173,-0.715,0.219,0.844,0.36,1.2
77,0,0.029,0.005,-0.026,-0.017,1,1.0,0.029,0.219,-0.026,-0.728,0.89,0.0
77,1,0.029,0.219,-0.026,-0.728,0,1.0,0.033,0.007,-0.041,-0.055,0.89,0.0
77,2,0.033,0.007,-0.041,-0.055,0,1.0,0.033,-0.205,-0.042,0.606,0.89,0.0
77,3,0.033,-0.205,-0.042,0.606,0,1.0,0.029,-0.417,-0.029,1.266,0.89,0.0
77,4,0.029,-0.417,-0.029,1.266,1,1.0,0.021,-0.203,-0.004,0.552,0.89,0.0
77,5,0.021,-0.203,-0.004,0.552,0,1.0,0.017,-0.416,0.007,1.243,0.89,0.0
77,6,0.017,-0.416,0.007,1.243,1,1.0,0.008,-0.203,0.032,0.554,0.89,0.0
77,7,0.008,-0.203,0.032,0.554,0,1.0,0.004,-0.417,0.043,1.27,0.89,0.0
77,8,0.004,-0.417,0.043,1.27,1,1.0,-0.004,-0.205,0.068,0.611,0.89,0.0
77,9,-0.004,-0.205,0.068,0.611,1,1.0,-0.008,0.006,0.08,-0.026,0.89,0.0
77,10,-0.008,0.006,0.08,-0.026,1,1.0,-0.008,0.216,0.08,-0.651,0.89,0.0
77,11,-0.008,0.216,0.08,-0.651,0,1.0,-0.004,0.0,0.067,0.093,0.89,0.0
77,12,-0.004,0.0,0.067,0.093,0,1.0,-0.004,-0.215,0.069,0.83,0.89,0.0
77,13,-0.004,-0.215,0.069,0.83,0,1.0,-0.008,-0.43,0.085,1.567,0.89,0.0
77,14,-0.008,-0.43,0.085,1.567,1,1.0,-0.017,-0.22,0.117,0.946,0.89,0.0
77,15,-0.017,-0.22,0.117,0.946,1,1.0,-0.021,-0.012,0.136,0.356,0.89,0.0
77,16,-0.021,-0.012,0.136,0.356,0,1.0,-0.021,-0.228,0.143,1.123,0.89,0.0
77,17,-0.021,-0.228,0.143,1.123,1,1.0,-0.026,-0.021,0.165,0.56,0.89,0.0
77,18,-0.026,-0.021,0.165,0.56,0,1.0,-0.026,-0.237,0.176,1.334,0.89,0.0
77,19,-0.026,-0.237,0.176,1.334,1,1.0,-0.031,-0.031,0.203,0.807,0.89,0.0
77,20,-0.031,-0.031,0.203,0.807,0,1.0,-0.032,-0.248,0.219,1.587,0.89,0.0
78,0,-0.008,0.042,0.002,0.034,1,1.0,-0.007,0.237,0.002,-0.269,0.96,1.3
78,1,-0.007,0.237,0.002,-0.269,1,1.0,-0.003,0.433,-0.003,-0.572,0.96,1.3
78,2,-0.003,0.433,-0.003,-0.572,1,1.0,0.006,0.628,-0.014,-0.877,0.96,1.3
78,3,0.006,0.628,-0.014,-0.877,0,1.0,0.019,0.433,-0.032,-0.578,0.96,1.3
78,4,0.019,0.433,-0.032,-0.578,1,1.0,0.027,0.629,-0.043,-0.891,0.96,1.3
78,5,0.027,0.629,-0.043,-0.891,0,1.0,0.04,0.434,-0.061,-0.603,0.96,1.3
78,6,0.04,0.434,-0.061,-0.603,1,1.0,0.049,0.63,-0.073,-0.924,0.96,1.3
78,7,0.049,0.63,-0.073,-0.924,1,1.0,0.061,0.827,-0.092,-1.247,0.96,1.3
78,8,0.061,0.827,-0.092,-1.247,1,1.0,0.078,1.023,-0.117,-1.574,0.96,1.3
78,9,0.078,1.023,-0.117,-1.574,1,1.0,0.098,1.22,-0.148,-1.905,0.96,1.3
78,10,0.098,1.22,-0.148,-1.905,1,1.0,0.123,1.416,-0.186,-2.239,0.96,1.3
78,11,0.123,1.416,-0.186,-2.239,0,1.0,0.151,1.223,-0.231,-2.015,0.96,1.3
79,0,0.042,-0.043,0.042,-0.046,0,1.0,0.041,-0.242,0.041,0.328,0.07,0.4
79,1,0.041,-0.242,0.041,0.328,1,1.0,0.036,-0.044,0.048,-0.014,0.07,0.4
79,2,0.036,-0.044,0.048,-0.014,0,1.0,0.035,-0.243,0.048,0.362,0.07,0.4
79,3,0.035,-0.243,0.048,0.362,0,1.0,0.031,-0.442,0.055,0.738,0.07,0.4
79,4,0.031,-0.442,0.055,0.738,1,1.0,0.022,-0.245,0.07,0.401,0.07,0.4
79,5,0.022,-0.245,0.07,0.401,1,1.0,0.017,-0.048,0.078,0.071,0.07,0.4
79,6,0.017,-0.048,0.078,0.071,1,1.0,0.016,0.148,0.079,-0.256,0.07,0.4
79,7,0.016,0.148,0.079,-0.256,0,1.0,0.019,-0.051,0.074,0.132,0.07,0.4
79,8,0.019,-0.051,0.074,0.132,0,1.0,0.018,-0.25,0.077,0.517,0.07,0.4
79,9,0.018,-0.25,0.077,0.517,0,1.0,0.013,-0.449,0.087,0.903,0.07,0.4
79,10,0.013,-0.449,0.087,0.903,0,1.0,0.004,-0.649,0.105,1.293,0.07,0.4
79,11,0.004,-0.649,0.105,1.293,0,1.0,-0.009,-0.848,0.131,1.689,0.07,0.4
79,12,-0.009,-0.848,0.131,1.689,0,1.0,-0.026,-1.048,0.165,2.094,0.07,0.4
79,13,-0.026,-1.048,0.165,2.094,1,1.0,-0.047,-0.853,0.207,1.803,0.07,0.4
79,14,-0.047,-0.853,0.207,1.803,0,1.0,-0.064,-1.053,0.243,2.23,0.07,0.4
80,0,0.024,-0.048,-0.046,0.009,0,1.0,0.023,-0.245,-0.046,0.34,0.99,1.2
80,1,0.023,-0.245,-0.046,0.34,1,1.0,0.018,-0.047,-0.039,-0.025,0.99,1.2
80,2,0.018,-0.047,-0.039,-0.025,0,1.0,0.017,-0.244,-0.04,0.308,0.99,1.2
80,3,0.017,-0.244,-0.04,0.308,1,1.0,0.012,-0.045,-0.034,-0.055,0.99,1.2
80,4,0.012,-0.045,-0.034,-0.055,1,1.0,0.011,0.153,-0.035,-0.416,0.99,1.2
80,5,0.011,0.153,-0.035,-0.416,0,1.0,0.014,-0.044,-0.043,-0.081,0.99,1.2
80,6,0.014,-0.044,-0.043,-0.081,1,1.0,0.013,0.154,-0.045,-0.445,0.99,1.2
80,7,0.013,0.154,-0.045,-0.445,1,1.0,0.016,0.353,-0.054,-0.81,0.99,1.2
80,8,0.016,0.353,-0.054,-0.81,0,1.0,0.023,0.156,-0.07,-0.482,0.99,1.2
80,9,0.023,0.156,-0.07,-0.482,1,1.0,0.027,0.355,-0.079,-0.854,0.99,1.2
80,10,0.027,0.355,-0.079,-0.854,1,1.0,0.034,0.553,-0.097,-1.227,0.99,1.2
80,11,0.034,0.553,-0.097,-1.227,0,1.0,0.045,0.357,-0.121,-0.921,0.99,1.2
80,12,0.045,0.357,-0.121,-0.921,1,1.0,0.052,0.556,-0.14,-1.302,0.99,1.2
80,13,0.052,0.556,-0.14,-1.302,1,1.0,0.063,0.755,-0.166,-1.685,0.99,1.2
80,14,0.063,0.755,-0.166,-1.685,1,1.0,0.078,0.954,-0.199,-2.07,0.99,1.2
80,15,0.078,0.954,-0.199,-2.07,0,1.0,0.097,0.76,-0.241,-1.82,0.99,1.2
81,0,-0.007,-0.029,0.041,0.011,1,1.0,-0.007,0.193,0.041,-0.875,0.39,0.2
81,1,-0.007,0.193,0.041,-0.875,0,1.0,-0.003,-0.033,0.024,0.094,0.39,0.2
81,2,-0.003,-0.033,0.024,0.094,0,1.0,-0.004,-0.258,0.026,1.046,0.39,0.2
81,3,-0.004,-0.258,0.026,1.046,1,1.0,-0.009,-0.035,0.047,0.143,0.39,0.2
81,4,-0.009,-0.035,0.047,0.143,1,1.0,-0.01,0.187,0.05,-0.737,0.39,0.2
81,5,-0.01,0.187,0.05,-0.737,0,1.0,-0.006,-0.039,0.035,0.239,0.39,0.2
81,6,-0.006,-0.039,0.035,0.239,1,1.0,-0.007,0.183,0.04,-0.654,0.39,0.2
81,7,-0.007,0.183,0.04,-0.654,1,1.0,-0.003,0.405,0.027,-1.542,0.39,0.2
81,8,-0.003,0.405,0.027,-1.542,0,1.0,0.005,0.18,-0.004,-0.587,0.39,0.2
81,9,0.005,0.18,-0.004,-0.587,1,1.0,0.009,0.405,-0.016,-1.52,0.39,0.2
81,10,0.009,0.405,-0.016,-1.52,0,1.0,0.017,0.181,-0.046,-0.608,0.39,0.2
81,11,0.017,0.181,-0.046,-0.608,0,1.0,0.02,-0.041,-0.059,0.273,0.39,0.2
81,12,0.02,-0.041,-0.059,0.273,0,1.0,0.019,-0.262,-0.053,1.141,0.39,0.2
81,13,0.019,-0.262,-0.053,1.141,1,1.0,0.014,-0.036,-0.03,0.161,0.39,0.2
81,14,0.014,-0.036,-0.03,0.161,0,1.0,0.013,-0.258,-0.027,1.059,0.39,0.2
81,15,0.013,-0.258,-0.027,1.059,0,1.0,0.008,-0.481,-0.006,1.96,0.39,0.2
81,16,0.008,-0.481,-0.006,1.96,1,1.0,-0.001,-0.257,0.033,1.026,0.39,0.2
81,17,-0.001,-0.257,0.033,1.026,1,1.0,-0.006,-0.034,0.054,0.131,0.39,0.2
81,18,-0.006,-0.034,0.054,0.131,1,1.0,-0.007,0.187,0.056,-0.742,0.39,0.2
81,19,-0.007,0.187,0.056,-0.742,0,1.0,-0.003,-0.039,0.042,0.24,0.39,0.2
81,20,-0.003,-0.039,0.042,0.24,1,1.0,-0.004,0.183,0.046,-0.645,0.39,0.2
81,21,-0.004,0.183,0.046,-0.645,1,1.0,-0.0,0.405,0.033,-1.526,0.39,0.2
81,22,-0.0,0.405,0.033,-1.526,1,1.0,0.008,0.627,0.003,-2.421,0.39,0.2
81,23,0.008,0.627,0.003,-2.421,1,1.0,0.02,0.851,-0.045,-3.347,0.39,0.2
81,24,0.02,0.851,-0.045,-3.347,1,1.0,0.037,1.077,-0.112,-4.317,0.39,0.2
81,25,0.037,1.077,-0.112,-4.317,0,1.0,0.059,0.856,-0.199,-3.501,0.39,0.2
81,26,0.059,0.856,-0.199,-3.501,0,1.0,0.076,0.64,-0.269,-2.787,0.39,0.2
82,0,0.05,0.035,-0.028,0.048,1,1.0,0.05,0.233,-0.027,-0.291,0.6,0.7
82,1,0.05,0.233,-0.027,-0.291,0,1.0,0.055,0.036,-0.033,0.028,0.6,0.7
82,2,0.055,0.036,-0.033,0.028,1,1.0,0.056,0.234,-0.033,-0.313,0.6,0.7
82,3,0.056,0.234,-0.033,-0.313,1,1.0,0.061,0.431,-0.039,-0.653,0.6,0.7
82,4,0.061,0.431,-0.039,-0.653,1,1.0,0.069,0.628,-0.052,-0.996,0.6,0.7
82,5,0.069,0.628,-0.052,-0.996,0,1.0,0.082,0.432,-0.072,-0.686,0.6,0.7
82,6,0.082,0.432,-0.072,-0.686,0,1.0,0.09,0.237,-0.085,-0.384,0.6,0.7
82,7,0.09,0.237,-0.085,-0.384,0,1.0,0.095,0.042,-0.093,-0.087,0.6,0.7
82,8,0.095,0.042,-0.093,-0.087,0,1.0,0.096,-0.154,-0.095,0.206,0.6,0.7
82,9,0.096,-0.154,-0.095,0.206,1,1.0,0.093,0.045,-0.091,-0.153,0.6,0.7
82,10,0.093,0.045,-0.091,-0.153,0,1.0,0.094,-0.151,-0.094,0.141,0.6,0.7
82,11,0.094,-0.151,-0.094,0.141,0,1.0,0.091,-0.346,-0.091,0.434,0.6,0.7
82,12,0.091,-0.346,-0.091,0.434,0,1.0,0.084,-0.541,-0.082,0.729,0.6,0.7
82,13,0.084,-0.541,-0.082,0.729,1,1.0,0.073,-0.343,-0.068,0.373,0.6,0.7
82,14,0.073,-0.343,-0.068,0.373,0,1.0,0.066,-0.539,-0.06,0.677,0.6,0.7
82,15,0.066,-0.539,-0.06,0.677,0,1.0,0.055,-0.734,-0.047,0.983,0.6,0.7
82,16,0.055,-0.734,-0.047,0.983,0,1.0,0.041,-0.93,-0.027,1.296,0.6,0.7
82,17,0.041,-0.93,-0.027,1.296,1,1.0,0.022,-0.733,-0.001,0.957,0.6,0.7
82,18,0.022,-0.733,-0.001,0.957,0,1.0,0.007,-0.93,0.018,1.286,0.6,0.7
82,19,0.007,-0.93,0.018,1.286,1,1.0,-0.011,-0.733,0.044,0.963,0.6,0.7
82,20,-0.011,-0.733,0.044,0.963,1,1.0,-0.026,-0.537,0.063,0.649,0.6,0.7
82,21,-0.026,-0.537,0.063,0.649,1,1.0,-0.037,-0.342,0.076,0.343,0.6,0.7
82,22,-0.037,-0.342,0.076,0.343,0,1.0,-0.043,-0.539,0.083,0.698,0.6,0.7
82,23,-0.043,-0.539,0.083,0.698,0,1.0,-0.054,-0.737,0.097,1.054,0.6,0.7
82,24,-0.054,-0.737,0.097,1.054,1,1.0,-0.069,-0.542,0.118,0.762,0.6,0.7
82,25,-0.069,-0.542,0.118,0.762,1,1.0,-0.08,-0.348,0.133,0.479,0.6,0.7
82,26,-0.08,-0.348,0.133,0.479,0,1.0,-0.087,-0.546,0.143,0.848,0.6,0.7
82,27,-0.087,-0.546,0.143,0.848,0,1.0,-0.098,-0.744,0.16,1.22,0.6,0.7
82,28,-0.098,-0.744,0.16,1.22,1,1.0,-0.113,-0.551,0.184,0.955,0.6,0.7
82,29,-0.113,-0.551,0.184,0.955,0,1.0,-0.124,-0.749,0.203,1.335,0.6,0.7
82,30,-0.124,-0.749,0.203,1.335,0,1.0,-0.139,-0.948,0.23,1.718,0.6,0.7
83,0,-0.018,-0.046,0.013,-0.019,0,1.0,-0.019,-0.235,0.013,0.147,0.79,1.8
83,1,-0.019,-0.235,0.013,0.147,1,1.0,-0.024,-0.046,0.015,-0.015,0.79,1.8
83,2,-0.024,-0.046,0.015,-0.015,1,1.0,-0.025,0.143,0.015,-0.176,0.79,1.8
83,3,-0.025,0.143,0.015,-0.176,1,1.0,-0.022,0.333,0.012,-0.338,0.79,1.8
83,4,-0.022,0.333,0.012,-0.338,1,1.0,-0.015,0.522,0.005,-0.5,0.79,1.8
83,5,-0.015,0.522,0.005,-0.5,0,1.0,-0.005,0.332,-0.005,-0.335,0.79,1.8
83,6,-0.005,0.332,-0.005,-0.335,1,1.0,0.002,0.522,-0.012,-0.5,0.79,1.8
83,7,0.002,0.522,-0.012,-0.5,0,1.0,0.012,0.333,-0.022,-0.338,0.79,1.8
83,8,0.012,0.333,-0.022,-0.338,1,1.0,0.019,0.522,-0.029,-0.506,0.79,1.8
83,9,0.019,0.522,-0.029,-0.506,1,1.0,0.029,0.712,-0.039,-0.675,0.79,1.8
83,10,0.029,0.712,-0.039,-0.675,0,1.0,0.043,0.523,-0.052,-0.518,0.79,1.8
83,11,0.043,0.523,-0.052,-0.518,0,1.0,0.054,0.334,-0.062,-0.363,0.79,1.8
83,12,0.054,0.334,-0.062,-0.363,0,1.0,0.061,0.145,-0.07,-0.211,0.79,1.8
83,13,0.061,0.145,-0.07,-0.211,1,1.0,0.064,0.335,-0.074,-0.386,0.79,1.8
83,14,0.064,0.335,-0.074,-0.386,0,1.0,0.07,0.146,-0.082,-0.237,0.79,1.8
83,15,0.07,0.146,-0.082,-0.237,1,1.0,0.073,0.336,-0.086,-0.413,0.79,1.8
83,16,0.073,0.336,-0.086,-0.413,0,1.0,0.08,0.147,-0.095,-0.266,0.79,1.8
83,17,0.08,0.147,-0.095,-0.266,0,1.0,0.083,-0.041,-0.1,-0.121,0.79,1.8
83,18,0.083,-0.041,-0.1,-0.121,1,1.0,0.082,0.149,-0.102,-0.3,0.79,1.8
83,19,0.082,0.149,-0.102,-0.3,0,1.0,0.085,-0.039,-0.108,-0.157,0.79,1.8
83,20,0.085,-0.039,-0.108,-0.157,1,1.0,0.084,0.151,-0.112,-0.337,0.79,1.8
83,21,0.084,0.151,-0.112,-0.337,1,1.0,0.087,0.341,-0.118,-0.517,0.79,1.8
83,22,0.087,0.341,-0.118,-0.517,0,1.0,0.094,0.152,-0.129,-0.377,0.79,1.8
83,23,0.094,0.152,-0.129,-0.377,0,1.0,0.097,-0.036,-0.136,-0.239,0.79,1.8
83,24,0.097,-0.036,-0.136,-0.239,0,1.0,0.096,-0.224,-0.141,-0.104,0.79,1.8
83,25,0.096,-0.224,-0.141,-0.104,0,1.0,0.092,-0.411,-0.143,0.031,0.79,1.8
83,26,0.092,-0.411,-0.143,0.031,1,1.0,0.084,-0.221,-0.142,-0.152,0.79,1.8
83,27,0.084,-0.221,-0.142,-0.152,1,1.0,0.079,-0.031,-0.145,-0.336,0.79,1.8
83,28,0.079,-0.031,-0.145,-0.336,1,1.0,0.079,0.159,-0.152,-0.519,0.79,1.8
83,29,0.079,0.159,-0.152,-0.519,0,1.0,0.082,-0.029,-0.163,-0.387,0.79,1.8
83,30,0.082,-0.029,-0.163,-0.387,1,1.0,0.081,0.161,-0.17,-0.572,0.79,1.8
83,31,0.081,0.161,-0.17,-0.572,1,1.0,0.084,0.351,-0.182,-0.758,0.79,1.8
83,32,0.084,0.351,-0.182,-0.758,0,1.0,0.091,0.164,-0.197,-0.633,0.79,1.8
83,33,0.091,0.164,-0.197,-0.633,0,1.0,0.095,-0.024,-0.21,-0.512,0.79,1.8
84,0,0.023,0.04,0.025,0.038,1,1.0,0.024,0.236,0.026,-0.276,0.78,0.9
84,1,0.024,0.236,0.026,-0.276,1,1.0,0.029,0.432,0.02,-0.591,0.78,0.9
84,2,0.029,0.432,0.02,-0.591,1,1.0,0.037,0.628,0.008,-0.907,0.78,0.9
84,3,0.037,0.628,0.008,-0.907,0,1.0,0.05,0.432,-0.01,-0.58,0.78,0.9
84,4,0.05,0.432,-0.01,-0.58,0,1.0,0.059,0.235,-0.021,-0.26,0.78,0.9
84,5,0.059,0.235,-0.021,-0.26,0,1.0,0.063,0.039,-0.027,0.056,0.78,0.9
84,6,0.063,0.039,-0.027,0.056,0,1.0,0.064,-0.157,-0.025,0.37,0.78,0.9
84,7,0.064,-0.157,-0.025,0.37,1,1.0,0.061,0.04,-0.018,0.037,0.78,0.9
84,8,0.061,0.04,-0.018,0.037,0,1.0,0.062,-0.156,-0.017,0.355,0.78,0.9
84,9,0.062,-0.156,-0.017,0.355,0,1.0,0.059,-0.352,-0.01,0.672,0.78,0.9
84,10,0.059,-0.352,-0.01,0.672,1,1.0,0.052,-0.156,0.003,0.345,0.78,0.9
84,11,0.052,-0.156,0.003,0.345,0,1.0,0.048,-0.352,0.01,0.67,0.78,0.9
84,12,0.048,-0.352,0.01,0.67,1,1.0,0.041,-0.156,0.023,0.35,0.78,0.9
84,13,0.041,-0.156,0.023,0.35,0,1.0,0.038,-0.353,0.03,0.681,0.78,0.9
84,14,0.038,-0.353,0.03,0.681,0,1.0,0.031,-0.55,0.044,1.015,0.78,0.9
84,15,0.031,-0.55,0.044,1.015,1,1.0,0.02,-0.354,0.064,0.708,0.78,0.9
84,16,0.02,-0.354,0.064,0.708,0,1.0,0.013,-0.551,0.079,1.051,0.78,0.9
84,17,0.013,-0.551,0.079,1.051,0,1.0,0.002,-0.749,0.1,1.399,0.78,0.9
84,18,0.002,-0.749,0.1,1.399,0,1.0,-0.013,-0.946,0.128,1.751,0.78,0.9
84,19,-0.013,-0.946,0.128,1.751,1,1.0,-0.032,-0.752,0.163,1.479,0.78,0.9
84,20,-0.032,-0.752,0.163,1.479,1,1.0,-0.047,-0.558,0.192,1.223,0.78,0.9
84,21,-0.047,-0.558,0.192,1.223,1,1.0,-0.058,-0.366,0.217,0.982,0.78,0.9
85,0,-0.046,-0.003,-0.004,-0.002,1,1.0,-0.046,0.197,-0.004,-0.393,0.61,0.6
85,1,-0.046,0.197,-0.004,-0.393,0,1.0,-0.042,-0.003,-0.012,-0.005,0.61,0.6
85,2,-0.042,-0.003,-0.012,-0.005,1,1.0,-0.042,0.197,-0.012,-0.399,0.61,0.6
85,3,-0.042,0.197,-0.012,-0.399,0,1.0,-0.038,-0.002,-0.02,-0.015,0.61,0.6
85,4,-0.038,-0.002,-0.02,-0.015,1,1.0,-0.038,0.198,-0.02,-0.412,0.61,0.6
85,5,-0.038,0.198,-0.02,-0.412,0,1.0,-0.034,-0.001,-0.028,-0.032,0.61,0.6
85,6,-0.034,-0.001,-0.028,-0.032,0,1.0,-0.034,-0.2,-0.029,0.345,0.61,0.6
85,7,-0.034,-0.2,-0.029,0.345,0,1.0,-0.038,-0.399,-0.022,0.722,0.61,0.6
85,8,-0.038,-0.399,-0.022,0.722,1,1.0,-0.046,-0.199,-0.008,0.324,0.61,0.6
85,9,-0.046,-0.199,-0.008,0.324,0,1.0,-0.05,-0.399,-0.001,0.71,0.61,0.6
85,10,-0.05,-0.399,-0.001,0.71,1,1.0,-0.058,-0.199,0.013,0.32,0.61,0.6
85,11,-0.058,-0.199,0.013,0.32,0,1.0,-0.062,-0.399,0.02,0.715,0.61,0.6
85,12,-0.062,-0.399,0.02,0.715,1,1.0,-0.07,-0.2,0.034,0.334,0.61,0.6
85,13,-0.07,-0.2,0.034,0.334,0,1.0,-0.074,-0.4,0.04,0.737,0.61,0.6
85,14,-0.074,-0.4,0.04,0.737,1,1.0,-0.082,-0.201,0.055,0.365,0.61,0.6
85,15,-0.082,-0.201,0.055,0.365,0,1.0,-0.086,-0.402,0.063,0.776,0.61,0.6
85,16,-0.086,-0.402,0.063,0.776,0,1.0,-0.094,-0.602,0.078,1.189,0.61,0.6
85,17,-0.094,-0.602,0.078,1.189,1,1.0,-0.106,-0.404,0.102,0.835,0.61,0.6
85,18,-0.106,-0.404,0.102,0.835,1,1.0,-0.114,-0.207,0.119,0.493,0.61,0.6
85,19,-0.114,-0.207,0.119,0.493,1,1.0,-0.118,-0.01,0.128,0.16,0.61,0.6
85,20,-0.118,-0.01,0.128,0.16,1,1.0,-0.118,0.187,0.132,-0.169,0.61,0.6
85,21,-0.118,0.187,0.132,-0.169,1,1.0,-0.115,0.383,0.128,-0.495,0.61,0.6
85,22,-0.115,0.383,0.128,-0.495,1,1.0,-0.107,0.58,0.118,-0.824,0.61,0.6
85,23,-0.107,0.58,0.118,-0.824,1,1.0,-0.095,0.777,0.102,-1.158,0.61,0.6
85,24,-0.095,0.777,0.102,-1.158,0,1.0,-0.08,0.576,0.079,-0.731,0.61,0.6
85,25,-0.08,0.576,0.079,-0.731,0,1.0,-0.068,0.375,0.064,-0.312,0.61,0.6
85,26,-0.068,0.375,0.064,-0.312,0,1.0,-0.061,0.174,0.058,0.102,0.61,0.6
85,27,-0.061,0.174,0.058,0.102,0,1.0,-0.057,-0.026,0.06,0.513,0.61,0.6
85,28,-0.057,-0.026,0.06,0.513,0,1.0,-0.058,-0.227,0.07,0.926,0.61,0.6
85,29,-0.058,-0.227,0.07,0.926,0,1.0,-0.062,-0.427,0.089,1.342,0.61,0.6
85,30,-0.062,-0.427,0.089,1.342,1,1.0,-0.071,-0.23,0.115,0.993,0.61,0.6
85,31,-0.071,-0.23,0.115,0.993,0,1.0,-0.076,-0.431,0.135,1.423,0.61,0.6
85,32,-0.076,-0.431,0.135,1.423,0,1.0,-0.084,-0.632,0.164,1.859,0.61,0.6
85,33,-0.084,-0.632,0.164,1.859,0,1.0,-0.097,-0.833,0.201,2.302,0.61,0.6
85,34,-0.097,-0.833,0.201,2.302,0,1.0,-0.113,-1.034,0.247,2.752,0.61,0.6
86,0,0.012,-0.032,0.012,-0.013,0,1.0,0.011,-0.23,0.011,0.323,0.26,0.5
86,1,0.011,-0.23,0.011,0.323,1,1.0,0.006,-0.033,0.018,-0.005,0.26,0.5
86,2,0.006,-0.033,0.018,-0.005,0,1.0,0.006,-0.23,0.018,0.333,0.26,0.5
86,3,0.006,-0.23,0.018,0.333,0,1.0,0.001,-0.427,0.024,0.671,0.26,0.5
86,4,0.001,-0.427,0.024,0.671,0,1.0,-0.007,-0.624,0.038,1.011,0.26,0.5
86,5,-0.007,-0.624,0.038,1.011,0,1.0,-0.02,-0.822,0.058,1.356,0.26,0.5
86,6,-0.02,-0.822,0.058,1.356,0,1.0,-0.036,-1.02,0.085,1.707,0.26,0.5
86,7,-0.036,-1.02,0.085,1.707,1,1.0,-0.057,-0.824,0.119,1.407,0.26,0.5
86,8,-0.057,-0.824,0.119,1.407,0,1.0,-0.073,-1.022,0.147,1.777,0.26,0.5
86,9,-0.073,-1.022,0.147,1.777,1,1.0,-0.094,-0.828,0.183,1.502,0.26,0.5
86,10,-0.094,-0.828,0.183,1.502,0,1.0,-0.11,-1.026,0.213,1.89,0.26,0.5
87,0,0.007,0.028,-0.033,-0.002,0,1.0,0.008,-0.162,-0.033,0.181,0.15,0.8
87,1,0.008,-0.162,-0.033,0.181,0,1.0,0.004,-0.352,-0.029,0.364,0.15,0.8
87,2,0.004,-0.352,-0.029,0.364,1,1.0,-0.003,-0.161,-0.022,0.168,0.15,0.8
87,3,-0.003,-0.161,-0.022,0.168,1,1.0,-0.006,0.029,-0.019,-0.026,0.15,0.8
87,4,-0.006,0.029,-0.019,-0.026,0,1.0,-0.005,-0.161,-0.019,0.16,0.15,0.8
87,5,-0.005,-0.161,-0.019,0.16,1,1.0,-0.008,0.03,-0.016,-0.034,0.15,0.8
87,6,-0.008,0.03,-0.016,-0.034,0,1.0,-0.008,-0.161,-0.017,0.153,0.15,0.8
87,7,-0.008,-0.161,-0.017,0.153,0,1.0,-0.011,-0.351,-0.013,0.34,0.15,0.8
87,8,-0.011,-0.351,-0.013,0.34,0,1.0,-0.018,-0.541,-0.007,0.527,0.15,0.8
87,9,-0.018,-0.541,-0.007,0.527,0,1.0,-0.029,-0.732,0.004,0.715,0.15,0.8
87,10,-0.029,-0.732,0.004,0.715,0,1.0,-0.044,-0.922,0.018,0.906,0.15,0.8
87,11,-0.044,-0.922,0.018,0.906,0,1.0,-0.062,-1.113,0.036,1.099,0.15,0.8
87,12,-0.062,-1.113,0.036,1.099,0,1.0,-0.084,-1.303,0.058,1.296,0.15,0.8
87,13,-0.084,-1.303,0.058,1.296,0,1.0,-0.11,-1.494,0.084,1.498,0.15,0.8
87,14,-0.11,-1.494,0.084,1.498,0,1.0,-0.14,-1.685,0.114,1.704,0.15,0.8
87,15,-0.14,-1.685,0.114,1.704,1,1.0,-0.174,-1.496,0.148,1.538,0.15,0.8
87,16,-0.174,-1.496,0.148,1.538,0,1.0,-0.204,-1.687,0.179,1.756,0.15,0.8
87,17,-0.204,-1.687,0.179,1.756,1,1.0,-0.238,-1.498,0.214,1.605,0.15,0.8
88,0,-0.029,0.02,0.019,0.019,0,1.0,-0.029,-0.176,0.019,0.331,0.65,0.8
88,1,-0.029,-0.176,0.019,0.331,0,1.0,-0.032,-0.372,0.026,0.643,0.65,0.8
88,2,-0.032,-0.372,0.026,0.643,1,1.0,-0.04,-0.176,0.039,0.346,0.65,0.8
88,3,-0.04,-0.176,0.039,0.346,0,1.0,-0.043,-0.373,0.046,0.664,0.65,0.8
88,4,-0.043,-0.373,0.046,0.664,1,1.0,-0.051,-0.178,0.059,0.374,0.65,0.8
88,5,-0.051,-0.178,0.059,0.374,0,1.0,-0.054,-0.374,0.066,0.698,0.65,0.8
88,6,-0.054,-0.374,0.066,0.698,1,1.0,-0.062,-0.179,0.08,0.416,0.65,0.8
88,7,-0.062,-0.179,0.08,0.416,0,1.0,-0.066,-0.376,0.089,0.745,0.65,0.8
88,8,-0.066,-0.376,0.089,0.745,1,1.0,-0.073,-0.182,0.104,0.471,0.65,0.8
88,9,-0.073,-0.182,0.104,0.471,1,1.0,-0.077,0.012,0.113,0.203,0.65,0.8
88,10,-0.077,0.012,0.113,0.203,1,1.0,-0.076,0.206,0.117,-0.061,0.65,0.8
88,11,-0.076,0.206,0.117,-0.061,1,1.0,-0.072,0.399,0.116,-0.324,0.65,0.8
88,12,-0.072,0.399,0.116,-0.324,1,1.0,-0.064,0.593,0.109,-0.587,0.65,0.8
88,13,-0.064,0.593,0.109,-0.587,1,1.0,-0.052,0.787,0.098,-0.853,0.65,0.8
88,14,-0.052,0.787,0.098,-0.853,1,1.0,-0.037,0.981,0.081,-1.123,0.65,0.8
88,15,-0.037,0.981,0.081,-1.123,1,1.0,-0.017,1.176,0.058,-1.4,0.65,0.8
88,16,-0.017,1.176,0.058,-1.4,0,1.0,0.006,0.979,0.03,-1.077,0.65,0.8
88,17,0.006,0.979,0.03,-1.077,0,1.0,0.026,0.783,0.009,-0.761,0.65,0.8
88,18,0.026,0.783,0.009,-0.761,1,1.0,0.042,0.979,-0.007,-1.064,0.65,0.8
88,19,0.042,0.979,-0.007,-1.064,1,1.0,0.061,1.175,-0.028,-1.373,0.65,0.8
88,20,0.061,1.175,-0.028,-1.373,0,1.0,0.085,0.979,-0.055,-1.076,0.65,0.8
88,21,0.085,0.979,-0.055,-1.076,0,1.0,0.104,0.784,-0.077,-0.789,0.65,0.8
88,22,0.104,0.784,-0.077,-0.789,0,1.0,0.12,0.59,-0.093,-0.51,0.65,0.8
88,23,0.12,0.59,-0.093,-0.51,1,1.0,0.132,0.787,-0.103,-0.843,0.65,0.8
88,24,0.132,0.787,-0.103,-0.843,1,1.0,0.148,0.984,-0.12,-1.179,0.65,0.8
88,25,0.148,0.984,-0.12,-1.179,0,1.0,0.167,0.79,-0.143,-0.917,0.65,0.8
88,26,0.167,0.79,-0.143,-0.917,0,1.0,0.183,0.597,-0.162,-0.665,0.65,0.8
88,27,0.183,0.597,-0.162,-0.665,1,1.0,0.195,0.794,-0.175,-1.013,0.65,0.8
88,28,0.195,0.794,-0.175,-1.013,0,1.0,0.211,0.601,-0.195,-0.775,0.65,0.8
88,29,0.211,0.601,-0.195,-0.775,1,1.0,0.223,0.799,-0.211,-1.128,0.65,0.8
89,0,0.008,0.027,0.023,-0.048,1,1.0,0.008,0.219,0.022,-0.274,0.85,1.4
89,1,0.008,0.219,0.022,-0.274,1,1.0,0.012,0.411,0.017,-0.5,0.85,1.4
89,2,0.012,0.411,0.017,-0.5,1,1.0,0.021,0.603,0.007,-0.727,0.85,1.4
89,3,0.021,0.603,0.007,-0.727,1,1.0,0.033,0.796,-0.008,-0.957,0.85,1.4
89,4,0.033,0.796,-0.008,-0.957,0,1.0,0.049,0.603,-0.027,-0.727,0.85,1.4
89,5,0.049,0.603,-0.027,-0.727,1,1.0,0.061,0.796,-0.042,-0.965,0.85,1.4
89,6,0.061,0.796,-0.042,-0.965,0,1.0,0.077,0.604,-0.061,-0.745,0.85,1.4
89,7,0.077,0.604,-0.061,-0.745,1,1.0,0.089,0.797,-0.076,-0.99,0.85,1.4
89,8,0.089,0.797,-0.076,-0.99,0,1.0,0.105,0.606,-0.096,-0.779,0.85,1.4
89,9,0.105,0.606,-0.096,-0.779,1,1.0,0.117,0.799,-0.111,-1.031,0.85,1.4
89,10,0.117,0.799,-0.111,-1.031,1,1.0,0.133,0.992,-0.132,-1.284,0.85,1.4
89,11,0.133,0.992,-0.132,-1.284,1,1.0,0.153,1.185,-0.157,-1.54,0.85,1.4
89,12,0.153,1.185,-0.157,-1.54,0,1.0,0.176,0.995,-0.188,-1.356,0.85,1.4
89,13,0.176,0.995,-0.188,-1.356,0,1.0,0.196,0.805,-0.215,-1.183,0.85,1.4
90,0,-0.013,0.018,0.002,-0.008,0,1.0,-0.012,-0.175,0.002,0.234,0.95,1.6
90,1,-0.012,-0.175,0.002,0.234,0,1.0,-0.016,-0.367,0.006,0.477,0.95,1.6
90,2,-0.016,-0.367,0.006,0.477,1,1.0,-0.023,-0.175,0.016,0.236,0.95,1.6
90,3,-0.023,-0.175,0.016,0.236,0,1.0,-0.027,-0.368,0.021,0.482,0.95,1.6
90,4,-0.027,-0.368,0.021,0.482,0,1.0,-0.034,-0.561,0.03,0.729,0.95,1.6
90,5,-0.034,-0.561,0.03,0.729,0,1.0,-0.045,-0.754,0.045,0.979,0.95,1.6
90,6,-0.045,-0.754,0.045,0.979,1,1.0,-0.06,-0.562,0.064,0.749,0.95,1.6
90,7,-0.06,-0.562,0.064,0.749,0,1.0,-0.072,-0.755,0.079,1.006,0.95,1.6
90,8,-0.072,-0.755,0.079,1.006,1,1.0,-0.087,-0.563,0.1,0.788,0.95,1.6
90,9,-0.087,-0.563,0.1,0.788,1,1.0,-0.098,-0.372,0.115,0.577,0.95,1.6
90,10,-0.098,-0.372,0.115,0.577,1,1.0,-0.105,-0.181,0.127,0.371,0.95,1.6
90,11,-0.105,-0.181,0.127,0.371,0,1.0,-0.109,-0.374,0.134,0.636,0.95,1.6
90,12,-0.109,-0.374,0.134,0.636,1,1.0,-0.117,-0.184,0.147,0.438,0.95,1.6
90,13,-0.117,-0.184,0.147,0.438,0,1.0,-0.12,-0.377,0.156,0.705,0.95,1.6
90,14,-0.12,-0.377,0.156,0.705,0,1.0,-0.128,-0.571,0.17,0.972,0.95,1.6
90,15,-0.128,-0.571,0.17,0.972,0,1.0,-0.139,-0.765,0.189,1.241,0.95,1.6
90,16,-0.139,-0.765,0.189,1.241,1,1.0,-0.154,-0.575,0.214,1.063,0.95,1.6
91,0,-0.022,0.041,0.032,-0.021,1,1.0,-0.021,0.232,0.032,-0.218,0.77,1.4
91,1,-0.021,0.232,0.032,-0.218,0,1.0,-0.016,0.04,0.027,-0.007,0.77,1.4
91,2,-0.016,0.04,0.027,-0.007,1,1.0,-0.015,0.231,0.027,-0.206,0.77,1.4
91,3,-0.015,0.231,0.027,-0.206,0,1.0,-0.011,0.04,0.023,0.005,0.77,1.4
91,4,-0.011,0.04,0.023,0.005,0,1.0,-0.01,-0.152,0.023,0.215,0.77,1.4
91,5,-0.01,-0.152,0.023,0.215,0,1.0,-0.013,-0.343,0.027,0.425,0.77,1.4
91,6,-0.013,-0.343,0.027,0.425,0,1.0,-0.02,-0.534,0.036,0.636,0.77,1.4
91,7,-0.02,-0.534,0.036,0.636,1,1.0,-0.031,-0.343,0.049,0.439,0.77,1.4
91,8,-0.031,-0.343,0.049,0.439,1,1.0,-0.037,-0.153,0.057,0.246,0.77,1.4
91,9,-0.037,-0.153,0.057,0.246,0,1.0,-0.041,-0.345,0.062,0.462,0.77,1.4
91,10,-0.041,-0.345,0.062,0.462,0,1.0,-0.047,-0.536,0.071,0.68,0.77,1.4
91,11,-0.047,-0.536,0.071,0.68,0,1.0,-0.058,-0.728,0.085,0.899,0.77,1.4
91,12,-0.058,-0.728,0.085,0.899,0,1.0,-0.073,-0.92,0.103,1.12,0.77,1.4
91,13,-0.073,-0.92,0.103,1.12,0,1.0,-0.091,-1.112,0.125,1.344,0.77,1.4
91,14,-0.091,-1.112,0.125,1.344,0,1.0,-0.113,-1.303,0.152,1.571,0.77,1.4
91,15,-0.113,-1.303,0.152,1.571,1,1.0,-0.139,-1.114,0.184,1.406,0.77,1.4
91,16,-0.139,-1.114,0.184,1.406,1,1.0,-0.162,-0.925,0.212,1.25,0.77,1.4
92,0,0.01,-0.042,-0.015,-0.017,0,1.0,0.009,-0.235,-0.015,0.216,0.62,1.0
92,1,0.009,-0.235,-0.015,0.216,1,1.0,0.005,-0.042,-0.011,-0.024,0.62,1.0
92,2,0.005,-0.042,-0.011,-0.024,1,1.0,0.004,0.151,-0.011,-0.263,0.62,1.0
92,3,0.004,0.151,-0.011,-0.263,1,1.0,0.007,0.343,-0.017,-0.502,0.62,1.0
92,4,0.007,0.343,-0.017,-0.502,1,1.0,0.014,0.536,-0.027,-0.743,0.62,1.0
92,5,0.014,0.536,-0.027,-0.743,1,1.0,0.024,0.729,-0.042,-0.986,0.62,1.0
92,6,0.024,0.729,-0.042,-0.986,0,1.0,0.039,0.537,-0.061,-0.76,0.62,1.0
92,7,0.039,0.537,-0.061,-0.76,0,1.0,0.05,0.345,-0.077,-0.541,0.62,1.0
92,8,0.05,0.345,-0.077,-0.541,0,1.0,0.057,0.153,-0.087,-0.326,0.62,1.0
92,9,0.057,0.153,-0.087,-0.326,1,1.0,0.06,0.347,-0.094,-0.582,0.62,1.0
92,10,0.06,0.347,-0.094,-0.582,1,1.0,0.067,0.54,-0.106,-0.839,0.62,1.0
92,11,0.067,0.54,-0.106,-0.839,1,1.0,0.077,0.734,-0.122,-1.099,0.62,1.0
92,12,0.077,0.734,-0.122,-1.099,1,1.0,0.092,0.927,-0.144,-1.361,0.62,1.0
92,13,0.092,0.927,-0.144,-1.361,1,1.0,0.111,1.121,-0.172,-1.627,0.62,1.0
92,14,0.111,1.121,-0.172,-1.627,1,1.0,0.133,1.314,-0.204,-1.897,0.62,1.0
92,15,0.133,1.314,-0.204,-1.897,1,1.0,0.159,1.508,-0.242,-2.171,0.62,1.0
93,0,0.049,0.004,-0.004,-0.007,1,1.0,0.049,0.223,-0.004,-0.812,0.22,0.2
93,1,0.049,0.223,-0.004,-0.812,1,1.0,0.053,0.441,-0.02,-1.618,0.22,0.2
93,2,0.053,0.441,-0.02,-1.618,1,1.0,0.062,0.66,-0.053,-2.437,0.22,0.2
93,3,0.062,0.66,-0.053,-2.437,1,1.0,0.075,0.88,-0.102,-3.282,0.22,0.2
93,4,0.075,0.88,-0.102,-3.282,1,1.0,0.093,1.101,-0.167,-4.162,0.22,0.2
93,5,0.093,1.101,-0.167,-4.162,1,1.0,0.115,1.321,-0.25,-5.081,0.22,0.2
94,0,-0.026,0.029,0.022,-0.045,1,1.0,-0.025,0.227,0.021,-0.41,0.13,0.4
94,1,-0.025,0.227,0.021,-0.41,1,1.0,-0.021,0.426,0.013,-0.776,0.13,0.4
94,2,-0.021,0.426,0.013,-0.776,0,1.0,-0.012,0.227,-0.002,-0.397,0.13,0.4
94,3,-0.012,0.227,-0.002,-0.397,0,1.0,-0.008,0.028,-0.01,-0.023,0.13,0.4
94,4,-0.008,0.028,-0.01,-0.023,0,1.0,-0.007,-0.171,-0.011,0.346,0.13,0.4
94,5,-0.007,-0.171,-0.011,0.346,0,1.0,-0.011,-0.369,-0.004,0.716,0.13,0.4
94,6,-0.011,-0.369,-0.004,0.716,1,1.0,-0.018,-0.17,0.01,0.34,0.13,0.4
94,7,-0.018,-0.17,0.01,0.34,0,1.0,-0.022,-0.369,0.017,0.719,0.13,0.4
94,8,-0.022,-0.369,0.017,0.719,1,1.0,-0.029,-0.171,0.032,0.352,0.13,0.4
94,9,-0.029,-0.171,0.032,0.352,0,1.0,-0.032,-0.37,0.039,0.738,0.13,0.4
94,10,-0.032,-0.37,0.039,0.738,0,1.0,-0.04,-0.57,0.053,1.127,0.13,0.4
94,11,-0.04,-0.57,0.053,1.127,0,1.0,-0.051,-0.77,0.076,1.522,0.13,0.4
94,12,-0.051,-0.77,0.076,1.522,1,1.0,-0.067,-0.572,0.106,1.18,0.13,0.4
94,13,-0.067,-0.572,0.106,1.18,0,1.0,-0.078,-0.772,0.13,1.594,0.13,0.4
94,14,-0.078,-0.772,0.13,1.594,0,1.0,-0.093,-0.973,0.162,2.016,0.13,0.4
94,15,-0.093,-0.973,0.162,2.016,1,1.0,-0.113,-0.777,0.202,1.711,0.13,0.4
94,16,-0.113,-0.777,0.202,1.711,1,1.0,-0.128,-0.582,0.236,1.426,0.13,0.4
95,0,0.004,0.041,-0.027,-0.012,0,1.0,0.005,-0.159,-0.028,0.394,0.51,0.0
95,1,0.005,-0.159,-0.028,0.394,1,1.0,0.002,0.042,-0.02,-0.037,0.51,0.0
95,2,0.002,0.042,-0.02,-0.037,0,1.0,0.003,-0.158,-0.02,0.372,0.51,0.0
95,3,0.003,-0.158,-0.02,0.372,0,1.0,-0.001,-0.358,-0.013,0.781,0.51,0.0
95,4,-0.001,-0.358,-0.013,0.781,0,1.0,-0.008,-0.559,0.003,1.193,0.51,0.0
95,5,-0.008,-0.559,0.003,1.193,0,1.0,-0.019,-0.76,0.026,1.613,0.51,0.0
95,6,-0.019,-0.76,0.026,1.613,1,1.0,-0.034,-0.559,0.059,1.206,0.51,0.0
95,7,-0.034,-0.559,0.059,1.206,1,1.0,-0.045,-0.36,0.083,0.816,0.51,0.0
95,8,-0.045,-0.36,0.083,0.816,1,1.0,-0.052,-0.161,0.099,0.438,0.51,0.0
95,9,-0.052,-0.161,0.099,0.438,1,1.0,-0.056,0.038,0.108,0.068,0.51,0.0
95,10,-0.056,0.038,0.108,0.068,0,1.0,-0.055,-0.165,0.109,0.53,0.51,0.0
95,11,-0.055,-0.165,0.109,0.53,1,1.0,-0.058,0.033,0.12,0.166,0.51,0.0
95,12,-0.058,0.033,0.12,0.166,1,1.0,-0.058,0.231,0.123,-0.193,0.51,0.0
95,13,-0.058,0.231,0.123,-0.193,0,1.0,-0.053,0.028,0.119,0.274,0.51,0.0
95,14,-0.053,0.028,0.119,0.274,1,1.0,-0.052,0.227,0.125,-0.085,0.51,0.0
95,15,-0.052,0.227,0.125,-0.085,1,1.0,-0.048,0.424,0.123,-0.441,0.51,0.0
95,16,-0.048,0.424,0.123,-0.441,0,1.0,-0.039,0.222,0.114,0.025,0.51,0.0
95,17,-0.039,0.222,0.114,0.025,1,1.0,-0.035,0.42,0.115,-0.336,0.51,0.0
95,18,-0.035,0.42,0.115,-0.336,1,1.0,-0.026,0.618,0.108,-0.697,0.51,0.0
95,19,-0.026,0.618,0.108,-0.697,1,1.0,-0.014,0.816,0.094,-1.062,0.51,0.0
95,20,-0.014,0.816,0.094,-1.062,1,1.0,0.002,1.015,0.073,-1.435,0.51,0.0
95,21,0.002,1.015,0.073,-1.435,0,1.0,0.022,0.813,0.044,-0.986,0.51,0.0
95,22,0.022,0.813,0.044,-0.986,1,1.0,0.039,1.013,0.024,-1.384,0.51,0.0
95,23,0.039,1.013,0.024,-1.384,1,1.0,0.059,1.213,-0.003,-1.791,0.51,0.0
95,24,0.059,1.213,-0.003,-1.791,1,1.0,0.083,1.414,-0.039,-2.21,0.51,0.0
95,25,0.083,1.414,-0.039,-2.21,1,1.0,0.112,1.615,-0.083,-2.645,0.51,0.0
95,26,0.112,1.615,-0.083,-2.645,1,1.0,0.144,1.817,-0.136,-3.096,0.51,0.0
95,27,0.144,1.817,-0.136,-3.096,1,1.0,0.18,2.019,-0.198,-3.564,0.51,0.0
95,28,0.18,2.019,-0.198,-3.564,1,1.0,0.221,2.22,-0.269,-4.048,0.51,0.0
96,0,0.023,0.023,0.005,-0.001,1,1.0,0.023,0.254,0.005,-1.076,0.85,0.3
96,1,0.023,0.254,0.005,-1.076,0,1.0,0.028,0.023,-0.017,0.01,0.85,0.3
96,2,0.028,0.023,-0.017,0.01,0,1.0,0.029,-0.207,-0.017,1.071,0.85,0.3
96,3,0.029,-0.207,-0.017,1.071,1,1.0,0.025,0.025,0.005,-0.028,0.85,0.3
96,4,0.025,0.025,0.005,-0.028,1,1.0,0.025,0.255,0.004,-1.104,0.85,0.3
96,5,0.025,0.255,0.004,-1.104,0,1.0,0.03,0.024,-0.018,-0.018,0.85,0.3
96,6,0.03,0.024,-0.018,-0.018,1,1.0,0.031,0.256,-0.018,-1.119,0.85,0.3
96,7,0.031,0.256,-0.018,-1.119,0,1.0,0.036,0.026,-0.04,-0.059,0.85,0.3
96,8,0.036,0.026,-0.04,-0.059,1,1.0,0.037,0.259,-0.042,-1.184,0.85,0.3
96,9,0.037,0.259,-0.042,-1.184,1,1.0,0.042,0.492,-0.065,-2.31,0.85,0.3
96,10,0.042,0.492,-0.065,-2.31,0,1.0,0.052,0.264,-0.112,-1.311,0.85,0.3
96,11,0.052,0.264,-0.112,-1.311,1,1.0,0.057,0.499,-0.138,-2.494,0.85,0.3
96,12,0.057,0.499,-0.138,-2.494,1,1.0,0.067,0.734,-0.188,-3.689,0.85,0.3
96,13,0.067,0.734,-0.188,-3.689,1,1.0,0.081,0.968,-0.261,-4.897,0.85,0.3
97,0,0.017,-0.007,0.002,0.048,0,1.0,0.017,-0.198,0.003,0.253,0.38,0.9
97,1,0.017,-0.198,0.003,0.253,1,1.0,0.013,-0.007,0.008,0.049,0.38,0.9
97,2,0.013,-0.007,0.008,0.049,0,1.0,0.013,-0.198,0.009,0.255,0.38,0.9
97,3,0.013,-0.198,0.009,0.255,1,1.0,0.009,-0.007,0.014,0.053,0.38,0.9
97,4,0.009,-0.007,0.014,0.053,0,1.0,0.009,-0.198,0.015,0.26,0.38,0.9
97,5,0.009,-0.198,0.015,0.26,1,1.0,0.005,-0.007,0.02,0.059,0.38,0.9
97,6,0.005,-0.007,0.02,0.059,1,1.0,0.005,0.184,0.021,-0.141,0.38,0.9
97,7,0.005,0.184,0.021,-0.141,1,1.0,0.009,0.375,0.019,-0.341,0.38,0.9
97,8,0.009,0.375,0.019,-0.341,0,1.0,0.016,0.183,0.012,-0.132,0.38,0.9
97,9,0.016,0.183,0.012,-0.132,1,1.0,0.02,0.374,0.009,-0.334,0.38,0.9
97,10,0.02,0.374,0.009,-0.334,1,1.0,0.027,0.565,0.003,-0.536,0.38,0.9
97,11,0.027,0.565,0.003,-0.536,0,1.0,0.039,0.374,-0.008,-0.331,0.38,0.9
97,12,0.039,0.374,-0.008,-0.331,1,1.0,0.046,0.565,-0.015,-0.538,0.38,0.9
97,13,0.046,0.565,-0.015,-0.538,1,1.0,0.057,0.757,-0.026,-0.745,0.38,0.9
97,14,0.057,0.757,-0.026,-0.745,0,1.0,0.073,0.566,-0.04,-0.547,0.38,0.9
97,15,0.073,0.566,-0.04,-0.547,1,1.0,0.084,0.757,-0.051,-0.76,0.38,0.9
97,16,0.084,0.757,-0.051,-0.76,1,1.0,0.099,0.949,-0.067,-0.975,0.38,0.9
97,17,0.099,0.949,-0.067,-0.975,0,1.0,0.118,0.758,-0.086,-0.786,0.38,0.9
97,18,0.118,0.758,-0.086,-0.786,0,1.0,0.133,0.568,-0.102,-0.601,0.38,0.9
97,19,0.133,0.568,-0.102,-0.601,1,1.0,0.144,0.76,-0.114,-0.826,0.38,0.9
97,20,0.144,0.76,-0.114,-0.826,0,1.0,0.16,0.57,-0.13,-0.649,0.38,0.9
97,21,0.16,0.57,-0.13,-0.649,1,1.0,0.171,0.762,-0.143,-0.879,0.38,0.9
97,22,0.171,0.762,-0.143,-0.879,0,1.0,0.186,0.573,-0.161,-0.709,0.38,0.9
97,23,0.186,0.573,-0.161,-0.709,1,1.0,0.198,0.765,-0.175,-0.944,0.38,0.9
97,24,0.198,0.765,-0.175,-0.944,1,1.0,0.213,0.957,-0.194,-1.181,0.38,0.9
97,25,0.213,0.957,-0.194,-1.181,1,1.0,0.232,1.15,-0.218,-1.421,0.38,0.9
98,0,0.044,0.035,-0.043,-0.021,1,1.0,0.045,0.224,-0.043,-0.179,0.64,1.6
98,1,0.045,0.224,-0.043,-0.179,0,1.0,0.05,0.036,-0.047,-0.035,0.64,1.6
98,2,0.05,0.036,-0.047,-0.035,0,1.0,0.05,-0.153,-0.047,0.108,0.64,1.6
98,3,0.05,-0.153,-0.047,0.108,1,1.0,0.047,0.036,-0.045,-0.05,0.64,1.6
98,4,0.047,0.036,-0.045,-0.05,0,1.0,0.048,-0.152,-0.046,0.093,0.64,1.6
98,5,0.048,-0.152,-0.046,0.093,1,1.0,0.045,0.037,-0.044,-0.065,0.64,1.6
98,6,0.045,0.037,-0.044,-0.065,0,1.0,0.046,-0.151,-0.046,0.079,0.64,1.6
98,7,0.046,-0.151,-0.046,0.079,0,1.0,0.043,-0.34,-0.044,0.222,0.64,1.6
98,8,0.043,-0.34,-0.044,0.222,0,1.0,0.036,-0.528,-0.04,0.366,0.64,1.6
98,9,0.036,-0.528,-0.04,0.366,0,1.0,0.025,-0.716,-0.032,0.51,0.64,1.6
98,10,0.025,-0.716,-0.032,0.51,0,1.0,0.011,-0.905,-0.022,0.656,0.64,1.6
98,11,0.011,-0.905,-0.022,0.656,0,1.0,-0.007,-1.093,-0.009,0.803,0.64,1.6
98,12,-0.007,-1.093,-0.009,0.803,1,1.0,-0.029,-0.904,0.007,0.651,0.64,1.6
98,13,-0.029,-0.904,0.007,0.651,0,1.0,-0.047,-1.093,0.02,0.803,0.64,1.6
98,14,-0.047,-1.093,0.02,0.803,1,1.0,-0.069,-0.905,0.036,0.655,0.64,1.6
98,15,-0.069,-0.905,0.036,0.655,1,1.0,-0.087,-0.716,0.049,0.51,0.64,1.6
98,16,-0.087,-0.716,0.049,0.51,1,1.0,-0.101,-0.528,0.059,0.367,0.64,1.6
98,17,-0.101,-0.528,0.059,0.367,1,1.0,-0.112,-0.34,0.067,0.226,0.64,1.6
98,18,-0.112,-0.34,0.067,0.226,1,1.0,-0.119,-0.152,0.071,0.087,0.64,1.6
98,19,-0.119,-0.152,0.071,0.087,1,1.0,-0.122,0.037,0.073,-0.052,0.64,1.6
98,20,-0.122,0.037,0.073,-0.052,0,1.0,-0.121,-0.153,0.072,0.11,0.64,1.6
98,21,-0.121,-0.153,0.072,0.11,0,1.0,-0.124,-0.342,0.074,0.272,0.64,1.6
98,22,-0.124,-0.342,0.074,0.272,1,1.0,-0.131,-0.154,0.08,0.134,0.64,1.6
98,23,-0.131,-0.154,0.08,0.134,0,1.0,-0.134,-0.343,0.082,0.297,0.64,1.6
98,24,-0.134,-0.343,0.082,0.297,1,1.0,-0.141,-0.155,0.088,0.16,0.64,1.6
98,25,-0.141,-0.155,0.088,0.16,1,1.0,-0.144,0.033,0.091,0.025,0.64,1.6
98,26,-0.144,0.033,0.091,0.025,0,1.0,-0.143,-0.156,0.092,0.189,0.64,1.6
98,27,-0.143,-0.156,0.092,0.189,0,1.0,-0.146,-0.345,0.096,0.353,0.64,1.6
98,28,-0.146,-0.345,0.096,0.353,1,1.0,-0.153,-0.158,0.103,0.219,0.64,1.6
98,29,-0.153,-0.158,0.103,0.219,0,1.0,-0.156,-0.347,0.107,0.385,0.64,1.6
98,30,-0.156,-0.347,0.107,0.385,1,1.0,-0.163,-0.159,0.115,0.253,0.64,1.6
98,31,-0.163,-0.159,0.115,0.253,1,1.0,-0.167,0.029,0.12,0.123,0.64,1.6
98,32,-0.167,0.029,0.12,0.123,0,1.0,-0.166,-0.161,0.122,0.291,0.64,1.6
98,33,-0.166,-0.161,0.122,0.291,0,1.0,-0.169,-0.35,0.128,0.459,0.64,1.6
98,34,-0.169,-0.35,0.128,0.459,0,1.0,-0.176,-0.54,0.137,0.627,0.64,1.6
98,35,-0.176,-0.54,0.137,0.627,0,1.0,-0.187,-0.729,0.15,0.797,0.64,1.6
98,36,-0.187,-0.729,0.15,0.797,0,1.0,-0.202,-0.918,0.166,0.968,0.64,1.6
98,37,-0.202,-0.918,0.166,0.968,1,1.0,-0.22,-0.731,0.185,0.848,0.64,1.6
98,38,-0.22,-0.731,0.185,0.848,1,1.0,-0.235,-0.544,0.202,0.732,0.64,1.6
98,39,-0.235,-0.544,0.202,0.732,0,1.0,-0.245,-0.733,0.217,0.908,0.64,1.6
99,0,0.001,0.007,0.001,0.047,0,1.0,0.001,-0.19,0.002,0.369,0.43,0.6
99,1,0.001,-0.19,0.002,0.369,1,1.0,-0.003,0.006,0.01,0.048,0.43,0.6
99,2,-0.003,0.006,0.01,0.048,0,1.0,-0.003,-0.19,0.01,0.373,0.43,0.6
99,3,-0.003,-0.19,0.01,0.373,0,1.0,-0.007,-0.387,0.018,0.698,0.43,0.6
99,4,-0.007,-0.387,0.018,0.698,1,1.0,-0.014,-0.191,0.032,0.383,0.43,0.6
99,5,-0.014,-0.191,0.032,0.383,1,1.0,-0.018,0.005,0.04,0.073,0.43,0.6
99,6,-0.018,0.005,0.04,0.073,1,1.0,-0.018,0.201,0.041,-0.234,0.43,0.6
99,7,-0.018,0.201,0.041,-0.234,1,1.0,-0.014,0.397,0.036,-0.541,0.43,0.6
99,8,-0.014,0.397,0.036,-0.541,0,1.0,-0.006,0.2,0.026,-0.208,0.43,0.6
99,9,-0.006,0.2,0.026,-0.208,0,1.0,-0.002,0.003,0.021,0.123,0.43,0.6
99,10,-0.002,0.003,0.021,0.123,0,1.0,-0.002,-0.194,0.024,0.451,0.43,0.6
99,11,-0.002,-0.194,0.024,0.451,1,1.0,-0.006,0.002,0.033,0.138,0.43,0.6
99,12,-0.006,0.002,0.033,0.138,1,1.0,-0.006,0.198,0.036,-0.172,0.43,0.6
99,13,-0.006,0.198,0.036,-0.172,0,1.0,-0.002,0.001,0.032,0.162,0.43,0.6
99,14,-0.002,0.001,0.032,0.162,1,1.0,-0.002,0.197,0.035,-0.148,0.43,0.6
99,15,-0.002,0.197,0.035,-0.148,1,1.0,0.002,0.393,0.032,-0.457,0.43,0.6
99,16,0.002,0.393,0.032,-0.457,1,1.0,0.01,0.589,0.023,-0.767,0.43,0.6
99,17,0.01,0.589,0.023,-0.767,1,1.0,0.022,0.785,0.008,-1.08,0.43,0.6
99,18,0.022,0.785,0.008,-1.08,1,1.0,0.037,0.981,-0.014,-1.399,0.43,0.6
99,19,0.037,0.981,-0.014,-1.399,1,1.0,0.057,1.178,-0.042,-1.725,0.43,0.6
99,20,0.057,1.178,-0.042,-1.725,0,1.0,0.08,0.982,-0.076,-1.419,0.43,0.6
99,21,0.08,0.982,-0.076,-1.419,1,1.0,0.1,1.179,-0.104,-1.764,0.43,0.6
99,22,0.1,1.179,-0.104,-1.764,1,1.0,0.124,1.377,-0.14,-2.118,0.43,0.6
99,23,0.124,1.377,-0.14,-2.118,1,1.0,0.151,1.575,-0.182,-2.481,0.43,0.6
99,24,0.151,1.575,-0.182,-2.481,1,1.0,0.183,1.772,-0.232,-2.853,0.43,0.6
