episode,step,s0,s1,s2,s3,a,r,s_0,s_1,s_2,s_3,p0,p1
0,0,0.011,0.034,0.014,0.009,0,1.0,0.012,-0.165,0.014,0.407,0.07304120803866063,0.3656961190344961
0,1,0.012,-0.165,0.014,0.407,0,1.0,0.009,-0.365,0.023,0.806,0.07304120803866063,0.3656961190344961
0,2,0.009,-0.365,0.023,0.806,0,1.0,0.001,-0.565,0.039,1.207,0.07304120803866063,0.3656961190344961
0,3,0.001,-0.565,0.039,1.207,0,1.0,-0.01,-0.766,0.063,1.616,0.07304120803866063,0.3656961190344961
0,4,-0.01,-0.766,0.063,1.616,1,1.0,-0.025,-0.567,0.095,1.25,0.07304120803866063,0.3656961190344961
0,5,-0.025,-0.567,0.095,1.25,1,1.0,-0.036,-0.369,0.12,0.9,0.07304120803866063,0.3656961190344961
0,6,-0.036,-0.369,0.12,0.9,1,1.0,-0.044,-0.172,0.138,0.561,0.07304120803866063,0.3656961190344961
0,7,-0.044,-0.172,0.138,0.561,0,1.0,-0.047,-0.374,0.149,1.007,0.07304120803866063,0.3656961190344961
0,8,-0.047,-0.374,0.149,1.007,0,1.0,-0.055,-0.576,0.17,1.458,0.07304120803866063,0.3656961190344961
0,9,-0.055,-0.576,0.17,1.458,1,1.0,-0.066,-0.38,0.199,1.142,0.07304120803866063,0.3656961190344961
0,10,-0.066,-0.38,0.199,1.142,1,1.0,-0.074,-0.184,0.222,0.841,0.07304120803866063,0.3656961190344961
1,0,0.001,0.045,-0.036,0.045,0,1.0,0.002,-0.145,-0.035,0.218,0.12594187674598867,0.8292876189356602
1,1,0.002,-0.145,-0.035,0.218,0,1.0,-0.001,-0.334,-0.03,0.391,0.12594187674598867,0.8292876189356602
1,2,-0.001,-0.334,-0.03,0.391,0,1.0,-0.007,-0.524,-0.023,0.565,0.12594187674598867,0.8292876189356602
1,3,-0.007,-0.524,-0.023,0.565,1,1.0,-0.018,-0.334,-0.011,0.38,0.12594187674598867,0.8292876189356602
1,4,-0.018,-0.334,-0.011,0.38,1,1.0,-0.025,-0.144,-0.004,0.198,0.12594187674598867,0.8292876189356602
1,5,-0.025,-0.144,-0.004,0.198,1,1.0,-0.028,0.046,0.0,0.018,0.12594187674598867,0.8292876189356602
1,6,-0.028,0.046,0.0,0.018,1,1.0,-0.027,0.236,0.001,-0.162,0.12594187674598867,0.8292876189356602
1,7,-0.027,0.236,0.001,-0.162,1,1.0,-0.022,0.426,-0.003,-0.342,0.12594187674598867,0.8292876189356602
1,8,-0.022,0.426,-0.003,-0.342,1,1.0,-0.013,0.616,-0.009,-0.522,0.12594187674598867,0.8292876189356602
1,9,-0.013,0.616,-0.009,-0.522,0,1.0,-0.001,0.426,-0.02,-0.344,0.12594187674598867,0.8292876189356602
1,10,-0.001,0.426,-0.02,-0.344,0,1.0,0.008,0.237,-0.027,-0.168,0.12594187674598867,0.8292876189356602
1,11,0.008,0.237,-0.027,-0.168,1,1.0,0.012,0.427,-0.03,-0.353,0.12594187674598867,0.8292876189356602
1,12,0.012,0.427,-0.03,-0.353,1,1.0,0.021,0.617,-0.037,-0.539,0.12594187674598867,0.8292876189356602
1,13,0.021,0.617,-0.037,-0.539,1,1.0,0.033,0.807,-0.048,-0.726,0.12594187674598867,0.8292876189356602
1,14,0.033,0.807,-0.048,-0.726,0,1.0,0.049,0.618,-0.062,-0.555,0.12594187674598867,0.8292876189356602
1,15,0.049,0.618,-0.062,-0.555,1,1.0,0.062,0.808,-0.073,-0.747,0.12594187674598867,0.8292876189356602
1,16,0.062,0.808,-0.073,-0.747,0,1.0,0.078,0.619,-0.088,-0.582,0.12594187674598867,0.8292876189356602
1,17,0.078,0.619,-0.088,-0.582,0,1.0,0.09,0.43,-0.1,-0.42,0.12594187674598867,0.8292876189356602
1,18,0.09,0.43,-0.1,-0.42,0,1.0,0.099,0.241,-0.108,-0.26,0.12594187674598867,0.8292876189356602
1,19,0.099,0.241,-0.108,-0.26,1,1.0,0.104,0.431,-0.114,-0.46,0.12594187674598867,0.8292876189356602
1,20,0.104,0.431,-0.114,-0.46,1,1.0,0.112,0.622,-0.123,-0.66,0.12594187674598867,0.8292876189356602
1,21,0.112,0.622,-0.123,-0.66,1,1.0,0.125,0.813,-0.136,-0.862,0.12594187674598867,0.8292876189356602
1,22,0.125,0.813,-0.136,-0.862,1,1.0,0.141,1.004,-0.153,-1.066,0.12594187674598867,0.8292876189356602
1,23,0.141,1.004,-0.153,-1.066,0,1.0,0.161,0.816,-0.175,-0.918,0.12594187674598867,0.8292876189356602
1,24,0.161,0.816,-0.175,-0.918,0,1.0,0.177,0.627,-0.193,-0.775,0.12594187674598867,0.8292876189356602
1,25,0.177,0.627,-0.193,-0.775,0,1.0,0.19,0.439,-0.208,-0.636,0.12594187674598867,0.8292876189356602
1,26,0.19,0.439,-0.208,-0.636,0,1.0,0.199,0.251,-0.221,-0.501,0.12594187674598867,0.8292876189356602
2,0,-0.024,-0.02,0.031,-0.041,0,1.0,-0.024,-0.207,0.031,0.07,0.15985500054596188,1.4308541050149441
2,1,-0.024,-0.207,0.031,0.07,0,1.0,-0.028,-0.394,0.032,0.18,0.15985500054596188,1.4308541050149441
2,2,-0.028,-0.394,0.032,0.18,0,1.0,-0.036,-0.581,0.036,0.291,0.15985500054596188,1.4308541050149441
2,3,-0.036,-0.581,0.036,0.291,1,1.0,-0.048,-0.394,0.041,0.188,0.15985500054596188,1.4308541050149441
2,4,-0.048,-0.394,0.041,0.188,1,1.0,-0.056,-0.208,0.045,0.086,0.15985500054596188,1.4308541050149441
2,5,-0.056,-0.208,0.045,0.086,0,1.0,-0.06,-0.395,0.047,0.198,0.15985500054596188,1.4308541050149441
2,6,-0.06,-0.395,0.047,0.198,0,1.0,-0.068,-0.582,0.051,0.31,0.15985500054596188,1.4308541050149441
2,7,-0.068,-0.582,0.051,0.31,0,1.0,-0.079,-0.768,0.057,0.423,0.15985500054596188,1.4308541050149441
2,8,-0.079,-0.768,0.057,0.423,1,1.0,-0.095,-0.582,0.066,0.323,0.15985500054596188,1.4308541050149441
2,9,-0.095,-0.582,0.066,0.323,0,1.0,-0.106,-0.769,0.072,0.437,0.15985500054596188,1.4308541050149441
2,10,-0.106,-0.769,0.072,0.437,0,1.0,-0.122,-0.956,0.081,0.552,0.15985500054596188,1.4308541050149441
2,11,-0.122,-0.956,0.081,0.552,0,1.0,-0.141,-1.143,0.092,0.667,0.15985500054596188,1.4308541050149441
2,12,-0.141,-1.143,0.092,0.667,0,1.0,-0.164,-1.33,0.105,0.784,0.15985500054596188,1.4308541050149441
2,13,-0.164,-1.33,0.105,0.784,1,1.0,-0.19,-1.144,0.121,0.69,0.15985500054596188,1.4308541050149441
2,14,-0.19,-1.144,0.121,0.69,1,1.0,-0.213,-0.958,0.135,0.598,0.15985500054596188,1.4308541050149441
2,15,-0.213,-0.958,0.135,0.598,1,1.0,-0.232,-0.772,0.147,0.508,0.15985500054596188,1.4308541050149441
2,16,-0.232,-0.772,0.147,0.508,1,1.0,-0.248,-0.586,0.157,0.419,0.15985500054596188,1.4308541050149441
2,17,-0.248,-0.586,0.157,0.419,1,1.0,-0.26,-0.401,0.165,0.332,0.15985500054596188,1.4308541050149441
2,18,-0.26,-0.401,0.165,0.332,0,1.0,-0.268,-0.588,0.172,0.456,0.15985500054596188,1.4308541050149441
2,19,-0.268,-0.588,0.172,0.456,1,1.0,-0.279,-0.402,0.181,0.37,0.15985500054596188,1.4308541050149441
2,20,-0.279,-0.402,0.181,0.37,0,1.0,-0.287,-0.59,0.188,0.496,0.15985500054596188,1.4308541050149441
2,21,-0.287,-0.59,0.188,0.496,0,1.0,-0.299,-0.777,0.198,0.622,0.15985500054596188,1.4308541050149441
2,22,-0.299,-0.777,0.198,0.622,0,1.0,-0.315,-0.964,0.211,0.749,0.15985500054596188,1.4308541050149441
3,0,-0.041,-0.026,0.03,0.008,1,1.0,-0.042,0.182,0.03,-0.567,0.1246662838321873,0.2504382527828622
3,1,-0.042,0.182,0.03,-0.567,0,1.0,-0.038,-0.028,0.019,0.047,0.1246662838321873,0.2504382527828622
3,2,-0.038,-0.028,0.019,0.047,0,1.0,-0.039,-0.237,0.02,0.654,0.1246662838321873,0.2504382527828622
3,3,-0.039,-0.237,0.02,0.654,1,1.0,-0.044,-0.029,0.033,0.072,0.1246662838321873,0.2504382527828622
3,4,-0.044,-0.029,0.033,0.072,0,1.0,-0.044,-0.239,0.034,0.688,0.1246662838321873,0.2504382527828622
3,5,-0.044,-0.239,0.034,0.688,1,1.0,-0.049,-0.031,0.048,0.115,0.1246662838321873,0.2504382527828622
3,6,-0.049,-0.031,0.048,0.115,1,1.0,-0.05,0.176,0.05,-0.448,0.1246662838321873,0.2504382527828622
3,7,-0.05,0.176,0.05,-0.448,0,1.0,-0.046,-0.034,0.041,0.178,0.1246662838321873,0.2504382527828622
3,8,-0.046,-0.034,0.041,0.178,1,1.0,-0.047,0.174,0.045,-0.39,0.1246662838321873,0.2504382527828622
3,9,-0.047,0.174,0.045,-0.39,0,1.0,-0.043,-0.036,0.037,0.233,0.1246662838321873,0.2504382527828622
3,10,-0.043,-0.036,0.037,0.233,0,1.0,-0.044,-0.246,0.042,0.852,0.1246662838321873,0.2504382527828622
3,11,-0.044,-0.246,0.042,0.852,1,1.0,-0.049,-0.039,0.059,0.284,0.1246662838321873,0.2504382527828622
3,12,-0.049,-0.039,0.059,0.284,0,1.0,-0.05,-0.249,0.065,0.916,0.1246662838321873,0.2504382527828622
3,13,-0.05,-0.249,0.065,0.916,0,1.0,-0.055,-0.46,0.083,1.551,0.1246662838321873,0.2504382527828622
3,14,-0.055,-0.46,0.083,1.551,0,1.0,-0.064,-0.671,0.114,2.196,0.1246662838321873,0.2504382527828622
3,15,-0.064,-0.671,0.114,2.196,0,1.0,-0.077,-0.882,0.158,2.858,0.1246662838321873,0.2504382527828622
3,16,-0.077,-0.882,0.158,2.858,0,1.0,-0.095,-1.093,0.215,3.541,0.1246662838321873,0.2504382527828622
4,0,0.044,0.001,0.048,-0.042,0,1.0,0.044,-0.214,0.047,0.684,0.5781161131451714,0.3251984731685291
4,1,0.044,-0.214,0.047,0.684,1,1.0,0.04,-0.002,0.06,0.028,0.5781161131451714,0.3251984731685291
4,2,0.04,-0.002,0.06,0.028,1,1.0,0.04,0.209,0.061,-0.616,0.5781161131451714,0.3251984731685291
4,3,0.04,0.209,0.061,-0.616,0,1.0,0.044,-0.006,0.049,0.119,0.5781161131451714,0.3251984731685291
4,4,0.044,-0.006,0.049,0.119,1,1.0,0.044,0.205,0.051,-0.535,0.5781161131451714,0.3251984731685291
4,5,0.044,0.205,0.051,-0.535,0,1.0,0.048,-0.009,0.04,0.193,0.5781161131451714,0.3251984731685291
4,6,0.048,-0.009,0.04,0.193,1,1.0,0.048,0.202,0.044,-0.468,0.5781161131451714,0.3251984731685291
4,7,0.048,0.202,0.044,-0.468,0,1.0,0.052,-0.012,0.035,0.255,0.5781161131451714,0.3251984731685291
4,8,0.052,-0.012,0.035,0.255,0,1.0,0.052,-0.227,0.04,0.972,0.5781161131451714,0.3251984731685291
4,9,0.052,-0.227,0.04,0.972,1,1.0,0.047,-0.015,0.059,0.311,0.5781161131451714,0.3251984731685291
4,10,0.047,-0.015,0.059,0.311,0,1.0,0.047,-0.23,0.066,1.045,0.5781161131451714,0.3251984731685291
4,11,0.047,-0.23,0.066,1.045,0,1.0,0.042,-0.445,0.087,1.782,0.5781161131451714,0.3251984731685291
4,12,0.042,-0.445,0.087,1.782,0,1.0,0.033,-0.661,0.122,2.531,0.5781161131451714,0.3251984731685291
4,13,0.033,-0.661,0.122,2.531,0,1.0,0.02,-0.876,0.173,3.299,0.5781161131451714,0.3251984731685291
4,14,0.02,-0.876,0.173,3.299,0,1.0,0.003,-1.092,0.239,4.088,0.5781161131451714,0.3251984731685291
5,0,0.031,0.031,0.002,-0.021,1,1.0,0.031,0.221,0.001,-0.209,0.3551867425587211,0.9591949897295139
5,1,0.031,0.221,0.001,-0.209,1,1.0,0.036,0.411,-0.003,-0.396,0.3551867425587211,0.9591949897295139
5,2,0.036,0.411,-0.003,-0.396,0,1.0,0.044,0.221,-0.011,-0.209,0.3551867425587211,0.9591949897295139
5,3,0.044,0.221,-0.011,-0.209,0,1.0,0.048,0.031,-0.015,-0.024,0.3551867425587211,0.9591949897295139
5,4,0.048,0.031,-0.015,-0.024,0,1.0,0.049,-0.159,-0.016,0.161,0.3551867425587211,0.9591949897295139
5,5,0.049,-0.159,-0.016,0.161,1,1.0,0.046,0.031,-0.012,-0.03,0.3551867425587211,0.9591949897295139
5,6,0.046,0.031,-0.012,-0.03,1,1.0,0.046,0.222,-0.013,-0.22,0.3551867425587211,0.9591949897295139
5,7,0.046,0.222,-0.013,-0.22,0,1.0,0.051,0.031,-0.017,-0.035,0.3551867425587211,0.9591949897295139
5,8,0.051,0.031,-0.017,-0.035,0,1.0,0.051,-0.159,-0.018,0.149,0.3551867425587211,0.9591949897295139
5,9,0.051,-0.159,-0.018,0.149,0,1.0,0.048,-0.349,-0.015,0.333,0.3551867425587211,0.9591949897295139
5,10,0.048,-0.349,-0.015,0.333,0,1.0,0.041,-0.539,-0.009,0.517,0.3551867425587211,0.9591949897295139
5,11,0.041,-0.539,-0.009,0.517,1,1.0,0.03,-0.349,0.002,0.328,0.3551867425587211,0.9591949897295139
5,12,0.03,-0.349,0.002,0.328,0,1.0,0.023,-0.539,0.008,0.516,0.3551867425587211,0.9591949897295139
5,13,0.023,-0.539,0.008,0.516,1,1.0,0.013,-0.349,0.019,0.33,0.3551867425587211,0.9591949897295139
5,14,0.013,-0.349,0.019,0.33,0,1.0,0.006,-0.539,0.025,0.521,0.3551867425587211,0.9591949897295139
5,15,0.006,-0.539,0.025,0.521,1,1.0,-0.005,-0.349,0.036,0.339,0.3551867425587211,0.9591949897295139
5,16,-0.005,-0.349,0.036,0.339,0,1.0,-0.012,-0.54,0.043,0.534,0.3551867425587211,0.9591949897295139
5,17,-0.012,-0.54,0.043,0.534,0,1.0,-0.023,-0.731,0.053,0.73,0.3551867425587211,0.9591949897295139
5,18,-0.023,-0.731,0.053,0.73,1,1.0,-0.038,-0.541,0.068,0.553,0.3551867425587211,0.9591949897295139
5,19,-0.038,-0.541,0.068,0.553,1,1.0,-0.048,-0.351,0.079,0.38,0.3551867425587211,0.9591949897295139
5,20,-0.048,-0.351,0.079,0.38,1,1.0,-0.055,-0.161,0.086,0.209,0.3551867425587211,0.9591949897295139
5,21,-0.055,-0.161,0.086,0.209,0,1.0,-0.059,-0.353,0.091,0.413,0.3551867425587211,0.9591949897295139
5,22,-0.059,-0.353,0.091,0.413,0,1.0,-0.066,-0.544,0.099,0.618,0.3551867425587211,0.9591949897295139
5,23,-0.066,-0.544,0.099,0.618,0,1.0,-0.077,-0.735,0.111,0.823,0.3551867425587211,0.9591949897295139
5,24,-0.077,-0.735,0.111,0.823,0,1.0,-0.091,-0.926,0.128,1.031,0.3551867425587211,0.9591949897295139
5,25,-0.091,-0.926,0.128,1.031,0,1.0,-0.11,-1.117,0.148,1.242,0.3551867425587211,0.9591949897295139
5,26,-0.11,-1.117,0.148,1.242,0,1.0,-0.132,-1.308,0.173,1.456,0.3551867425587211,0.9591949897295139
5,27,-0.132,-1.308,0.173,1.456,0,1.0,-0.158,-1.499,0.202,1.673,0.3551867425587211,0.9591949897295139
5,28,-0.158,-1.499,0.202,1.673,0,1.0,-0.188,-1.691,0.236,1.894,0.3551867425587211,0.9591949897295139
6,0,0.004,-0.016,-0.013,-0.013,0,1.0,0.004,-0.203,-0.013,0.104,0.24515575369889558,1.3793967951445396
6,1,0.004,-0.203,-0.013,0.104,1,1.0,-0.001,-0.016,-0.011,-0.016,0.24515575369889558,1.3793967951445396
6,2,-0.001,-0.016,-0.011,-0.016,0,1.0,-0.001,-0.203,-0.012,0.101,0.24515575369889558,1.3793967951445396
6,3,-0.001,-0.203,-0.012,0.101,1,1.0,-0.005,-0.015,-0.01,-0.019,0.24515575369889558,1.3793967951445396
6,4,-0.005,-0.015,-0.01,-0.019,0,1.0,-0.005,-0.203,-0.01,0.099,0.24515575369889558,1.3793967951445396
6,5,-0.005,-0.203,-0.01,0.099,0,1.0,-0.009,-0.39,-0.008,0.216,0.24515575369889558,1.3793967951445396
6,6,-0.009,-0.39,-0.008,0.216,1,1.0,-0.017,-0.202,-0.004,0.096,0.24515575369889558,1.3793967951445396
6,7,-0.017,-0.202,-0.004,0.096,1,1.0,-0.021,-0.015,-0.002,-0.023,0.24515575369889558,1.3793967951445396
6,8,-0.021,-0.015,-0.002,-0.023,1,1.0,-0.021,0.172,-0.002,-0.142,0.24515575369889558,1.3793967951445396
6,9,-0.021,0.172,-0.002,-0.142,0,1.0,-0.018,-0.015,-0.005,-0.023,0.24515575369889558,1.3793967951445396
6,10,-0.018,-0.015,-0.005,-0.023,0,1.0,-0.018,-0.202,-0.005,0.095,0.24515575369889558,1.3793967951445396
6,11,-0.018,-0.202,-0.005,0.095,1,1.0,-0.022,-0.015,-0.004,-0.025,0.24515575369889558,1.3793967951445396
6,12,-0.022,-0.015,-0.004,-0.025,1,1.0,-0.023,0.172,-0.004,-0.144,0.24515575369889558,1.3793967951445396
6,13,-0.023,0.172,-0.004,-0.144,1,1.0,-0.019,0.359,-0.007,-0.263,0.24515575369889558,1.3793967951445396
6,14,-0.019,0.359,-0.007,-0.263,1,1.0,-0.012,0.547,-0.012,-0.383,0.24515575369889558,1.3793967951445396
6,15,-0.012,0.547,-0.012,-0.383,0,1.0,-0.001,0.359,-0.02,-0.265,0.24515575369889558,1.3793967951445396
6,16,-0.001,0.359,-0.02,-0.265,1,1.0,0.006,0.547,-0.025,-0.387,0.24515575369889558,1.3793967951445396
6,17,0.006,0.547,-0.025,-0.387,0,1.0,0.017,0.36,-0.033,-0.271,0.24515575369889558,1.3793967951445396
6,18,0.017,0.36,-0.033,-0.271,0,1.0,0.024,0.173,-0.038,-0.157,0.24515575369889558,1.3793967951445396
6,19,0.024,0.173,-0.038,-0.157,0,1.0,0.028,-0.014,-0.041,-0.043,0.24515575369889558,1.3793967951445396
6,20,0.028,-0.014,-0.041,-0.043,0,1.0,0.027,-0.201,-0.042,0.07,0.24515575369889558,1.3793967951445396
6,21,0.027,-0.201,-0.042,0.07,0,1.0,0.023,-0.388,-0.041,0.183,0.24515575369889558,1.3793967951445396
6,22,0.023,-0.388,-0.041,0.183,0,1.0,0.016,-0.575,-0.037,0.297,0.24515575369889558,1.3793967951445396
6,23,0.016,-0.575,-0.037,0.297,1,1.0,0.004,-0.388,-0.031,0.173,0.24515575369889558,1.3793967951445396
6,24,0.004,-0.388,-0.031,0.173,0,1.0,-0.004,-0.575,-0.028,0.288,0.24515575369889558,1.3793967951445396
6,25,-0.004,-0.575,-0.028,0.288,1,1.0,-0.015,-0.387,-0.022,0.166,0.24515575369889558,1.3793967951445396
6,26,-0.015,-0.387,-0.022,0.166,0,1.0,-0.023,-0.574,-0.019,0.281,0.24515575369889558,1.3793967951445396
6,27,-0.023,-0.574,-0.019,0.281,1,1.0,-0.034,-0.387,-0.013,0.16,0.24515575369889558,1.3793967951445396
6,28,-0.034,-0.387,-0.013,0.16,1,1.0,-0.042,-0.2,-0.01,0.04,0.24515575369889558,1.3793967951445396
6,29,-0.042,-0.2,-0.01,0.04,0,1.0,-0.046,-0.387,-0.009,0.157,0.24515575369889558,1.3793967951445396
6,30,-0.046,-0.387,-0.009,0.157,1,1.0,-0.054,-0.2,-0.006,0.038,0.24515575369889558,1.3793967951445396
6,31,-0.054,-0.2,-0.006,0.038,1,1.0,-0.058,-0.013,-0.005,-0.082,0.24515575369889558,1.3793967951445396
6,32,-0.058,-0.013,-0.005,-0.082,1,1.0,-0.058,0.175,-0.007,-0.201,0.24515575369889558,1.3793967951445396
6,33,-0.058,0.175,-0.007,-0.201,1,1.0,-0.055,0.362,-0.011,-0.321,0.24515575369889558,1.3793967951445396
6,34,-0.055,0.362,-0.011,-0.321,1,1.0,-0.047,0.549,-0.017,-0.441,0.24515575369889558,1.3793967951445396
6,35,-0.047,0.549,-0.017,-0.441,1,1.0,-0.036,0.737,-0.026,-0.562,0.24515575369889558,1.3793967951445396
6,36,-0.036,0.737,-0.026,-0.562,0,1.0,-0.022,0.549,-0.037,-0.447,0.24515575369889558,1.3793967951445396
6,37,-0.022,0.549,-0.037,-0.447,0,1.0,-0.011,0.362,-0.046,-0.333,0.24515575369889558,1.3793967951445396
6,38,-0.011,0.362,-0.046,-0.333,0,1.0,-0.003,0.176,-0.053,-0.22,0.24515575369889558,1.3793967951445396
6,39,-0.003,0.176,-0.053,-0.22,0,1.0,0.0,-0.011,-0.057,-0.108,0.24515575369889558,1.3793967951445396
6,40,0.0,-0.011,-0.057,-0.108,0,1.0,-0.0,-0.198,-0.06,0.003,0.24515575369889558,1.3793967951445396
6,41,-0.0,-0.198,-0.06,0.003,0,1.0,-0.004,-0.385,-0.06,0.113,0.24515575369889558,1.3793967951445396
6,42,-0.004,-0.385,-0.06,0.113,1,1.0,-0.012,-0.197,-0.057,-0.013,0.24515575369889558,1.3793967951445396
6,43,-0.012,-0.197,-0.057,-0.013,1,1.0,-0.016,-0.01,-0.057,-0.138,0.24515575369889558,1.3793967951445396
6,44,-0.016,-0.01,-0.057,-0.138,0,1.0,-0.016,-0.197,-0.06,-0.027,0.24515575369889558,1.3793967951445396
6,45,-0.016,-0.197,-0.06,-0.027,0,1.0,-0.02,-0.384,-0.061,0.083,0.24515575369889558,1.3793967951445396
6,46,-0.02,-0.384,-0.061,0.083,1,1.0,-0.028,-0.196,-0.059,-0.043,0.24515575369889558,1.3793967951445396
6,47,-0.028,-0.196,-0.059,-0.043,1,1.0,-0.031,-0.009,-0.06,-0.169,0.24515575369889558,1.3793967951445396
6,48,-0.031,-0.009,-0.06,-0.169,0,1.0,-0.032,-0.195,-0.063,-0.058,0.24515575369889558,1.3793967951445396
6,49,-0.032,-0.195,-0.063,-0.058,0,1.0,-0.036,-0.382,-0.065,0.052,0.24515575369889558,1.3793967951445396
6,50,-0.036,-0.382,-0.065,0.052,1,1.0,-0.043,-0.195,-0.063,-0.074,0.24515575369889558,1.3793967951445396
6,51,-0.043,-0.195,-0.063,-0.074,1,1.0,-0.047,-0.007,-0.065,-0.201,0.24515575369889558,1.3793967951445396
6,52,-0.047,-0.007,-0.065,-0.201,1,1.0,-0.047,0.18,-0.069,-0.327,0.24515575369889558,1.3793967951445396
6,53,-0.047,0.18,-0.069,-0.327,0,1.0,-0.044,-0.006,-0.076,-0.218,0.24515575369889558,1.3793967951445396
6,54,-0.044,-0.006,-0.076,-0.218,0,1.0,-0.044,-0.193,-0.08,-0.109,0.24515575369889558,1.3793967951445396
6,55,-0.044,-0.193,-0.08,-0.109,0,1.0,-0.048,-0.38,-0.082,-0.001,0.24515575369889558,1.3793967951445396
6,56,-0.048,-0.38,-0.082,-0.001,0,1.0,-0.055,-0.567,-0.082,0.106,0.24515575369889558,1.3793967951445396
6,57,-0.055,-0.567,-0.082,0.106,1,1.0,-0.067,-0.379,-0.08,-0.022,0.24515575369889558,1.3793967951445396
6,58,-0.067,-0.379,-0.08,-0.022,0,1.0,-0.074,-0.566,-0.08,0.086,0.24515575369889558,1.3793967951445396
6,59,-0.074,-0.566,-0.08,0.086,0,1.0,-0.085,-0.752,-0.079,0.194,0.24515575369889558,1.3793967951445396
6,60,-0.085,-0.752,-0.079,0.194,0,1.0,-0.1,-0.939,-0.075,0.302,0.24515575369889558,1.3793967951445396
6,61,-0.1,-0.939,-0.075,0.302,0,1.0,-0.119,-1.126,-0.069,0.41,0.24515575369889558,1.3793967951445396
6,62,-0.119,-1.126,-0.069,0.41,1,1.0,-0.142,-0.938,-0.061,0.283,0.24515575369889558,1.3793967951445396
6,63,-0.142,-0.938,-0.061,0.283,0,1.0,-0.161,-1.125,-0.055,0.394,0.24515575369889558,1.3793967951445396
6,64,-0.161,-1.125,-0.055,0.394,1,1.0,-0.183,-0.938,-0.047,0.269,0.24515575369889558,1.3793967951445396
6,65,-0.183,-0.938,-0.047,0.269,1,1.0,-0.202,-0.75,-0.042,0.144,0.24515575369889558,1.3793967951445396
6,66,-0.202,-0.75,-0.042,0.144,1,1.0,-0.217,-0.563,-0.039,0.02,0.24515575369889558,1.3793967951445396
6,67,-0.217,-0.563,-0.039,0.02,0,1.0,-0.228,-0.75,-0.038,0.134,0.24515575369889558,1.3793967951445396
6,68,-0.228,-0.75,-0.038,0.134,1,1.0,-0.243,-0.562,-0.036,0.01,0.24515575369889558,1.3793967951445396
6,69,-0.243,-0.562,-0.036,0.01,1,1.0,-0.254,-0.375,-0.035,-0.113,0.24515575369889558,1.3793967951445396
6,70,-0.254,-0.375,-0.035,-0.113,0,1.0,-0.262,-0.562,-0.038,0.001,0.24515575369889558,1.3793967951445396
6,71,-0.262,-0.562,-0.038,0.001,1,1.0,-0.273,-0.374,-0.038,-0.122,0.24515575369889558,1.3793967951445396
6,72,-0.273,-0.374,-0.038,-0.122,0,1.0,-0.28,-0.561,-0.04,-0.009,0.24515575369889558,1.3793967951445396
6,73,-0.28,-0.561,-0.04,-0.009,0,1.0,-0.292,-0.748,-0.04,0.105,0.24515575369889558,1.3793967951445396
6,74,-0.292,-0.748,-0.04,0.105,0,1.0,-0.307,-0.935,-0.038,0.218,0.24515575369889558,1.3793967951445396
6,75,-0.307,-0.935,-0.038,0.218,1,1.0,-0.325,-0.748,-0.034,0.095,0.24515575369889558,1.3793967951445396
6,76,-0.325,-0.748,-0.034,0.095,1,1.0,-0.34,-0.56,-0.032,-0.028,0.24515575369889558,1.3793967951445396
6,77,-0.34,-0.56,-0.032,-0.028,1,1.0,-0.352,-0.373,-0.033,-0.151,0.24515575369889558,1.3793967951445396
6,78,-0.352,-0.373,-0.033,-0.151,0,1.0,-0.359,-0.56,-0.036,-0.036,0.24515575369889558,1.3793967951445396
6,79,-0.359,-0.56,-0.036,-0.036,1,1.0,-0.37,-0.373,-0.036,-0.159,0.24515575369889558,1.3793967951445396
6,80,-0.37,-0.373,-0.036,-0.159,1,1.0,-0.378,-0.185,-0.039,-0.283,0.24515575369889558,1.3793967951445396
6,81,-0.378,-0.185,-0.039,-0.283,1,1.0,-0.381,0.002,-0.045,-0.406,0.24515575369889558,1.3793967951445396
6,82,-0.381,0.002,-0.045,-0.406,0,1.0,-0.381,-0.185,-0.053,-0.294,0.24515575369889558,1.3793967951445396
6,83,-0.381,-0.185,-0.053,-0.294,0,1.0,-0.385,-0.372,-0.059,-0.182,0.24515575369889558,1.3793967951445396
6,84,-0.385,-0.372,-0.059,-0.182,1,1.0,-0.392,-0.184,-0.063,-0.308,0.24515575369889558,1.3793967951445396
6,85,-0.392,-0.184,-0.063,-0.308,1,1.0,-0.396,0.003,-0.069,-0.434,0.24515575369889558,1.3793967951445396
6,86,-0.396,0.003,-0.069,-0.434,1,1.0,-0.396,0.191,-0.078,-0.561,0.24515575369889558,1.3793967951445396
6,87,-0.396,0.191,-0.078,-0.561,0,1.0,-0.392,0.004,-0.089,-0.453,0.24515575369889558,1.3793967951445396
6,88,-0.392,0.004,-0.089,-0.453,0,1.0,-0.392,-0.182,-0.098,-0.346,0.24515575369889558,1.3793967951445396
6,89,-0.392,-0.182,-0.098,-0.346,0,1.0,-0.396,-0.369,-0.105,-0.241,0.24515575369889558,1.3793967951445396
6,90,-0.396,-0.369,-0.105,-0.241,0,1.0,-0.403,-0.556,-0.11,-0.136,0.24515575369889558,1.3793967951445396
6,91,-0.403,-0.556,-0.11,-0.136,0,1.0,-0.414,-0.742,-0.112,-0.033,0.24515575369889558,1.3793967951445396
6,92,-0.414,-0.742,-0.112,-0.033,1,1.0,-0.429,-0.554,-0.113,-0.165,0.24515575369889558,1.3793967951445396
6,93,-0.429,-0.554,-0.113,-0.165,1,1.0,-0.44,-0.367,-0.116,-0.297,0.24515575369889558,1.3793967951445396
6,94,-0.44,-0.367,-0.116,-0.297,1,1.0,-0.448,-0.179,-0.122,-0.429,0.24515575369889558,1.3793967951445396
6,95,-0.448,-0.179,-0.122,-0.429,0,1.0,-0.451,-0.365,-0.131,-0.327,0.24515575369889558,1.3793967951445396
6,96,-0.451,-0.365,-0.131,-0.327,0,1.0,-0.458,-0.552,-0.137,-0.227,0.24515575369889558,1.3793967951445396
6,97,-0.458,-0.552,-0.137,-0.227,1,1.0,-0.469,-0.364,-0.142,-0.361,0.24515575369889558,1.3793967951445396
6,98,-0.469,-0.364,-0.142,-0.361,0,1.0,-0.477,-0.55,-0.149,-0.262,0.24515575369889558,1.3793967951445396
6,99,-0.477,-0.55,-0.149,-0.262,1,1.0,-0.488,-0.362,-0.154,-0.398,0.24515575369889558,1.3793967951445396
6,100,-0.488,-0.362,-0.154,-0.398,1,1.0,-0.495,-0.174,-0.162,-0.534,0.24515575369889558,1.3793967951445396
6,101,-0.495,-0.174,-0.162,-0.534,1,1.0,-0.498,0.014,-0.173,-0.671,0.24515575369889558,1.3793967951445396
6,102,-0.498,0.014,-0.173,-0.671,0,1.0,-0.498,-0.172,-0.186,-0.577,0.24515575369889558,1.3793967951445396
6,103,-0.498,-0.172,-0.186,-0.577,1,1.0,-0.502,0.016,-0.198,-0.716,0.24515575369889558,1.3793967951445396
6,104,-0.502,0.016,-0.198,-0.716,0,1.0,-0.501,-0.17,-0.212,-0.626,0.24515575369889558,1.3793967951445396
7,0,0.013,0.04,0.028,-0.027,0,1.0,0.013,-0.153,0.027,0.222,0.4973847759620192,0.8507786527021401
7,1,0.013,-0.153,0.027,0.222,0,1.0,0.01,-0.347,0.031,0.471,0.4973847759620192,0.8507786527021401
7,2,0.01,-0.347,0.031,0.471,0,1.0,0.003,-0.54,0.041,0.722,0.4973847759620192,0.8507786527021401
7,3,0.003,-0.54,0.041,0.722,1,1.0,-0.007,-0.347,0.055,0.491,0.4973847759620192,0.8507786527021401
7,4,-0.007,-0.347,0.055,0.491,1,1.0,-0.014,-0.155,0.065,0.263,0.4973847759620192,0.8507786527021401
7,5,-0.014,-0.155,0.065,0.263,0,1.0,-0.018,-0.349,0.07,0.522,0.4973847759620192,0.8507786527021401
7,6,-0.018,-0.349,0.07,0.522,0,1.0,-0.025,-0.542,0.081,0.781,0.4973847759620192,0.8507786527021401
7,7,-0.025,-0.542,0.081,0.781,1,1.0,-0.035,-0.351,0.096,0.561,0.4973847759620192,0.8507786527021401
7,8,-0.035,-0.351,0.096,0.561,1,1.0,-0.042,-0.159,0.108,0.346,0.4973847759620192,0.8507786527021401
7,9,-0.042,-0.159,0.108,0.346,0,1.0,-0.046,-0.353,0.115,0.614,0.4973847759620192,0.8507786527021401
7,10,-0.046,-0.353,0.115,0.614,0,1.0,-0.053,-0.547,0.127,0.883,0.4973847759620192,0.8507786527021401
7,11,-0.053,-0.547,0.127,0.883,1,1.0,-0.064,-0.356,0.145,0.677,0.4973847759620192,0.8507786527021401
7,12,-0.064,-0.356,0.145,0.677,0,1.0,-0.071,-0.55,0.158,0.951,0.4973847759620192,0.8507786527021401
7,13,-0.071,-0.55,0.158,0.951,1,1.0,-0.082,-0.359,0.177,0.755,0.4973847759620192,0.8507786527021401
7,14,-0.082,-0.359,0.177,0.755,0,1.0,-0.089,-0.553,0.192,1.036,0.4973847759620192,0.8507786527021401
7,15,-0.089,-0.553,0.192,1.036,0,1.0,-0.1,-0.747,0.213,1.318,0.4973847759620192,0.8507786527021401
8,0,-0.017,0.049,-0.018,0.029,1,1.0,-0.016,0.249,-0.018,-0.376,0.1426982404803344,0.3806655964596813
8,1,-0.016,0.249,-0.018,-0.376,0,1.0,-0.011,0.049,-0.025,0.014,0.1426982404803344,0.3806655964596813
8,2,-0.011,0.049,-0.025,0.014,1,1.0,-0.01,0.25,-0.025,-0.394,0.1426982404803344,0.3806655964596813
8,3,-0.01,0.25,-0.025,-0.394,0,1.0,-0.005,0.05,-0.033,-0.008,0.1426982404803344,0.3806655964596813
8,4,-0.005,0.05,-0.033,-0.008,1,1.0,-0.004,0.251,-0.033,-0.418,0.1426982404803344,0.3806655964596813
8,5,-0.004,0.251,-0.033,-0.418,0,1.0,0.001,0.052,-0.041,-0.036,0.1426982404803344,0.3806655964596813
8,6,0.001,0.052,-0.041,-0.036,1,1.0,0.002,0.252,-0.042,-0.45,0.1426982404803344,0.3806655964596813
8,7,0.002,0.252,-0.042,-0.45,1,1.0,0.007,0.453,-0.051,-0.864,0.1426982404803344,0.3806655964596813
8,8,0.007,0.453,-0.051,-0.864,1,1.0,0.016,0.654,-0.068,-1.282,0.1426982404803344,0.3806655964596813
8,9,0.016,0.654,-0.068,-1.282,1,1.0,0.029,0.855,-0.094,-1.707,0.1426982404803344,0.3806655964596813
8,10,0.029,0.855,-0.094,-1.707,1,1.0,0.046,1.056,-0.128,-2.141,0.1426982404803344,0.3806655964596813
8,11,0.046,1.056,-0.128,-2.141,0,1.0,0.067,0.858,-0.171,-1.801,0.1426982404803344,0.3806655964596813
8,12,0.067,0.858,-0.171,-1.801,0,1.0,0.084,0.662,-0.207,-1.483,0.1426982404803344,0.3806655964596813
8,13,0.084,0.662,-0.207,-1.483,0,1.0,0.097,0.466,-0.236,-1.183,0.1426982404803344,0.3806655964596813
9,0,0.037,-0.021,0.01,0.028,0,1.0,0.037,-0.214,0.011,0.263,0.06141568202939398,0.6127438843111195
9,1,0.037,-0.214,0.011,0.263,1,1.0,0.032,-0.022,0.016,0.033,0.06141568202939398,0.6127438843111195
9,2,0.032,-0.022,0.016,0.033,0,1.0,0.032,-0.214,0.017,0.269,0.06141568202939398,0.6127438843111195
9,3,0.032,-0.214,0.017,0.269,0,1.0,0.028,-0.407,0.022,0.506,0.06141568202939398,0.6127438843111195
9,4,0.028,-0.407,0.022,0.506,1,1.0,0.019,-0.215,0.032,0.279,0.06141568202939398,0.6127438843111195
9,5,0.019,-0.215,0.032,0.279,0,1.0,0.015,-0.407,0.038,0.519,0.06141568202939398,0.6127438843111195
9,6,0.015,-0.407,0.038,0.519,1,1.0,0.007,-0.215,0.048,0.297,0.06141568202939398,0.6127438843111195
9,7,0.007,-0.215,0.048,0.297,1,1.0,0.003,-0.024,0.054,0.077,0.06141568202939398,0.6127438843111195
9,8,0.003,-0.024,0.054,0.077,1,1.0,0.002,0.168,0.056,-0.142,0.06141568202939398,0.6127438843111195
9,9,0.002,0.168,0.056,-0.142,1,1.0,0.006,0.36,0.053,-0.359,0.06141568202939398,0.6127438843111195
9,10,0.006,0.36,0.053,-0.359,0,1.0,0.013,0.167,0.046,-0.114,0.06141568202939398,0.6127438843111195
9,11,0.013,0.167,0.046,-0.114,1,1.0,0.016,0.359,0.043,-0.335,0.06141568202939398,0.6127438843111195
9,12,0.016,0.359,0.043,-0.335,0,1.0,0.023,0.166,0.037,-0.092,0.06141568202939398,0.6127438843111195
9,13,0.023,0.166,0.037,-0.092,0,1.0,0.027,-0.027,0.035,0.149,0.06141568202939398,0.6127438843111195
9,14,0.027,-0.027,0.035,0.149,0,1.0,0.026,-0.22,0.038,0.39,0.06141568202939398,0.6127438843111195
9,15,0.026,-0.22,0.038,0.39,0,1.0,0.022,-0.412,0.046,0.632,0.06141568202939398,0.6127438843111195
9,16,0.022,-0.412,0.046,0.632,1,1.0,0.013,-0.221,0.058,0.411,0.06141568202939398,0.6127438843111195
9,17,0.013,-0.221,0.058,0.411,1,1.0,0.009,-0.029,0.067,0.194,0.06141568202939398,0.6127438843111195
9,18,0.009,-0.029,0.067,0.194,0,1.0,0.008,-0.222,0.07,0.442,0.06141568202939398,0.6127438843111195
9,19,0.008,-0.222,0.07,0.442,1,1.0,0.004,-0.03,0.079,0.228,0.06141568202939398,0.6127438843111195
9,20,0.004,-0.03,0.079,0.228,0,1.0,0.003,-0.224,0.084,0.479,0.06141568202939398,0.6127438843111195
9,21,0.003,-0.224,0.084,0.479,1,1.0,-0.001,-0.032,0.093,0.269,0.06141568202939398,0.6127438843111195
9,22,-0.001,-0.032,0.093,0.269,0,1.0,-0.002,-0.226,0.099,0.523,0.06141568202939398,0.6127438843111195
9,23,-0.002,-0.226,0.099,0.523,1,1.0,-0.006,-0.034,0.109,0.317,0.06141568202939398,0.6127438843111195
9,24,-0.006,-0.034,0.109,0.317,1,1.0,-0.007,0.157,0.116,0.114,0.06141568202939398,0.6127438843111195
9,25,-0.007,0.157,0.116,0.114,1,1.0,-0.004,0.348,0.118,-0.088,0.06141568202939398,0.6127438843111195
9,26,-0.004,0.348,0.118,-0.088,0,1.0,0.003,0.154,0.116,0.172,0.06141568202939398,0.6127438843111195
9,27,0.003,0.154,0.116,0.172,0,1.0,0.006,-0.039,0.12,0.431,0.06141568202939398,0.6127438843111195
9,28,0.006,-0.039,0.12,0.431,1,1.0,0.006,0.151,0.128,0.231,0.06141568202939398,0.6127438843111195
9,29,0.006,0.151,0.128,0.231,0,1.0,0.009,-0.042,0.133,0.493,0.06141568202939398,0.6127438843111195
9,30,0.009,-0.042,0.133,0.493,1,1.0,0.008,0.148,0.143,0.296,0.06141568202939398,0.6127438843111195
9,31,0.008,0.148,0.143,0.296,0,1.0,0.011,-0.045,0.149,0.561,0.06141568202939398,0.6127438843111195
9,32,0.011,-0.045,0.149,0.561,1,1.0,0.01,0.145,0.16,0.369,0.06141568202939398,0.6127438843111195
9,33,0.01,0.145,0.16,0.369,0,1.0,0.013,-0.049,0.167,0.637,0.06141568202939398,0.6127438843111195
9,34,0.013,-0.049,0.167,0.637,0,1.0,0.012,-0.242,0.18,0.908,0.06141568202939398,0.6127438843111195
9,35,0.012,-0.242,0.18,0.908,0,1.0,0.007,-0.436,0.198,1.18,0.06141568202939398,0.6127438843111195
9,36,0.007,-0.436,0.198,1.18,0,1.0,-0.002,-0.63,0.222,1.457,0.06141568202939398,0.6127438843111195
10,0,0.046,-0.029,0.033,-0.035,1,1.0,0.045,0.199,0.032,-1.061,0.0746887501825485,0.1350490291932765
10,1,0.045,0.199,0.032,-1.061,1,1.0,0.049,0.428,0.011,-2.087,0.0746887501825485,0.1350490291932765
10,2,0.049,0.428,0.011,-2.087,0,1.0,0.058,0.197,-0.031,-1.011,0.0746887501825485,0.1350490291932765
10,3,0.058,0.197,-0.031,-1.011,1,1.0,0.061,0.429,-0.051,-2.11,0.0746887501825485,0.1350490291932765
10,4,0.061,0.429,-0.051,-2.11,0,1.0,0.07,0.201,-0.093,-1.105,0.0746887501825485,0.1350490291932765
10,5,0.07,0.201,-0.093,-1.105,0,1.0,0.074,-0.024,-0.115,-0.152,0.0746887501825485,0.1350490291932765
10,6,0.074,-0.024,-0.115,-0.152,0,1.0,0.074,-0.248,-0.118,0.772,0.0746887501825485,0.1350490291932765
10,7,0.074,-0.248,-0.118,0.772,0,1.0,0.069,-0.471,-0.103,1.693,0.0746887501825485,0.1350490291932765
10,8,0.069,-0.471,-0.103,1.693,1,1.0,0.059,-0.236,-0.069,0.519,0.0746887501825485,0.1350490291932765
10,9,0.059,-0.236,-0.069,0.519,0,1.0,0.055,-0.463,-0.059,1.501,0.0746887501825485,0.1350490291932765
10,10,0.055,-0.463,-0.059,1.501,0,1.0,0.045,-0.69,-0.029,2.496,0.0746887501825485,0.1350490291932765
10,11,0.045,-0.69,-0.029,2.496,0,1.0,0.031,-0.919,0.021,3.528,0.0746887501825485,0.1350490291932765
10,12,0.031,-0.919,0.021,3.528,1,1.0,0.013,-0.689,0.092,2.487,0.0746887501825485,0.1350490291932765
10,13,0.013,-0.689,0.092,2.487,0,1.0,-0.001,-0.923,0.142,3.648,0.0746887501825485,0.1350490291932765
10,14,-0.001,-0.923,0.142,3.648,0,1.0,-0.019,-1.157,0.215,4.852,0.0746887501825485,0.1350490291932765
11,0,-0.037,-0.0,0.01,-0.047,0,1.0,-0.037,-0.196,0.009,0.252,0.7542102482276688,0.9476222740008828
11,1,-0.037,-0.196,0.009,0.252,1,1.0,-0.041,-0.0,0.014,-0.041,0.7542102482276688,0.9476222740008828
11,2,-0.041,-0.0,0.014,-0.041,1,1.0,-0.041,0.195,0.013,-0.333,0.7542102482276688,0.9476222740008828
11,3,-0.041,0.195,0.013,-0.333,0,1.0,-0.037,-0.001,0.007,-0.032,0.7542102482276688,0.9476222740008828
11,4,-0.037,-0.001,0.007,-0.032,0,1.0,-0.037,-0.196,0.006,0.266,0.7542102482276688,0.9476222740008828
11,5,-0.037,-0.196,0.006,0.266,1,1.0,-0.041,-0.001,0.011,-0.028,0.7542102482276688,0.9476222740008828
11,6,-0.041,-0.001,0.011,-0.028,0,1.0,-0.041,-0.196,0.011,0.272,0.7542102482276688,0.9476222740008828
11,7,-0.041,-0.196,0.011,0.272,1,1.0,-0.045,-0.001,0.016,-0.021,0.7542102482276688,0.9476222740008828
11,8,-0.045,-0.001,0.016,-0.021,1,1.0,-0.045,0.194,0.016,-0.312,0.7542102482276688,0.9476222740008828
11,9,-0.045,0.194,0.016,-0.312,1,1.0,-0.041,0.389,0.01,-0.603,0.7542102482276688,0.9476222740008828
11,10,-0.041,0.389,0.01,-0.603,0,1.0,-0.033,0.193,-0.002,-0.304,0.7542102482276688,0.9476222740008828
11,11,-0.033,0.193,-0.002,-0.304,1,1.0,-0.03,0.389,-0.008,-0.6,0.7542102482276688,0.9476222740008828
11,12,-0.03,0.389,-0.008,-0.6,0,1.0,-0.022,0.194,-0.02,-0.307,0.7542102482276688,0.9476222740008828
11,13,-0.022,0.194,-0.02,-0.307,1,1.0,-0.018,0.389,-0.027,-0.61,0.7542102482276688,0.9476222740008828
11,14,-0.018,0.389,-0.027,-0.61,0,1.0,-0.01,0.194,-0.039,-0.322,0.7542102482276688,0.9476222740008828
11,15,-0.01,0.194,-0.039,-0.322,0,1.0,-0.006,-0.0,-0.045,-0.039,0.7542102482276688,0.9476222740008828
11,16,-0.006,-0.0,-0.045,-0.039,1,1.0,-0.006,0.195,-0.046,-0.349,0.7542102482276688,0.9476222740008828
11,17,-0.006,0.195,-0.046,-0.349,1,1.0,-0.002,0.391,-0.053,-0.659,0.7542102482276688,0.9476222740008828
11,18,-0.002,0.391,-0.053,-0.659,1,1.0,0.005,0.587,-0.066,-0.97,0.7542102482276688,0.9476222740008828
11,19,0.005,0.587,-0.066,-0.97,0,1.0,0.017,0.393,-0.086,-0.697,0.7542102482276688,0.9476222740008828
11,20,0.017,0.393,-0.086,-0.697,1,1.0,0.025,0.589,-0.099,-1.017,0.7542102482276688,0.9476222740008828
11,21,0.025,0.589,-0.099,-1.017,0,1.0,0.037,0.396,-0.12,-0.756,0.7542102482276688,0.9476222740008828
11,22,0.037,0.396,-0.12,-0.756,1,1.0,0.045,0.592,-0.135,-1.084,0.7542102482276688,0.9476222740008828
11,23,0.045,0.592,-0.135,-1.084,1,1.0,0.057,0.789,-0.157,-1.414,0.7542102482276688,0.9476222740008828
11,24,0.057,0.789,-0.157,-1.414,0,1.0,0.072,0.596,-0.185,-1.176,0.7542102482276688,0.9476222740008828
11,25,0.072,0.596,-0.185,-1.176,1,1.0,0.084,0.793,-0.208,-1.514,0.7542102482276688,0.9476222740008828
11,26,0.084,0.793,-0.208,-1.514,1,1.0,0.1,0.989,-0.239,-1.854,0.7542102482276688,0.9476222740008828
12,0,-0.025,0.045,-0.031,-0.032,1,1.0,-0.024,0.232,-0.032,-0.151,0.26721891873657155,1.448682813626807
12,1,-0.024,0.232,-0.032,-0.151,1,1.0,-0.019,0.419,-0.035,-0.27,0.26721891873657155,1.448682813626807
12,2,-0.019,0.419,-0.035,-0.27,1,1.0,-0.011,0.606,-0.04,-0.389,0.26721891873657155,1.448682813626807
12,3,-0.011,0.606,-0.04,-0.389,1,1.0,0.001,0.794,-0.048,-0.509,0.26721891873657155,1.448682813626807
12,4,0.001,0.794,-0.048,-0.509,0,1.0,0.017,0.607,-0.058,-0.4,0.26721891873657155,1.448682813626807
12,5,0.017,0.607,-0.058,-0.4,0,1.0,0.029,0.42,-0.066,-0.293,0.26721891873657155,1.448682813626807
12,6,0.029,0.42,-0.066,-0.293,0,1.0,0.038,0.233,-0.072,-0.186,0.26721891873657155,1.448682813626807
12,7,0.038,0.233,-0.072,-0.186,0,1.0,0.042,0.047,-0.076,-0.08,0.26721891873657155,1.448682813626807
12,8,0.042,0.047,-0.076,-0.08,1,1.0,0.043,0.234,-0.077,-0.204,0.26721891873657155,1.448682813626807
12,9,0.043,0.234,-0.077,-0.204,0,1.0,0.048,0.048,-0.081,-0.099,0.26721891873657155,1.448682813626807
12,10,0.048,0.048,-0.081,-0.099,0,1.0,0.049,-0.139,-0.083,0.005,0.26721891873657155,1.448682813626807
12,11,0.049,-0.139,-0.083,0.005,0,1.0,0.046,-0.325,-0.083,0.11,0.26721891873657155,1.448682813626807
12,12,0.046,-0.325,-0.083,0.11,0,1.0,0.039,-0.512,-0.081,0.214,0.26721891873657155,1.448682813626807
12,13,0.039,-0.512,-0.081,0.214,0,1.0,0.029,-0.698,-0.077,0.318,0.26721891873657155,1.448682813626807
12,14,0.029,-0.698,-0.077,0.318,1,1.0,0.015,-0.511,-0.07,0.194,0.26721891873657155,1.448682813626807
12,15,0.015,-0.511,-0.07,0.194,1,1.0,0.005,-0.324,-0.067,0.071,0.26721891873657155,1.448682813626807
12,16,0.005,-0.324,-0.067,0.071,1,1.0,-0.001,-0.136,-0.065,-0.052,0.26721891873657155,1.448682813626807
12,17,-0.001,-0.136,-0.065,-0.052,1,1.0,-0.004,0.051,-0.066,-0.175,0.26721891873657155,1.448682813626807
12,18,-0.004,0.051,-0.066,-0.175,1,1.0,-0.003,0.239,-0.07,-0.298,0.26721891873657155,1.448682813626807
12,19,-0.003,0.239,-0.07,-0.298,1,1.0,0.002,0.426,-0.076,-0.421,0.26721891873657155,1.448682813626807
12,20,0.002,0.426,-0.076,-0.421,0,1.0,0.01,0.239,-0.084,-0.316,0.26721891873657155,1.448682813626807
12,21,0.01,0.239,-0.084,-0.316,0,1.0,0.015,0.053,-0.09,-0.212,0.26721891873657155,1.448682813626807
12,22,0.015,0.053,-0.09,-0.212,1,1.0,0.016,0.24,-0.095,-0.337,0.26721891873657155,1.448682813626807
12,23,0.016,0.24,-0.095,-0.337,1,1.0,0.021,0.428,-0.101,-0.464,0.26721891873657155,1.448682813626807
12,24,0.021,0.428,-0.101,-0.464,1,1.0,0.029,0.615,-0.111,-0.59,0.26721891873657155,1.448682813626807
12,25,0.029,0.615,-0.111,-0.59,1,1.0,0.042,0.803,-0.122,-0.718,0.26721891873657155,1.448682813626807
12,26,0.042,0.803,-0.122,-0.718,1,1.0,0.058,0.99,-0.137,-0.847,0.26721891873657155,1.448682813626807
12,27,0.058,0.99,-0.137,-0.847,1,1.0,0.078,1.178,-0.154,-0.977,0.26721891873657155,1.448682813626807
12,28,0.078,1.178,-0.154,-0.977,1,1.0,0.101,1.366,-0.173,-1.109,0.26721891873657155,1.448682813626807
12,29,0.101,1.366,-0.173,-1.109,1,1.0,0.128,1.553,-0.195,-1.243,0.26721891873657155,1.448682813626807
12,30,0.128,1.553,-0.195,-1.243,1,1.0,0.16,1.741,-0.22,-1.379,0.26721891873657155,1.448682813626807
13,0,0.036,0.036,0.031,-0.024,0,1.0,0.037,-0.157,0.031,0.207,0.24032475705942516,0.7298838219922094
13,1,0.037,-0.157,0.031,0.207,1,1.0,0.034,0.035,0.035,-0.009,0.24032475705942516,0.7298838219922094
13,2,0.034,0.035,0.035,-0.009,0,1.0,0.035,-0.157,0.035,0.223,0.24032475705942516,0.7298838219922094
13,3,0.035,-0.157,0.035,0.223,1,1.0,0.032,0.034,0.039,0.008,0.24032475705942516,0.7298838219922094
13,4,0.032,0.034,0.039,0.008,0,1.0,0.032,-0.158,0.039,0.24,0.24032475705942516,0.7298838219922094
13,5,0.032,-0.158,0.039,0.24,1,1.0,0.029,0.033,0.044,0.027,0.24032475705942516,0.7298838219922094
13,6,0.029,0.033,0.044,0.027,1,1.0,0.03,0.225,0.045,-0.186,0.24032475705942516,0.7298838219922094
13,7,0.03,0.225,0.045,-0.186,1,1.0,0.034,0.416,0.041,-0.398,0.24032475705942516,0.7298838219922094
13,8,0.034,0.416,0.041,-0.398,1,1.0,0.043,0.608,0.033,-0.612,0.24032475705942516,0.7298838219922094
13,9,0.043,0.608,0.033,-0.612,1,1.0,0.055,0.799,0.021,-0.827,0.24032475705942516,0.7298838219922094
13,10,0.055,0.799,0.021,-0.827,0,1.0,0.071,0.607,0.004,-0.599,0.24032475705942516,0.7298838219922094
13,11,0.071,0.607,0.004,-0.599,0,1.0,0.083,0.415,-0.008,-0.374,0.24032475705942516,0.7298838219922094
13,12,0.083,0.415,-0.008,-0.374,1,1.0,0.091,0.607,-0.015,-0.6,0.24032475705942516,0.7298838219922094
13,13,0.091,0.607,-0.015,-0.6,0,1.0,0.103,0.415,-0.027,-0.38,0.24032475705942516,0.7298838219922094
13,14,0.103,0.415,-0.027,-0.38,1,1.0,0.112,0.608,-0.035,-0.61,0.24032475705942516,0.7298838219922094
13,15,0.112,0.608,-0.035,-0.61,0,1.0,0.124,0.416,-0.047,-0.395,0.24032475705942516,0.7298838219922094
13,16,0.124,0.416,-0.047,-0.395,0,1.0,0.132,0.225,-0.055,-0.183,0.24032475705942516,0.7298838219922094
13,17,0.132,0.225,-0.055,-0.183,0,1.0,0.137,0.033,-0.059,0.026,0.24032475705942516,0.7298838219922094
13,18,0.137,0.033,-0.059,0.026,0,1.0,0.137,-0.158,-0.058,0.235,0.24032475705942516,0.7298838219922094
13,19,0.137,-0.158,-0.058,0.235,1,1.0,0.134,0.035,-0.054,-0.002,0.24032475705942516,0.7298838219922094
13,20,0.134,0.035,-0.054,-0.002,0,1.0,0.135,-0.157,-0.054,0.208,0.24032475705942516,0.7298838219922094
13,21,0.135,-0.157,-0.054,0.208,1,1.0,0.132,0.036,-0.049,-0.028,0.24032475705942516,0.7298838219922094
13,22,0.132,0.036,-0.049,-0.028,0,1.0,0.132,-0.156,-0.05,0.184,0.24032475705942516,0.7298838219922094
13,23,0.132,-0.156,-0.05,0.184,0,1.0,0.129,-0.347,-0.046,0.395,0.24032475705942516,0.7298838219922094
13,24,0.129,-0.347,-0.046,0.395,0,1.0,0.122,-0.539,-0.038,0.607,0.24032475705942516,0.7298838219922094
13,25,0.122,-0.539,-0.038,0.607,1,1.0,0.112,-0.346,-0.026,0.374,0.24032475705942516,0.7298838219922094
13,26,0.112,-0.346,-0.026,0.374,1,1.0,0.105,-0.154,-0.019,0.144,0.24032475705942516,0.7298838219922094
13,27,0.105,-0.154,-0.019,0.144,0,1.0,0.102,-0.346,-0.016,0.363,0.24032475705942516,0.7298838219922094
13,28,0.102,-0.346,-0.016,0.363,0,1.0,0.095,-0.538,-0.009,0.583,0.24032475705942516,0.7298838219922094
13,29,0.095,-0.538,-0.009,0.583,0,1.0,0.084,-0.729,0.003,0.804,0.24032475705942516,0.7298838219922094
13,30,0.084,-0.729,0.003,0.804,0,1.0,0.069,-0.921,0.019,1.028,0.24032475705942516,0.7298838219922094
13,31,0.069,-0.921,0.019,1.028,0,1.0,0.051,-1.114,0.04,1.256,0.24032475705942516,0.7298838219922094
13,32,0.051,-1.114,0.04,1.256,0,1.0,0.029,-1.306,0.065,1.489,0.24032475705942516,0.7298838219922094
13,33,0.029,-1.306,0.065,1.489,1,1.0,0.002,-1.115,0.095,1.282,0.24032475705942516,0.7298838219922094
13,34,0.002,-1.115,0.095,1.282,1,1.0,-0.02,-0.924,0.12,1.082,0.24032475705942516,0.7298838219922094
13,35,-0.02,-0.924,0.12,1.082,1,1.0,-0.038,-0.733,0.142,0.89,0.24032475705942516,0.7298838219922094
13,36,-0.038,-0.733,0.142,0.89,0,1.0,-0.053,-0.926,0.16,1.144,0.24032475705942516,0.7298838219922094
13,37,-0.053,-0.926,0.16,1.144,0,1.0,-0.071,-1.119,0.182,1.401,0.24032475705942516,0.7298838219922094
13,38,-0.071,-1.119,0.182,1.401,0,1.0,-0.094,-1.312,0.211,1.662,0.24032475705942516,0.7298838219922094
14,0,0.033,-0.014,0.02,0.036,0,1.0,0.033,-0.207,0.021,0.286,0.3661060257466248,0.7420528554871
14,1,0.033,-0.207,0.021,0.286,0,1.0,0.029,-0.4,0.027,0.537,0.3661060257466248,0.7420528554871
14,2,0.029,-0.4,0.027,0.537,0,1.0,0.021,-0.594,0.037,0.788,0.3661060257466248,0.7420528554871
14,3,0.021,-0.594,0.037,0.788,0,1.0,0.009,-0.787,0.053,1.043,0.3661060257466248,0.7420528554871
14,4,0.009,-0.787,0.053,1.043,0,1.0,-0.007,-0.98,0.074,1.301,0.3661060257466248,0.7420528554871
14,5,-0.007,-0.98,0.074,1.301,1,1.0,-0.027,-0.788,0.1,1.077,0.3661060257466248,0.7420528554871
14,6,-0.027,-0.788,0.1,1.077,1,1.0,-0.042,-0.597,0.122,0.86,0.3661060257466248,0.7420528554871
14,7,-0.042,-0.597,0.122,0.86,1,1.0,-0.054,-0.405,0.139,0.65,0.3661060257466248,0.7420528554871
14,8,-0.054,-0.405,0.139,0.65,0,1.0,-0.062,-0.599,0.152,0.927,0.3661060257466248,0.7420528554871
14,9,-0.062,-0.599,0.152,0.927,1,1.0,-0.074,-0.408,0.17,0.726,0.3661060257466248,0.7420528554871
14,10,-0.074,-0.408,0.17,0.726,0,1.0,-0.083,-0.603,0.185,1.01,0.3661060257466248,0.7420528554871
14,11,-0.083,-0.603,0.185,1.01,0,1.0,-0.095,-0.797,0.205,1.295,0.3661060257466248,0.7420528554871
14,12,-0.095,-0.797,0.205,1.295,1,1.0,-0.111,-0.607,0.231,1.111,0.3661060257466248,0.7420528554871
15,0,0.019,0.032,-0.016,-0.046,0,1.0,0.02,-0.167,-0.016,0.321,0.48329805025005285,0.5461494126807303
15,1,0.02,-0.167,-0.016,0.321,1,1.0,0.017,0.032,-0.01,-0.058,0.48329805025005285,0.5461494126807303
15,2,0.017,0.032,-0.01,-0.058,1,1.0,0.017,0.231,-0.011,-0.435,0.48329805025005285,0.5461494126807303
15,3,0.017,0.231,-0.011,-0.435,0,1.0,0.022,0.033,-0.02,-0.067,0.48329805025005285,0.5461494126807303
15,4,0.022,0.033,-0.02,-0.067,0,1.0,0.022,-0.166,-0.021,0.297,0.48329805025005285,0.5461494126807303
15,5,0.022,-0.166,-0.021,0.297,0,1.0,0.019,-0.364,-0.015,0.661,0.48329805025005285,0.5461494126807303
15,6,0.019,-0.364,-0.015,0.661,1,1.0,0.012,-0.165,-0.002,0.283,0.48329805025005285,0.5461494126807303
15,7,0.012,-0.165,-0.002,0.283,1,1.0,0.009,0.034,0.004,-0.091,0.48329805025005285,0.5461494126807303
15,8,0.009,0.034,0.004,-0.091,0,1.0,0.009,-0.165,0.002,0.283,0.48329805025005285,0.5461494126807303
15,9,0.009,-0.165,0.002,0.283,1,1.0,0.006,0.034,0.007,-0.089,0.48329805025005285,0.5461494126807303
15,10,0.006,0.034,0.007,-0.089,1,1.0,0.007,0.232,0.006,-0.458,0.48329805025005285,0.5461494126807303
15,11,0.007,0.232,0.006,-0.458,0,1.0,0.011,0.033,-0.004,-0.083,0.48329805025005285,0.5461494126807303
15,12,0.011,0.033,-0.004,-0.083,1,1.0,0.012,0.232,-0.005,-0.457,0.48329805025005285,0.5461494126807303
15,13,0.012,0.232,-0.005,-0.457,1,1.0,0.017,0.431,-0.014,-0.832,0.48329805025005285,0.5461494126807303
15,14,0.017,0.431,-0.014,-0.832,1,1.0,0.025,0.63,-0.031,-1.21,0.48329805025005285,0.5461494126807303
15,15,0.025,0.63,-0.031,-1.21,0,1.0,0.038,0.432,-0.055,-0.85,0.48329805025005285,0.5461494126807303
15,16,0.038,0.432,-0.055,-0.85,0,1.0,0.046,0.234,-0.072,-0.501,0.48329805025005285,0.5461494126807303
15,17,0.046,0.234,-0.072,-0.501,1,1.0,0.051,0.434,-0.082,-0.9,0.48329805025005285,0.5461494126807303
15,18,0.051,0.434,-0.082,-0.9,1,1.0,0.06,0.634,-0.1,-1.303,0.48329805025005285,0.5461494126807303
15,19,0.06,0.634,-0.1,-1.303,1,1.0,0.072,0.834,-0.126,-1.711,0.48329805025005285,0.5461494126807303
15,20,0.072,0.834,-0.126,-1.711,1,1.0,0.089,1.034,-0.16,-2.127,0.48329805025005285,0.5461494126807303
15,21,0.089,1.034,-0.16,-2.127,0,1.0,0.11,0.838,-0.203,-1.826,0.48329805025005285,0.5461494126807303
15,22,0.11,0.838,-0.203,-1.826,1,1.0,0.127,1.039,-0.239,-2.262,0.48329805025005285,0.5461494126807303
16,0,0.007,-0.007,-0.041,-0.015,1,1.0,0.007,0.227,-0.041,-1.162,0.7329237428028051,0.24738543074367478
16,1,0.007,0.227,-0.041,-1.162,0,1.0,0.011,-0.003,-0.064,-0.112,0.7329237428028051,0.24738543074367478
16,2,0.011,-0.003,-0.064,-0.112,1,1.0,0.011,0.232,-0.066,-1.282,0.7329237428028051,0.24738543074367478
16,3,0.011,0.232,-0.066,-1.282,1,1.0,0.016,0.467,-0.092,-2.455,0.7329237428028051,0.24738543074367478
16,4,0.016,0.467,-0.092,-2.455,0,1.0,0.025,0.24,-0.141,-1.472,0.7329237428028051,0.24738543074367478
16,5,0.025,0.24,-0.141,-1.472,1,1.0,0.03,0.477,-0.171,-2.704,0.7329237428028051,0.24738543074367478
16,6,0.03,0.477,-0.171,-2.704,0,1.0,0.039,0.256,-0.225,-1.838,0.7329237428028051,0.24738543074367478
17,0,0.035,-0.034,0.006,-0.013,0,1.0,0.034,-0.322,0.006,2.329,0.6997930397279742,0.11202700741900656
17,1,0.034,-0.322,0.006,2.329,0,1.0,0.027,-0.61,0.052,4.671,0.6997930397279742,0.11202700741900656
17,2,0.027,-0.61,0.052,4.671,0,1.0,0.015,-0.902,0.146,7.107,0.6997930397279742,0.11202700741900656
17,3,0.015,-0.902,0.146,7.107,1,1.0,-0.003,-0.624,0.288,5.121,0.6997930397279742,0.11202700741900656
18,0,-0.01,0.022,-0.022,-0.042,1,1.0,-0.01,0.224,-0.023,-0.493,0.30510564447656036,0.39054008921497596
18,1,-0.01,0.224,-0.023,-0.493,1,1.0,-0.005,0.426,-0.033,-0.944,0.30510564447656036,0.39054008921497596
18,2,-0.005,0.426,-0.033,-0.944,1,1.0,0.003,0.629,-0.051,-1.4,0.30510564447656036,0.39054008921497596
18,3,0.003,0.629,-0.051,-1.4,0,1.0,0.016,0.428,-0.08,-0.985,0.30510564447656036,0.39054008921497596
18,4,0.016,0.428,-0.08,-0.985,0,1.0,0.025,0.228,-0.099,-0.583,0.30510564447656036,0.39054008921497596
18,5,0.025,0.228,-0.099,-0.583,0,1.0,0.029,0.029,-0.111,-0.193,0.30510564447656036,0.39054008921497596
18,6,0.029,0.029,-0.111,-0.193,1,1.0,0.03,0.232,-0.115,-0.682,0.30510564447656036,0.39054008921497596
18,7,0.03,0.232,-0.115,-0.682,1,1.0,0.034,0.436,-0.128,-1.172,0.30510564447656036,0.39054008921497596
18,8,0.034,0.436,-0.128,-1.172,0,1.0,0.043,0.237,-0.152,-0.797,0.30510564447656036,0.39054008921497596
18,9,0.043,0.237,-0.152,-0.797,0,1.0,0.048,0.039,-0.168,-0.435,0.30510564447656036,0.39054008921497596
18,10,0.048,0.039,-0.168,-0.435,0,1.0,0.049,-0.158,-0.176,-0.082,0.30510564447656036,0.39054008921497596
18,11,0.049,-0.158,-0.176,-0.082,1,1.0,0.045,0.046,-0.178,-0.596,0.30510564447656036,0.39054008921497596
18,12,0.045,0.046,-0.178,-0.596,1,1.0,0.046,0.251,-0.19,-1.109,0.30510564447656036,0.39054008921497596
18,13,0.046,0.251,-0.19,-1.109,0,1.0,0.051,0.054,-0.212,-0.769,0.30510564447656036,0.39054008921497596
19,0,-0.008,0.043,-0.023,-0.044,0,1.0,-0.007,-0.144,-0.023,0.068,0.06429163298287424,1.239005358213764
19,1,-0.007,-0.144,-0.023,0.068,0,1.0,-0.01,-0.331,-0.022,0.18,0.06429163298287424,1.239005358213764
19,2,-0.01,-0.331,-0.022,0.18,0,1.0,-0.017,-0.518,-0.019,0.293,0.06429163298287424,1.239005358213764
19,3,-0.017,-0.518,-0.019,0.293,0,1.0,-0.027,-0.705,-0.013,0.406,0.06429163298287424,1.239005358213764
19,4,-0.027,-0.705,-0.013,0.406,1,1.0,-0.041,-0.518,-0.005,0.289,0.06429163298287424,1.239005358213764
19,5,-0.041,-0.518,-0.005,0.289,1,1.0,-0.051,-0.331,0.001,0.173,0.06429163298287424,1.239005358213764
19,6,-0.051,-0.331,0.001,0.173,1,1.0,-0.058,-0.144,0.005,0.058,0.06429163298287424,1.239005358213764
19,7,-0.058,-0.144,0.005,0.058,0,1.0,-0.061,-0.331,0.006,0.174,0.06429163298287424,1.239005358213764
19,8,-0.061,-0.331,0.006,0.174,0,1.0,-0.068,-0.518,0.009,0.29,0.06429163298287424,1.239005358213764
19,9,-0.068,-0.518,0.009,0.29,1,1.0,-0.078,-0.331,0.015,0.176,0.06429163298287424,1.239005358213764
19,10,-0.078,-0.331,0.015,0.176,1,1.0,-0.085,-0.144,0.019,0.063,0.06429163298287424,1.239005358213764
19,11,-0.085,-0.144,0.019,0.063,0,1.0,-0.087,-0.331,0.02,0.18,0.06429163298287424,1.239005358213764
19,12,-0.087,-0.331,0.02,0.18,0,1.0,-0.094,-0.518,0.023,0.298,0.06429163298287424,1.239005358213764
19,13,-0.094,-0.518,0.023,0.298,0,1.0,-0.104,-0.706,0.029,0.416,0.06429163298287424,1.239005358213764
19,14,-0.104,-0.706,0.029,0.416,1,1.0,-0.119,-0.519,0.038,0.304,0.06429163298287424,1.239005358213764
19,15,-0.119,-0.519,0.038,0.304,1,1.0,-0.129,-0.332,0.044,0.194,0.06429163298287424,1.239005358213764
19,16,-0.129,-0.332,0.044,0.194,0,1.0,-0.136,-0.519,0.048,0.314,0.06429163298287424,1.239005358213764
19,17,-0.136,-0.519,0.048,0.314,1,1.0,-0.146,-0.332,0.054,0.205,0.06429163298287424,1.239005358213764
19,18,-0.146,-0.332,0.054,0.205,1,1.0,-0.153,-0.146,0.058,0.097,0.06429163298287424,1.239005358213764
19,19,-0.153,-0.146,0.058,0.097,0,1.0,-0.155,-0.333,0.06,0.219,0.06429163298287424,1.239005358213764
19,20,-0.155,-0.333,0.06,0.219,1,1.0,-0.162,-0.146,0.064,0.112,0.06429163298287424,1.239005358213764
19,21,-0.162,-0.146,0.064,0.112,0,1.0,-0.165,-0.334,0.067,0.234,0.06429163298287424,1.239005358213764
19,22,-0.165,-0.334,0.067,0.234,1,1.0,-0.172,-0.147,0.071,0.128,0.06429163298287424,1.239005358213764
19,23,-0.172,-0.147,0.071,0.128,1,1.0,-0.175,0.04,0.074,0.022,0.06429163298287424,1.239005358213764
19,24,-0.175,0.04,0.074,0.022,0,1.0,-0.174,-0.148,0.074,0.146,0.06429163298287424,1.239005358213764
19,25,-0.174,-0.148,0.074,0.146,1,1.0,-0.177,0.039,0.077,0.04,0.06429163298287424,1.239005358213764
19,26,-0.177,0.039,0.077,0.04,1,1.0,-0.176,0.225,0.078,-0.065,0.06429163298287424,1.239005358213764
19,27,-0.176,0.225,0.078,-0.065,0,1.0,-0.172,0.038,0.077,0.06,0.06429163298287424,1.239005358213764
19,28,-0.172,0.038,0.077,0.06,1,1.0,-0.171,0.224,0.078,-0.046,0.06429163298287424,1.239005358213764
19,29,-0.171,0.224,0.078,-0.046,1,1.0,-0.166,0.411,0.077,-0.151,0.06429163298287424,1.239005358213764
19,30,-0.166,0.411,0.077,-0.151,1,1.0,-0.158,0.598,0.074,-0.256,0.06429163298287424,1.239005358213764
19,31,-0.158,0.598,0.074,-0.256,0,1.0,-0.146,0.41,0.069,-0.132,0.06429163298287424,1.239005358213764
19,32,-0.146,0.41,0.069,-0.132,0,1.0,-0.138,0.223,0.066,-0.009,0.06429163298287424,1.239005358213764
19,33,-0.138,0.223,0.066,-0.009,0,1.0,-0.133,0.035,0.066,0.114,0.06429163298287424,1.239005358213764
19,34,-0.133,0.035,0.066,0.114,0,1.0,-0.133,-0.152,0.068,0.237,0.06429163298287424,1.239005358213764
19,35,-0.133,-0.152,0.068,0.237,0,1.0,-0.136,-0.339,0.073,0.361,0.06429163298287424,1.239005358213764
19,36,-0.136,-0.339,0.073,0.361,1,1.0,-0.143,-0.153,0.08,0.255,0.06429163298287424,1.239005358213764
19,37,-0.143,-0.153,0.08,0.255,1,1.0,-0.146,0.034,0.085,0.15,0.06429163298287424,1.239005358213764
19,38,-0.146,0.034,0.085,0.15,1,1.0,-0.145,0.22,0.088,0.046,0.06429163298287424,1.239005358213764
19,39,-0.145,0.22,0.088,0.046,1,1.0,-0.141,0.407,0.089,-0.057,0.06429163298287424,1.239005358213764
19,40,-0.141,0.407,0.089,-0.057,1,1.0,-0.132,0.593,0.088,-0.161,0.06429163298287424,1.239005358213764
19,41,-0.132,0.593,0.088,-0.161,0,1.0,-0.121,0.406,0.085,-0.035,0.06429163298287424,1.239005358213764
19,42,-0.121,0.406,0.085,-0.035,0,1.0,-0.112,0.218,0.084,0.09,0.06429163298287424,1.239005358213764
19,43,-0.112,0.218,0.084,0.09,0,1.0,-0.108,0.031,0.086,0.215,0.06429163298287424,1.239005358213764
19,44,-0.108,0.031,0.086,0.215,1,1.0,-0.107,0.217,0.09,0.111,0.06429163298287424,1.239005358213764
19,45,-0.107,0.217,0.09,0.111,1,1.0,-0.103,0.404,0.093,0.008,0.06429163298287424,1.239005358213764
19,46,-0.103,0.404,0.093,0.008,1,1.0,-0.095,0.59,0.093,-0.096,0.06429163298287424,1.239005358213764
19,47,-0.095,0.59,0.093,-0.096,0,1.0,-0.083,0.403,0.091,0.03,0.06429163298287424,1.239005358213764
19,48,-0.083,0.403,0.091,0.03,1,1.0,-0.075,0.589,0.091,-0.073,0.06429163298287424,1.239005358213764
19,49,-0.075,0.589,0.091,-0.073,1,1.0,-0.063,0.776,0.09,-0.176,0.06429163298287424,1.239005358213764
19,50,-0.063,0.776,0.09,-0.176,1,1.0,-0.048,0.962,0.086,-0.28,0.06429163298287424,1.239005358213764
19,51,-0.048,0.962,0.086,-0.28,0,1.0,-0.029,0.775,0.081,-0.154,0.06429163298287424,1.239005358213764
19,52,-0.029,0.775,0.081,-0.154,0,1.0,-0.013,0.587,0.078,-0.03,0.06429163298287424,1.239005358213764
19,53,-0.013,0.587,0.078,-0.03,0,1.0,-0.001,0.4,0.077,0.095,0.06429163298287424,1.239005358213764
19,54,-0.001,0.4,0.077,0.095,1,1.0,0.007,0.587,0.079,-0.01,0.06429163298287424,1.239005358213764
19,55,0.007,0.587,0.079,-0.01,0,1.0,0.018,0.399,0.079,0.114,0.06429163298287424,1.239005358213764
19,56,0.018,0.399,0.079,0.114,1,1.0,0.026,0.586,0.081,0.009,0.06429163298287424,1.239005358213764
19,57,0.026,0.586,0.081,0.009,0,1.0,0.038,0.398,0.081,0.134,0.06429163298287424,1.239005358213764
19,58,0.038,0.398,0.081,0.134,0,1.0,0.046,0.211,0.084,0.259,0.06429163298287424,1.239005358213764
19,59,0.046,0.211,0.084,0.259,0,1.0,0.05,0.023,0.089,0.384,0.06429163298287424,1.239005358213764
19,60,0.05,0.023,0.089,0.384,1,1.0,0.051,0.21,0.097,0.28,0.06429163298287424,1.239005358213764
19,61,0.051,0.21,0.097,0.28,1,1.0,0.055,0.396,0.103,0.178,0.06429163298287424,1.239005358213764
19,62,0.055,0.396,0.103,0.178,1,1.0,0.063,0.583,0.106,0.076,0.06429163298287424,1.239005358213764
19,63,0.063,0.583,0.106,0.076,0,1.0,0.074,0.395,0.108,0.204,0.06429163298287424,1.239005358213764
19,64,0.074,0.395,0.108,0.204,0,1.0,0.082,0.207,0.112,0.331,0.06429163298287424,1.239005358213764
19,65,0.082,0.207,0.112,0.331,1,1.0,0.087,0.394,0.118,0.231,0.06429163298287424,1.239005358213764
19,66,0.087,0.394,0.118,0.231,1,1.0,0.094,0.58,0.123,0.131,0.06429163298287424,1.239005358213764
19,67,0.094,0.58,0.123,0.131,1,1.0,0.106,0.766,0.126,0.032,0.06429163298287424,1.239005358213764
19,68,0.106,0.766,0.126,0.032,1,1.0,0.121,0.953,0.126,-0.066,0.06429163298287424,1.239005358213764
19,69,0.121,0.953,0.126,-0.066,0,1.0,0.14,0.765,0.125,0.063,0.06429163298287424,1.239005358213764
19,70,0.14,0.765,0.125,0.063,1,1.0,0.156,0.951,0.126,-0.035,0.06429163298287424,1.239005358213764
19,71,0.156,0.951,0.126,-0.035,0,1.0,0.175,0.764,0.125,0.094,0.06429163298287424,1.239005358213764
19,72,0.175,0.764,0.125,0.094,1,1.0,0.19,0.95,0.127,-0.004,0.06429163298287424,1.239005358213764
19,73,0.19,0.95,0.127,-0.004,1,1.0,0.209,1.136,0.127,-0.103,0.06429163298287424,1.239005358213764
19,74,0.209,1.136,0.127,-0.103,0,1.0,0.232,0.948,0.125,0.027,0.06429163298287424,1.239005358213764
19,75,0.232,0.948,0.125,0.027,1,1.0,0.251,1.135,0.126,-0.071,0.06429163298287424,1.239005358213764
19,76,0.251,1.135,0.126,-0.071,0,1.0,0.273,0.947,0.124,0.058,0.06429163298287424,1.239005358213764
19,77,0.273,0.947,0.124,0.058,1,1.0,0.292,1.133,0.125,-0.041,0.06429163298287424,1.239005358213764
19,78,0.292,1.133,0.125,-0.041,1,1.0,0.315,1.32,0.125,-0.139,0.06429163298287424,1.239005358213764
19,79,0.315,1.32,0.125,-0.139,1,1.0,0.341,1.506,0.122,-0.238,0.06429163298287424,1.239005358213764
19,80,0.341,1.506,0.122,-0.238,1,1.0,0.371,1.692,0.117,-0.337,0.06429163298287424,1.239005358213764
19,81,0.371,1.692,0.117,-0.337,1,1.0,0.405,1.879,0.11,-0.437,0.06429163298287424,1.239005358213764
19,82,0.405,1.879,0.11,-0.437,0,1.0,0.443,1.691,0.102,-0.309,0.06429163298287424,1.239005358213764
19,83,0.443,1.691,0.102,-0.309,1,1.0,0.477,1.877,0.095,-0.411,0.06429163298287424,1.239005358213764
19,84,0.477,1.877,0.095,-0.411,1,1.0,0.514,2.064,0.087,-0.513,0.06429163298287424,1.239005358213764
19,85,0.514,2.064,0.087,-0.513,0,1.0,0.556,1.876,0.077,-0.388,0.06429163298287424,1.239005358213764
19,86,0.556,1.876,0.077,-0.388,1,1.0,0.593,2.063,0.069,-0.493,0.06429163298287424,1.239005358213764
19,87,0.593,2.063,0.069,-0.493,1,1.0,0.634,2.25,0.059,-0.599,0.06429163298287424,1.239005358213764
19,88,0.634,2.25,0.059,-0.599,1,1.0,0.679,2.436,0.047,-0.707,0.06429163298287424,1.239005358213764
19,89,0.679,2.436,0.047,-0.707,1,1.0,0.728,2.623,0.033,-0.816,0.06429163298287424,1.239005358213764
19,90,0.728,2.623,0.033,-0.816,0,1.0,0.78,2.436,0.017,-0.697,0.06429163298287424,1.239005358213764
19,91,0.78,2.436,0.017,-0.697,1,1.0,0.829,2.623,0.003,-0.81,0.06429163298287424,1.239005358213764
19,92,0.829,2.623,0.003,-0.81,1,1.0,0.882,2.81,-0.013,-0.925,0.06429163298287424,1.239005358213764
19,93,0.882,2.81,-0.013,-0.925,0,1.0,0.938,2.623,-0.032,-0.811,0.06429163298287424,1.239005358213764
19,94,0.938,2.623,-0.032,-0.811,1,1.0,0.99,2.81,-0.048,-0.93,0.06429163298287424,1.239005358213764
19,95,0.99,2.81,-0.048,-0.93,1,1.0,1.047,2.997,-0.067,-1.051,0.06429163298287424,1.239005358213764
19,96,1.047,2.997,-0.067,-1.051,0,1.0,1.106,2.811,-0.088,-0.944,0.06429163298287424,1.239005358213764
19,97,1.106,2.811,-0.088,-0.944,1,1.0,1.163,2.998,-0.106,-1.07,0.06429163298287424,1.239005358213764
19,98,1.163,2.998,-0.106,-1.07,0,1.0,1.223,2.812,-0.128,-0.968,0.06429163298287424,1.239005358213764
19,99,1.223,2.812,-0.128,-0.968,0,1.0,1.279,2.625,-0.147,-0.87,0.06429163298287424,1.239005358213764
19,100,1.279,2.625,-0.147,-0.87,0,1.0,1.331,2.439,-0.165,-0.774,0.06429163298287424,1.239005358213764
19,101,1.331,2.439,-0.165,-0.774,1,1.0,1.38,2.627,-0.18,-0.908,0.06429163298287424,1.239005358213764
19,102,1.38,2.627,-0.18,-0.908,1,1.0,1.433,2.814,-0.198,-1.043,0.06429163298287424,1.239005358213764
19,103,1.433,2.814,-0.198,-1.043,0,1.0,1.489,2.629,-0.219,-0.955,0.06429163298287424,1.239005358213764
20,0,-0.022,-0.004,-0.038,0.002,0,1.0,-0.022,-0.282,-0.038,2.119,0.41822279773104926,0.08633907571504458
20,1,-0.022,-0.282,-0.038,2.119,1,1.0,-0.028,0.004,0.005,-0.176,0.41822279773104926,0.08633907571504458
20,2,-0.028,0.004,0.005,-0.176,1,1.0,-0.028,0.286,0.001,-2.374,0.41822279773104926,0.08633907571504458
20,3,-0.028,0.286,0.001,-2.374,0,1.0,-0.022,0.003,-0.046,-0.162,0.41822279773104926,0.08633907571504458
20,4,-0.022,0.003,-0.046,-0.162,0,1.0,-0.022,-0.273,-0.05,1.932,0.41822279773104926,0.08633907571504458
20,5,-0.022,-0.273,-0.05,1.932,1,1.0,-0.027,0.014,-0.011,-0.388,0.41822279773104926,0.08633907571504458
20,6,-0.027,0.014,-0.011,-0.388,0,1.0,-0.027,-0.268,-0.019,1.795,0.41822279773104926,0.08633907571504458
20,7,-0.027,-0.268,-0.019,1.795,1,1.0,-0.032,0.017,0.017,-0.458,0.41822279773104926,0.08633907571504458
20,8,-0.032,0.017,0.017,-0.458,1,1.0,-0.032,0.297,0.008,-2.626,0.41822279773104926,0.08633907571504458
20,9,-0.032,0.297,0.008,-2.626,1,1.0,-0.026,0.578,-0.045,-4.817,0.41822279773104926,0.08633907571504458
20,10,-0.026,0.578,-0.045,-4.817,0,1.0,-0.015,0.3,-0.141,-2.706,0.41822279773104926,0.08633907571504458
20,11,-0.015,0.3,-0.141,-2.706,0,1.0,-0.009,0.034,-0.195,-0.856,0.41822279773104926,0.08633907571504458
20,12,-0.009,0.034,-0.195,-0.856,1,1.0,-0.008,0.331,-0.212,-3.445,0.41822279773104926,0.08633907571504458
21,0,0.028,0.011,0.021,-0.041,1,1.0,0.028,0.21,0.02,-0.429,0.3094422912440924,0.43572164099422683
21,1,0.028,0.21,0.02,-0.429,1,1.0,0.033,0.409,0.012,-0.817,0.3094422912440924,0.43572164099422683
21,2,0.033,0.409,0.012,-0.817,1,1.0,0.041,0.609,-0.005,-1.208,0.3094422912440924,0.43572164099422683
21,3,0.041,0.609,-0.005,-1.208,1,1.0,0.053,0.809,-0.029,-1.607,0.3094422912440924,0.43572164099422683
21,4,0.053,0.809,-0.029,-1.607,1,1.0,0.069,1.009,-0.061,-2.015,0.3094422912440924,0.43572164099422683
21,5,0.069,1.009,-0.061,-2.015,0,1.0,0.089,0.811,-0.101,-1.646,0.3094422912440924,0.43572164099422683
21,6,0.089,0.811,-0.101,-1.646,0,1.0,0.105,0.613,-0.134,-1.295,0.3094422912440924,0.43572164099422683
21,7,0.105,0.613,-0.134,-1.295,1,1.0,0.118,0.814,-0.16,-1.742,0.3094422912440924,0.43572164099422683
21,8,0.118,0.814,-0.16,-1.742,1,1.0,0.134,1.016,-0.195,-2.198,0.3094422912440924,0.43572164099422683
21,9,0.134,1.016,-0.195,-2.198,0,1.0,0.154,0.82,-0.239,-1.893,0.3094422912440924,0.43572164099422683
22,0,-0.013,-0.03,-0.041,0.015,1,1.0,-0.014,0.166,-0.041,-0.304,0.18592464093258346,0.509421113235871
22,1,-0.014,0.166,-0.041,-0.304,0,1.0,-0.011,-0.029,-0.047,-0.012,0.18592464093258346,0.509421113235871
22,2,-0.011,-0.029,-0.047,-0.012,1,1.0,-0.011,0.168,-0.047,-0.333,0.18592464093258346,0.509421113235871
22,3,-0.011,0.168,-0.047,-0.333,1,1.0,-0.008,0.364,-0.054,-0.655,0.18592464093258346,0.509421113235871
22,4,-0.008,0.364,-0.054,-0.655,1,1.0,-0.001,0.56,-0.067,-0.979,0.18592464093258346,0.509421113235871
22,5,-0.001,0.56,-0.067,-0.979,0,1.0,0.011,0.366,-0.087,-0.695,0.18592464093258346,0.509421113235871
22,6,0.011,0.366,-0.087,-0.695,0,1.0,0.018,0.171,-0.1,-0.418,0.18592464093258346,0.509421113235871
22,7,0.018,0.171,-0.1,-0.418,1,1.0,0.021,0.368,-0.109,-0.756,0.18592464093258346,0.509421113235871
22,8,0.021,0.368,-0.109,-0.756,0,1.0,0.029,0.174,-0.124,-0.488,0.18592464093258346,0.509421113235871
22,9,0.029,0.174,-0.124,-0.488,0,1.0,0.032,-0.019,-0.134,-0.225,0.18592464093258346,0.509421113235871
22,10,0.032,-0.019,-0.134,-0.225,0,1.0,0.032,-0.213,-0.138,0.034,0.18592464093258346,0.509421113235871
22,11,0.032,-0.213,-0.138,0.034,0,1.0,0.028,-0.406,-0.137,0.292,0.18592464093258346,0.509421113235871
22,12,0.028,-0.406,-0.137,0.292,0,1.0,0.019,-0.6,-0.132,0.549,0.18592464093258346,0.509421113235871
22,13,0.019,-0.6,-0.132,0.549,1,1.0,0.007,-0.402,-0.121,0.203,0.18592464093258346,0.509421113235871
22,14,0.007,-0.402,-0.121,0.203,0,1.0,-0.001,-0.596,-0.117,0.467,0.18592464093258346,0.509421113235871
22,15,-0.001,-0.596,-0.117,0.467,1,1.0,-0.012,-0.399,-0.107,0.125,0.18592464093258346,0.509421113235871
22,16,-0.012,-0.399,-0.107,0.125,0,1.0,-0.02,-0.593,-0.105,0.394,0.18592464093258346,0.509421113235871
22,17,-0.02,-0.593,-0.105,0.394,1,1.0,-0.032,-0.396,-0.097,0.055,0.18592464093258346,0.509421113235871
22,18,-0.032,-0.396,-0.097,0.055,0,1.0,-0.04,-0.59,-0.096,0.328,0.18592464093258346,0.509421113235871
22,19,-0.04,-0.59,-0.096,0.328,0,1.0,-0.052,-0.784,-0.089,0.601,0.18592464093258346,0.509421113235871
22,20,-0.052,-0.784,-0.089,0.601,0,1.0,-0.068,-0.978,-0.077,0.877,0.18592464093258346,0.509421113235871
22,21,-0.068,-0.978,-0.077,0.877,1,1.0,-0.087,-0.781,-0.06,0.546,0.18592464093258346,0.509421113235871
22,22,-0.087,-0.781,-0.06,0.546,0,1.0,-0.103,-0.976,-0.049,0.832,0.18592464093258346,0.509421113235871
22,23,-0.103,-0.976,-0.049,0.832,1,1.0,-0.122,-0.78,-0.032,0.51,0.18592464093258346,0.509421113235871
22,24,-0.122,-0.78,-0.032,0.51,1,1.0,-0.138,-0.584,-0.022,0.193,0.18592464093258346,0.509421113235871
22,25,-0.138,-0.584,-0.022,0.193,0,1.0,-0.15,-0.779,-0.018,0.492,0.18592464093258346,0.509421113235871
22,26,-0.15,-0.779,-0.018,0.492,1,1.0,-0.165,-0.583,-0.008,0.18,0.18592464093258346,0.509421113235871
22,27,-0.165,-0.583,-0.008,0.18,0,1.0,-0.177,-0.779,-0.005,0.484,0.18592464093258346,0.509421113235871
22,28,-0.177,-0.779,-0.005,0.484,0,1.0,-0.193,-0.974,0.005,0.789,0.18592464093258346,0.509421113235871
22,29,-0.193,-0.974,0.005,0.789,1,1.0,-0.212,-0.779,0.021,0.484,0.18592464093258346,0.509421113235871
22,30,-0.212,-0.779,0.021,0.484,1,1.0,-0.228,-0.583,0.031,0.184,0.18592464093258346,0.509421113235871
22,31,-0.228,-0.583,0.031,0.184,0,1.0,-0.239,-0.779,0.034,0.501,0.18592464093258346,0.509421113235871
22,32,-0.239,-0.779,0.034,0.501,0,1.0,-0.255,-0.976,0.044,0.818,0.18592464093258346,0.509421113235871
22,33,-0.255,-0.976,0.044,0.818,0,1.0,-0.274,-1.172,0.061,1.139,0.18592464093258346,0.509421113235871
22,34,-0.274,-1.172,0.061,1.139,1,1.0,-0.298,-0.977,0.083,0.853,0.18592464093258346,0.509421113235871
22,35,-0.298,-0.977,0.083,0.853,0,1.0,-0.317,-1.174,0.1,1.186,0.18592464093258346,0.509421113235871
22,36,-0.317,-1.174,0.1,1.186,1,1.0,-0.341,-0.98,0.124,0.914,0.18592464093258346,0.509421113235871
22,37,-0.341,-0.98,0.124,0.914,0,1.0,-0.36,-1.177,0.142,1.258,0.18592464093258346,0.509421113235871
22,38,-0.36,-1.177,0.142,1.258,0,1.0,-0.384,-1.374,0.168,1.607,0.18592464093258346,0.509421113235871
22,39,-0.384,-1.374,0.168,1.607,0,1.0,-0.411,-1.572,0.2,1.963,0.18592464093258346,0.509421113235871
22,40,-0.411,-1.572,0.2,1.963,0,1.0,-0.443,-1.769,0.239,2.326,0.18592464093258346,0.509421113235871
23,0,0.019,0.014,-0.037,-0.039,1,1.0,0.02,0.208,-0.038,-0.31,0.2125978932043111,0.6111562190979459
23,1,0.02,0.208,-0.038,-0.31,0,1.0,0.024,0.015,-0.044,-0.06,0.2125978932043111,0.6111562190979459
23,2,0.024,0.015,-0.044,-0.06,1,1.0,0.024,0.209,-0.045,-0.333,0.2125978932043111,0.6111562190979459
23,3,0.024,0.209,-0.045,-0.333,0,1.0,0.028,0.016,-0.052,-0.085,0.2125978932043111,0.6111562190979459
23,4,0.028,0.016,-0.052,-0.085,0,1.0,0.029,-0.177,-0.054,0.161,0.2125978932043111,0.6111562190979459
23,5,0.029,-0.177,-0.054,0.161,1,1.0,0.025,0.018,-0.05,-0.115,0.2125978932043111,0.6111562190979459
23,6,0.025,0.018,-0.05,-0.115,0,1.0,0.025,-0.175,-0.053,0.132,0.2125978932043111,0.6111562190979459
23,7,0.025,-0.175,-0.053,0.132,1,1.0,0.022,0.019,-0.05,-0.143,0.2125978932043111,0.6111562190979459
23,8,0.022,0.019,-0.05,-0.143,1,1.0,0.022,0.213,-0.053,-0.418,0.2125978932043111,0.6111562190979459
23,9,0.022,0.213,-0.053,-0.418,1,1.0,0.027,0.407,-0.061,-0.693,0.2125978932043111,0.6111562190979459
23,10,0.027,0.407,-0.061,-0.693,0,1.0,0.035,0.215,-0.075,-0.45,0.2125978932043111,0.6111562190979459
23,11,0.035,0.215,-0.075,-0.45,0,1.0,0.039,0.022,-0.084,-0.211,0.2125978932043111,0.6111562190979459
23,12,0.039,0.022,-0.084,-0.211,0,1.0,0.039,-0.171,-0.088,0.025,0.2125978932043111,0.6111562190979459
23,13,0.039,-0.171,-0.088,0.025,0,1.0,0.036,-0.363,-0.088,0.259,0.2125978932043111,0.6111562190979459
23,14,0.036,-0.363,-0.088,0.259,1,1.0,0.029,-0.168,-0.083,-0.025,0.2125978932043111,0.6111562190979459
23,15,0.029,-0.168,-0.083,-0.025,1,1.0,0.025,0.026,-0.083,-0.308,0.2125978932043111,0.6111562190979459
23,16,0.025,0.026,-0.083,-0.308,0,1.0,0.026,-0.166,-0.089,-0.071,0.2125978932043111,0.6111562190979459
23,17,0.026,-0.166,-0.089,-0.071,0,1.0,0.023,-0.359,-0.091,0.163,0.2125978932043111,0.6111562190979459
23,18,0.023,-0.359,-0.091,0.163,0,1.0,0.015,-0.551,-0.088,0.397,0.2125978932043111,0.6111562190979459
23,19,0.015,-0.551,-0.088,0.397,1,1.0,0.004,-0.356,-0.08,0.113,0.2125978932043111,0.6111562190979459
23,20,0.004,-0.356,-0.08,0.113,1,1.0,-0.003,-0.162,-0.077,-0.169,0.2125978932043111,0.6111562190979459
23,21,-0.003,-0.162,-0.077,-0.169,1,1.0,-0.006,0.033,-0.081,-0.451,0.2125978932043111,0.6111562190979459
23,22,-0.006,0.033,-0.081,-0.451,0,1.0,-0.005,-0.16,-0.09,-0.214,0.2125978932043111,0.6111562190979459
23,23,-0.005,-0.16,-0.09,-0.214,0,1.0,-0.008,-0.352,-0.094,0.021,0.2125978932043111,0.6111562190979459
23,24,-0.008,-0.352,-0.094,0.021,0,1.0,-0.015,-0.545,-0.094,0.254,0.2125978932043111,0.6111562190979459
23,25,-0.015,-0.545,-0.094,0.254,1,1.0,-0.026,-0.35,-0.089,-0.032,0.2125978932043111,0.6111562190979459
23,26,-0.026,-0.35,-0.089,-0.032,1,1.0,-0.033,-0.155,-0.089,-0.316,0.2125978932043111,0.6111562190979459
23,27,-0.033,-0.155,-0.089,-0.316,0,1.0,-0.036,-0.348,-0.096,-0.082,0.2125978932043111,0.6111562190979459
23,28,-0.036,-0.348,-0.096,-0.082,0,1.0,-0.043,-0.54,-0.097,0.151,0.2125978932043111,0.6111562190979459
23,29,-0.043,-0.54,-0.097,0.151,1,1.0,-0.054,-0.345,-0.094,-0.136,0.2125978932043111,0.6111562190979459
23,30,-0.054,-0.345,-0.094,-0.136,0,1.0,-0.061,-0.538,-0.097,0.097,0.2125978932043111,0.6111562190979459
23,31,-0.061,-0.538,-0.097,0.097,1,1.0,-0.072,-0.343,-0.095,-0.189,0.2125978932043111,0.6111562190979459
23,32,-0.072,-0.343,-0.095,-0.189,0,1.0,-0.079,-0.535,-0.099,0.044,0.2125978932043111,0.6111562190979459
23,33,-0.079,-0.535,-0.099,0.044,1,1.0,-0.089,-0.34,-0.098,-0.243,0.2125978932043111,0.6111562190979459
23,34,-0.089,-0.34,-0.098,-0.243,0,1.0,-0.096,-0.533,-0.103,-0.011,0.2125978932043111,0.6111562190979459
23,35,-0.096,-0.533,-0.103,-0.011,1,1.0,-0.107,-0.338,-0.103,-0.299,0.2125978932043111,0.6111562190979459
23,36,-0.107,-0.338,-0.103,-0.299,1,1.0,-0.114,-0.143,-0.109,-0.587,0.2125978932043111,0.6111562190979459
23,37,-0.114,-0.143,-0.109,-0.587,0,1.0,-0.117,-0.335,-0.121,-0.359,0.2125978932043111,0.6111562190979459
23,38,-0.117,-0.335,-0.121,-0.359,1,1.0,-0.123,-0.14,-0.128,-0.651,0.2125978932043111,0.6111562190979459
23,39,-0.123,-0.14,-0.128,-0.651,1,1.0,-0.126,0.055,-0.141,-0.945,0.2125978932043111,0.6111562190979459
23,40,-0.126,0.055,-0.141,-0.945,0,1.0,-0.125,-0.137,-0.16,-0.727,0.2125978932043111,0.6111562190979459
23,41,-0.125,-0.137,-0.16,-0.727,0,1.0,-0.128,-0.328,-0.174,-0.514,0.2125978932043111,0.6111562190979459
23,42,-0.128,-0.328,-0.174,-0.514,0,1.0,-0.134,-0.519,-0.185,-0.307,0.2125978932043111,0.6111562190979459
23,43,-0.134,-0.519,-0.185,-0.307,0,1.0,-0.145,-0.71,-0.191,-0.103,0.2125978932043111,0.6111562190979459
23,44,-0.145,-0.71,-0.191,-0.103,0,1.0,-0.159,-0.901,-0.193,0.098,0.2125978932043111,0.6111562190979459
23,45,-0.159,-0.901,-0.193,0.098,0,1.0,-0.177,-1.092,-0.191,0.299,0.2125978932043111,0.6111562190979459
23,46,-0.177,-1.092,-0.191,0.299,1,1.0,-0.199,-0.896,-0.185,-0.008,0.2125978932043111,0.6111562190979459
23,47,-0.199,-0.896,-0.185,-0.008,0,1.0,-0.217,-1.087,-0.185,0.195,0.2125978932043111,0.6111562190979459
23,48,-0.217,-1.087,-0.185,0.195,0,1.0,-0.238,-1.278,-0.181,0.399,0.2125978932043111,0.6111562190979459
23,49,-0.238,-1.278,-0.181,0.399,0,1.0,-0.264,-1.469,-0.173,0.604,0.2125978932043111,0.6111562190979459
23,50,-0.264,-1.469,-0.173,0.604,1,1.0,-0.293,-1.274,-0.161,0.3,0.2125978932043111,0.6111562190979459
23,51,-0.293,-1.274,-0.161,0.3,0,1.0,-0.319,-1.465,-0.155,0.511,0.2125978932043111,0.6111562190979459
23,52,-0.319,-1.465,-0.155,0.511,0,1.0,-0.348,-1.657,-0.145,0.725,0.2125978932043111,0.6111562190979459
23,53,-0.348,-1.657,-0.145,0.725,1,1.0,-0.381,-1.462,-0.13,0.427,0.2125978932043111,0.6111562190979459
23,54,-0.381,-1.462,-0.13,0.427,0,1.0,-0.41,-1.653,-0.122,0.649,0.2125978932043111,0.6111562190979459
23,55,-0.41,-1.653,-0.122,0.649,1,1.0,-0.444,-1.458,-0.109,0.356,0.2125978932043111,0.6111562190979459
23,56,-0.444,-1.458,-0.109,0.356,0,1.0,-0.473,-1.651,-0.102,0.585,0.2125978932043111,0.6111562190979459
23,57,-0.473,-1.651,-0.102,0.585,1,1.0,-0.506,-1.456,-0.09,0.297,0.2125978932043111,0.6111562190979459
23,58,-0.506,-1.456,-0.09,0.297,0,1.0,-0.535,-1.648,-0.084,0.532,0.2125978932043111,0.6111562190979459
23,59,-0.535,-1.648,-0.084,0.532,0,1.0,-0.568,-1.841,-0.073,0.768,0.2125978932043111,0.6111562190979459
23,60,-0.568,-1.841,-0.073,0.768,1,1.0,-0.605,-1.646,-0.058,0.487,0.2125978932043111,0.6111562190979459
23,61,-0.605,-1.646,-0.058,0.487,0,1.0,-0.638,-1.839,-0.048,0.731,0.2125978932043111,0.6111562190979459
23,62,-0.638,-1.839,-0.048,0.731,1,1.0,-0.674,-1.645,-0.034,0.457,0.2125978932043111,0.6111562190979459
23,63,-0.674,-1.645,-0.034,0.457,1,1.0,-0.707,-1.451,-0.025,0.187,0.2125978932043111,0.6111562190979459
23,64,-0.707,-1.451,-0.025,0.187,0,1.0,-0.736,-1.644,-0.021,0.441,0.2125978932043111,0.6111562190979459
23,65,-0.736,-1.644,-0.021,0.441,1,1.0,-0.769,-1.45,-0.012,0.174,0.2125978932043111,0.6111562190979459
23,66,-0.769,-1.45,-0.012,0.174,1,1.0,-0.798,-1.256,-0.008,-0.09,0.2125978932043111,0.6111562190979459
23,67,-0.798,-1.256,-0.008,-0.09,1,1.0,-0.823,-1.063,-0.01,-0.353,0.2125978932043111,0.6111562190979459
23,68,-0.823,-1.063,-0.01,-0.353,1,1.0,-0.845,-0.869,-0.017,-0.617,0.2125978932043111,0.6111562190979459
23,69,-0.845,-0.869,-0.017,-0.617,1,1.0,-0.862,-0.675,-0.03,-0.883,0.2125978932043111,0.6111562190979459
23,70,-0.862,-0.675,-0.03,-0.883,0,1.0,-0.875,-0.868,-0.047,-0.63,0.2125978932043111,0.6111562190979459
23,71,-0.875,-0.868,-0.047,-0.63,0,1.0,-0.893,-1.061,-0.06,-0.383,0.2125978932043111,0.6111562190979459
23,72,-0.893,-1.061,-0.06,-0.383,1,1.0,-0.914,-0.867,-0.068,-0.66,0.2125978932043111,0.6111562190979459
23,73,-0.914,-0.867,-0.068,-0.66,1,1.0,-0.931,-0.672,-0.081,-0.939,0.2125978932043111,0.6111562190979459
23,74,-0.931,-0.672,-0.081,-0.939,1,1.0,-0.945,-0.478,-0.1,-1.222,0.2125978932043111,0.6111562190979459
23,75,-0.945,-0.478,-0.1,-1.222,1,1.0,-0.954,-0.283,-0.124,-1.509,0.2125978932043111,0.6111562190979459
23,76,-0.954,-0.283,-0.124,-1.509,0,1.0,-0.96,-0.475,-0.154,-1.285,0.2125978932043111,0.6111562190979459
23,77,-0.96,-0.475,-0.154,-1.285,1,1.0,-0.969,-0.28,-0.18,-1.584,0.2125978932043111,0.6111562190979459
23,78,-0.969,-0.28,-0.18,-1.584,1,1.0,-0.975,-0.085,-0.212,-1.889,0.2125978932043111,0.6111562190979459
24,0,-0.017,-0.009,0.007,0.001,0,1.0,-0.017,-0.205,0.007,0.313,0.381115827959413,0.5947037963670837
24,1,-0.017,-0.205,0.007,0.313,1,1.0,-0.021,-0.01,0.014,0.006,0.381115827959413,0.5947037963670837
24,2,-0.021,-0.01,0.014,0.006,1,1.0,-0.021,0.186,0.014,-0.3,0.381115827959413,0.5947037963670837
24,3,-0.021,0.186,0.014,-0.3,0,1.0,-0.018,-0.01,0.008,0.015,0.381115827959413,0.5947037963670837
24,4,-0.018,-0.01,0.008,0.015,0,1.0,-0.018,-0.206,0.008,0.327,0.381115827959413,0.5947037963670837
24,5,-0.018,-0.206,0.008,0.327,0,1.0,-0.022,-0.402,0.015,0.64,0.381115827959413,0.5947037963670837
24,6,-0.022,-0.402,0.015,0.64,0,1.0,-0.03,-0.598,0.028,0.954,0.381115827959413,0.5947037963670837
24,7,-0.03,-0.598,0.028,0.954,1,1.0,-0.042,-0.403,0.047,0.654,0.381115827959413,0.5947037963670837
24,8,-0.042,-0.403,0.047,0.654,1,1.0,-0.05,-0.208,0.06,0.36,0.381115827959413,0.5947037963670837
24,9,-0.05,-0.208,0.06,0.36,1,1.0,-0.054,-0.013,0.067,0.071,0.381115827959413,0.5947037963670837
24,10,-0.054,-0.013,0.067,0.071,0,1.0,-0.055,-0.21,0.068,0.402,0.381115827959413,0.5947037963670837
24,11,-0.055,-0.21,0.068,0.402,1,1.0,-0.059,-0.015,0.076,0.116,0.381115827959413,0.5947037963670837
24,12,-0.059,-0.015,0.076,0.116,1,1.0,-0.059,0.18,0.079,-0.167,0.381115827959413,0.5947037963670837
24,13,-0.059,0.18,0.079,-0.167,1,1.0,-0.055,0.375,0.075,-0.449,0.381115827959413,0.5947037963670837
24,14,-0.055,0.375,0.075,-0.449,0,1.0,-0.048,0.178,0.066,-0.115,0.381115827959413,0.5947037963670837
24,15,-0.048,0.178,0.066,-0.115,0,1.0,-0.044,-0.019,0.064,0.216,0.381115827959413,0.5947037963670837
24,16,-0.044,-0.019,0.064,0.216,0,1.0,-0.045,-0.216,0.068,0.546,0.381115827959413,0.5947037963670837
24,17,-0.045,-0.216,0.068,0.546,0,1.0,-0.049,-0.413,0.079,0.877,0.381115827959413,0.5947037963670837
24,18,-0.049,-0.413,0.079,0.877,0,1.0,-0.057,-0.61,0.097,1.211,0.381115827959413,0.5947037963670837
24,19,-0.057,-0.61,0.097,1.211,1,1.0,-0.07,-0.415,0.121,0.936,0.381115827959413,0.5947037963670837
24,20,-0.07,-0.415,0.121,0.936,0,1.0,-0.078,-0.613,0.14,1.282,0.381115827959413,0.5947037963670837
24,21,-0.078,-0.613,0.14,1.282,0,1.0,-0.09,-0.81,0.165,1.633,0.381115827959413,0.5947037963670837
24,22,-0.09,-0.81,0.165,1.633,0,1.0,-0.106,-1.007,0.198,1.989,0.381115827959413,0.5947037963670837
24,23,-0.106,-1.007,0.198,1.989,1,1.0,-0.126,-0.814,0.238,1.753,0.381115827959413,0.5947037963670837
25,0,-0.034,-0.05,-0.028,-0.013,0,1.0,-0.035,-0.255,-0.029,0.489,0.5173094938064725,0.406281554379609
25,1,-0.035,-0.255,-0.029,0.489,0,1.0,-0.04,-0.459,-0.019,0.991,0.5173094938064725,0.406281554379609
25,2,-0.04,-0.459,-0.019,0.991,1,1.0,-0.049,-0.253,0.001,0.462,0.5173094938064725,0.406281554379609
25,3,-0.049,-0.253,0.001,0.462,1,1.0,-0.054,-0.048,0.01,-0.056,0.5173094938064725,0.406281554379609
25,4,-0.054,-0.048,0.01,-0.056,0,1.0,-0.055,-0.254,0.009,0.469,0.5173094938064725,0.406281554379609
25,5,-0.055,-0.254,0.009,0.469,0,1.0,-0.06,-0.459,0.019,0.992,0.5173094938064725,0.406281554379609
25,6,-0.06,-0.459,0.019,0.992,0,1.0,-0.069,-0.665,0.038,1.521,0.5173094938064725,0.406281554379609
25,7,-0.069,-0.665,0.038,1.521,1,1.0,-0.083,-0.461,0.069,1.024,0.5173094938064725,0.406281554379609
25,8,-0.083,-0.461,0.069,1.024,1,1.0,-0.092,-0.257,0.089,0.546,0.5173094938064725,0.406281554379609
25,9,-0.092,-0.257,0.089,0.546,0,1.0,-0.097,-0.464,0.1,1.11,0.5173094938064725,0.406281554379609
25,10,-0.097,-0.464,0.1,1.11,0,1.0,-0.106,-0.672,0.122,1.679,0.5173094938064725,0.406281554379609
25,11,-0.106,-0.672,0.122,1.679,0,1.0,-0.12,-0.879,0.156,2.256,0.5173094938064725,0.406281554379609
25,12,-0.12,-0.879,0.156,2.256,1,1.0,-0.137,-0.678,0.201,1.834,0.5173094938064725,0.406281554379609
25,13,-0.137,-0.678,0.201,1.834,0,1.0,-0.151,-0.886,0.238,2.439,0.5173094938064725,0.406281554379609
26,0,-0.001,-0.027,-0.043,0.021,0,1.0,-0.001,-0.218,-0.043,0.239,0.23537912420854115,0.7095048192803978
26,1,-0.001,-0.218,-0.043,0.239,0,1.0,-0.006,-0.41,-0.038,0.457,0.23537912420854115,0.7095048192803978
26,2,-0.006,-0.41,-0.038,0.457,0,1.0,-0.014,-0.602,-0.029,0.677,0.23537912420854115,0.7095048192803978
26,3,-0.014,-0.602,-0.029,0.677,1,1.0,-0.026,-0.409,-0.015,0.441,0.23537912420854115,0.7095048192803978
26,4,-0.026,-0.409,-0.015,0.441,1,1.0,-0.034,-0.217,-0.007,0.208,0.23537912420854115,0.7095048192803978
26,5,-0.034,-0.217,-0.007,0.208,1,1.0,-0.038,-0.025,-0.002,-0.022,0.23537912420854115,0.7095048192803978
26,6,-0.038,-0.025,-0.002,-0.022,1,1.0,-0.039,0.168,-0.003,-0.252,0.23537912420854115,0.7095048192803978
26,7,-0.039,0.168,-0.003,-0.252,0,1.0,-0.036,-0.025,-0.008,-0.024,0.23537912420854115,0.7095048192803978
26,8,-0.036,-0.025,-0.008,-0.024,0,1.0,-0.036,-0.217,-0.008,0.203,0.23537912420854115,0.7095048192803978
26,9,-0.036,-0.217,-0.008,0.203,1,1.0,-0.04,-0.024,-0.004,-0.028,0.23537912420854115,0.7095048192803978
26,10,-0.04,-0.024,-0.004,-0.028,1,1.0,-0.041,0.168,-0.005,-0.258,0.23537912420854115,0.7095048192803978
26,11,-0.041,0.168,-0.005,-0.258,0,1.0,-0.038,-0.024,-0.01,-0.03,0.23537912420854115,0.7095048192803978
26,12,-0.038,-0.024,-0.01,-0.03,0,1.0,-0.038,-0.216,-0.011,0.196,0.23537912420854115,0.7095048192803978
26,13,-0.038,-0.216,-0.011,0.196,0,1.0,-0.042,-0.408,-0.007,0.423,0.23537912420854115,0.7095048192803978
26,14,-0.042,-0.408,-0.007,0.423,0,1.0,-0.051,-0.601,0.002,0.65,0.23537912420854115,0.7095048192803978
26,15,-0.051,-0.601,0.002,0.65,1,1.0,-0.063,-0.408,0.015,0.422,0.23537912420854115,0.7095048192803978
26,16,-0.063,-0.408,0.015,0.422,1,1.0,-0.071,-0.216,0.023,0.196,0.23537912420854115,0.7095048192803978
26,17,-0.071,-0.216,0.023,0.196,1,1.0,-0.075,-0.024,0.027,-0.027,0.23537912420854115,0.7095048192803978
26,18,-0.075,-0.024,0.027,-0.027,0,1.0,-0.076,-0.217,0.027,0.209,0.23537912420854115,0.7095048192803978
26,19,-0.076,-0.217,0.027,0.209,0,1.0,-0.08,-0.409,0.031,0.444,0.23537912420854115,0.7095048192803978
26,20,-0.08,-0.409,0.031,0.444,0,1.0,-0.088,-0.602,0.04,0.681,0.23537912420854115,0.7095048192803978
26,21,-0.088,-0.602,0.04,0.681,0,1.0,-0.1,-0.795,0.053,0.919,0.23537912420854115,0.7095048192803978
26,22,-0.1,-0.795,0.053,0.919,0,1.0,-0.116,-0.987,0.072,1.161,0.23537912420854115,0.7095048192803978
26,23,-0.116,-0.987,0.072,1.161,1,1.0,-0.136,-0.796,0.095,0.95,0.23537912420854115,0.7095048192803978
26,24,-0.136,-0.796,0.095,0.95,1,1.0,-0.152,-0.605,0.114,0.746,0.23537912420854115,0.7095048192803978
26,25,-0.152,-0.605,0.114,0.746,0,1.0,-0.164,-0.798,0.129,1.001,0.23537912420854115,0.7095048192803978
26,26,-0.164,-0.798,0.129,1.001,0,1.0,-0.18,-0.991,0.149,1.258,0.23537912420854115,0.7095048192803978
26,27,-0.18,-0.991,0.149,1.258,1,1.0,-0.2,-0.801,0.174,1.069,0.23537912420854115,0.7095048192803978
26,28,-0.2,-0.801,0.174,1.069,1,1.0,-0.216,-0.611,0.195,0.887,0.23537912420854115,0.7095048192803978
26,29,-0.216,-0.611,0.195,0.887,1,1.0,-0.228,-0.421,0.213,0.712,0.23537912420854115,0.7095048192803978
27,0,0.02,-0.019,-0.038,-0.018,0,1.0,0.019,-0.21,-0.038,0.188,0.31971795534728736,0.8108021737171857
27,1,0.019,-0.21,-0.038,0.188,1,1.0,0.015,-0.018,-0.034,-0.035,0.31971795534728736,0.8108021737171857
27,2,0.015,-0.018,-0.034,-0.035,0,1.0,0.015,-0.209,-0.035,0.172,0.31971795534728736,0.8108021737171857
27,3,0.015,-0.209,-0.035,0.172,1,1.0,0.011,-0.017,-0.032,-0.051,0.31971795534728736,0.8108021737171857
27,4,0.011,-0.017,-0.032,-0.051,1,1.0,0.01,0.175,-0.033,-0.274,0.31971795534728736,0.8108021737171857
27,5,0.01,0.175,-0.033,-0.274,1,1.0,0.014,0.367,-0.038,-0.496,0.31971795534728736,0.8108021737171857
27,6,0.014,0.367,-0.038,-0.496,0,1.0,0.021,0.176,-0.048,-0.29,0.31971795534728736,0.8108021737171857
27,7,0.021,0.176,-0.048,-0.29,1,1.0,0.025,0.368,-0.054,-0.516,0.31971795534728736,0.8108021737171857
27,8,0.025,0.368,-0.054,-0.516,1,1.0,0.032,0.56,-0.064,-0.743,0.31971795534728736,0.8108021737171857
27,9,0.032,0.56,-0.064,-0.743,0,1.0,0.043,0.369,-0.079,-0.544,0.31971795534728736,0.8108021737171857
27,10,0.043,0.369,-0.079,-0.544,0,1.0,0.051,0.178,-0.09,-0.348,0.31971795534728736,0.8108021737171857
27,11,0.051,0.178,-0.09,-0.348,0,1.0,0.054,-0.012,-0.097,-0.155,0.31971795534728736,0.8108021737171857
27,12,0.054,-0.012,-0.097,-0.155,1,1.0,0.054,0.18,-0.1,-0.391,0.31971795534728736,0.8108021737171857
27,13,0.054,0.18,-0.1,-0.391,1,1.0,0.058,0.373,-0.108,-0.627,0.31971795534728736,0.8108021737171857
27,14,0.058,0.373,-0.108,-0.627,0,1.0,0.065,0.182,-0.12,-0.439,0.31971795534728736,0.8108021737171857
27,15,0.065,0.182,-0.12,-0.439,1,1.0,0.069,0.375,-0.129,-0.679,0.31971795534728736,0.8108021737171857
27,16,0.069,0.375,-0.129,-0.679,0,1.0,0.076,0.185,-0.143,-0.497,0.31971795534728736,0.8108021737171857
27,17,0.076,0.185,-0.143,-0.497,0,1.0,0.08,-0.005,-0.153,-0.318,0.31971795534728736,0.8108021737171857
27,18,0.08,-0.005,-0.153,-0.318,1,1.0,0.08,0.188,-0.159,-0.564,0.31971795534728736,0.8108021737171857
27,19,0.08,0.188,-0.159,-0.564,1,1.0,0.083,0.381,-0.17,-0.811,0.31971795534728736,0.8108021737171857
27,20,0.083,0.381,-0.17,-0.811,0,1.0,0.091,0.191,-0.187,-0.64,0.31971795534728736,0.8108021737171857
27,21,0.091,0.191,-0.187,-0.64,1,1.0,0.095,0.384,-0.199,-0.892,0.31971795534728736,0.8108021737171857
27,22,0.095,0.384,-0.199,-0.892,1,1.0,0.103,0.577,-0.217,-1.145,0.31971795534728736,0.8108021737171857
28,0,0.035,0.038,0.027,-0.047,0,1.0,0.036,-0.16,0.026,0.318,0.2666237267515536,0.4700585288148321
28,1,0.036,-0.16,0.026,0.318,1,1.0,0.033,0.038,0.032,-0.027,0.2666237267515536,0.4700585288148321
28,2,0.033,0.038,0.032,-0.027,0,1.0,0.034,-0.161,0.031,0.34,0.2666237267515536,0.4700585288148321
28,3,0.034,-0.161,0.031,0.34,0,1.0,0.03,-0.359,0.038,0.706,0.2666237267515536,0.4700585288148321
28,4,0.03,-0.359,0.038,0.706,0,1.0,0.023,-0.558,0.052,1.075,0.2666237267515536,0.4700585288148321
28,5,0.023,-0.558,0.052,1.075,1,1.0,0.012,-0.361,0.074,0.741,0.2666237267515536,0.4700585288148321
28,6,0.012,-0.361,0.074,0.741,1,1.0,0.005,-0.164,0.089,0.416,0.2666237267515536,0.4700585288148321
28,7,0.005,-0.164,0.089,0.416,0,1.0,0.001,-0.364,0.097,0.802,0.2666237267515536,0.4700585288148321
28,8,0.001,-0.364,0.097,0.802,0,1.0,-0.006,-0.563,0.113,1.191,0.2666237267515536,0.4700585288148321
28,9,-0.006,-0.563,0.113,1.191,0,1.0,-0.017,-0.762,0.137,1.585,0.2666237267515536,0.4700585288148321
28,10,-0.017,-0.762,0.137,1.585,1,1.0,-0.032,-0.567,0.169,1.287,0.2666237267515536,0.4700585288148321
28,11,-0.032,-0.567,0.169,1.287,1,1.0,-0.044,-0.372,0.194,1.002,0.2666237267515536,0.4700585288148321
28,12,-0.044,-0.372,0.194,1.002,0,1.0,-0.051,-0.572,0.214,1.42,0.2666237267515536,0.4700585288148321
29,0,-0.045,0.001,0.002,-0.023,0,1.0,-0.045,-0.197,0.001,0.327,0.2075516687097948,0.4535288919342104
29,1,-0.045,-0.197,0.001,0.327,1,1.0,-0.049,0.001,0.008,-0.022,0.2075516687097948,0.4535288919342104
29,2,-0.049,0.001,0.008,-0.022,0,1.0,-0.049,-0.197,0.008,0.331,0.2075516687097948,0.4535288919342104
29,3,-0.049,-0.197,0.008,0.331,0,1.0,-0.053,-0.395,0.014,0.684,0.2075516687097948,0.4535288919342104
29,4,-0.053,-0.395,0.014,0.684,0,1.0,-0.061,-0.593,0.028,1.04,0.2075516687097948,0.4535288919342104
29,5,-0.061,-0.593,0.028,1.04,0,1.0,-0.073,-0.791,0.049,1.4,0.2075516687097948,0.4535288919342104
29,6,-0.073,-0.791,0.049,1.4,0,1.0,-0.088,-0.99,0.077,1.768,0.2075516687097948,0.4535288919342104
29,7,-0.088,-0.99,0.077,1.768,0,1.0,-0.108,-1.188,0.112,2.145,0.2075516687097948,0.4535288919342104
29,8,-0.108,-1.188,0.112,2.145,0,1.0,-0.132,-1.387,0.155,2.534,0.2075516687097948,0.4535288919342104
29,9,-0.132,-1.387,0.155,2.534,0,1.0,-0.16,-1.586,0.206,2.935,0.2075516687097948,0.4535288919342104
29,10,-0.16,-1.586,0.206,2.935,1,1.0,-0.191,-1.391,0.264,2.668,0.2075516687097948,0.4535288919342104
30,0,-0.026,-0.007,-0.041,0.009,1,1.0,-0.027,0.188,-0.041,-0.279,0.11652683741944724,0.5352039131431645
30,1,-0.027,0.188,-0.041,-0.279,1,1.0,-0.023,0.383,-0.046,-0.568,0.11652683741944724,0.5352039131431645
30,2,-0.023,0.383,-0.046,-0.568,0,1.0,-0.015,0.189,-0.058,-0.305,0.11652683741944724,0.5352039131431645
30,3,-0.015,0.189,-0.058,-0.305,1,1.0,-0.011,0.384,-0.064,-0.599,0.11652683741944724,0.5352039131431645
30,4,-0.011,0.384,-0.064,-0.599,1,1.0,-0.004,0.579,-0.076,-0.894,0.11652683741944724,0.5352039131431645
30,5,-0.004,0.579,-0.076,-0.894,0,1.0,0.008,0.386,-0.093,-0.64,0.11652683741944724,0.5352039131431645
30,6,0.008,0.386,-0.093,-0.64,0,1.0,0.016,0.193,-0.106,-0.393,0.11652683741944724,0.5352039131431645
30,7,0.016,0.193,-0.106,-0.393,0,1.0,0.019,0.0,-0.114,-0.149,0.11652683741944724,0.5352039131431645
30,8,0.019,0.0,-0.114,-0.149,0,1.0,0.019,-0.193,-0.117,0.091,0.11652683741944724,0.5352039131431645
30,9,0.019,-0.193,-0.117,0.091,1,1.0,0.016,0.003,-0.115,-0.218,0.11652683741944724,0.5352039131431645
30,10,0.016,0.003,-0.115,-0.218,1,1.0,0.016,0.199,-0.12,-0.527,0.11652683741944724,0.5352039131431645
30,11,0.016,0.199,-0.12,-0.527,1,1.0,0.02,0.395,-0.13,-0.837,0.11652683741944724,0.5352039131431645
30,12,0.02,0.395,-0.13,-0.837,1,1.0,0.028,0.591,-0.147,-1.15,0.11652683741944724,0.5352039131431645
30,13,0.028,0.591,-0.147,-1.15,1,1.0,0.039,0.786,-0.17,-1.466,0.11652683741944724,0.5352039131431645
30,14,0.039,0.786,-0.17,-1.466,0,1.0,0.055,0.594,-0.199,-1.244,0.11652683741944724,0.5352039131431645
30,15,0.055,0.594,-0.199,-1.244,1,1.0,0.067,0.79,-0.224,-1.573,0.11652683741944724,0.5352039131431645
31,0,0.04,-0.043,0.017,-0.003,0,1.0,0.039,-0.246,0.017,0.448,0.20253105136732308,0.357238297754249
31,1,0.039,-0.246,0.017,0.448,1,1.0,0.035,-0.044,0.026,0.014,0.20253105136732308,0.357238297754249
31,2,0.035,-0.044,0.026,0.014,1,1.0,0.034,0.157,0.026,-0.416,0.20253105136732308,0.357238297754249
31,3,0.034,0.157,0.026,-0.416,0,1.0,0.037,-0.045,0.018,0.039,0.20253105136732308,0.357238297754249
31,4,0.037,-0.045,0.018,0.039,0,1.0,0.036,-0.247,0.019,0.49,0.20253105136732308,0.357238297754249
31,5,0.036,-0.247,0.019,0.49,1,1.0,0.031,-0.046,0.029,0.057,0.20253105136732308,0.357238297754249
31,6,0.031,-0.046,0.029,0.057,1,1.0,0.03,0.155,0.03,-0.372,0.20253105136732308,0.357238297754249
31,7,0.03,0.155,0.03,-0.372,1,1.0,0.033,0.357,0.022,-0.801,0.20253105136732308,0.357238297754249
31,8,0.033,0.357,0.022,-0.801,0,1.0,0.04,0.154,0.006,-0.347,0.20253105136732308,0.357238297754249
31,9,0.04,0.154,0.006,-0.347,0,1.0,0.043,-0.048,-0.001,0.098,0.20253105136732308,0.357238297754249
31,10,0.043,-0.048,-0.001,0.098,0,1.0,0.042,-0.25,0.001,0.541,0.20253105136732308,0.357238297754249
31,11,0.042,-0.25,0.001,0.541,0,1.0,0.037,-0.452,0.012,0.985,0.20253105136732308,0.357238297754249
31,12,0.037,-0.452,0.012,0.985,1,1.0,0.028,-0.25,0.032,0.548,0.20253105136732308,0.357238297754249
31,13,0.028,-0.25,0.032,0.548,0,1.0,0.023,-0.453,0.043,1.005,0.20253105136732308,0.357238297754249
31,14,0.023,-0.453,0.043,1.005,1,1.0,0.014,-0.252,0.063,0.583,0.20253105136732308,0.357238297754249
31,15,0.014,-0.252,0.063,0.583,1,1.0,0.009,-0.051,0.075,0.172,0.20253105136732308,0.357238297754249
31,16,0.009,-0.051,0.075,0.172,0,1.0,0.008,-0.255,0.078,0.648,0.20253105136732308,0.357238297754249
31,17,0.008,-0.255,0.078,0.648,1,1.0,0.003,-0.054,0.091,0.244,0.20253105136732308,0.357238297754249
31,18,0.003,-0.054,0.091,0.244,1,1.0,0.002,0.145,0.096,-0.153,0.20253105136732308,0.357238297754249
31,19,0.002,0.145,0.096,-0.153,0,1.0,0.005,-0.058,0.093,0.333,0.20253105136732308,0.357238297754249
31,20,0.005,-0.058,0.093,0.333,0,1.0,0.004,-0.262,0.1,0.818,0.20253105136732308,0.357238297754249
31,21,0.004,-0.262,0.1,0.818,1,1.0,-0.001,-0.062,0.116,0.425,0.20253105136732308,0.357238297754249
31,22,-0.001,-0.062,0.116,0.425,0,1.0,-0.003,-0.267,0.124,0.919,0.20253105136732308,0.357238297754249
31,23,-0.003,-0.267,0.124,0.919,1,1.0,-0.008,-0.068,0.143,0.54,0.20253105136732308,0.357238297754249
31,24,-0.008,-0.068,0.143,0.54,0,1.0,-0.009,-0.272,0.154,1.044,0.20253105136732308,0.357238297754249
31,25,-0.009,-0.272,0.154,1.044,0,1.0,-0.015,-0.477,0.174,1.553,0.20253105136732308,0.357238297754249
31,26,-0.015,-0.477,0.174,1.553,1,1.0,-0.024,-0.279,0.206,1.2,0.20253105136732308,0.357238297754249
31,27,-0.024,-0.279,0.206,1.2,0,1.0,-0.03,-0.484,0.23,1.727,0.20253105136732308,0.357238297754249
32,0,-0.034,0.007,-0.012,-0.018,1,1.0,-0.034,0.331,-0.013,-3.147,0.5649567145488387,0.07179646078147398
32,1,-0.034,0.331,-0.013,-3.147,1,1.0,-0.027,0.655,-0.076,-6.276,0.5649567145488387,0.07179646078147398
32,2,-0.027,0.655,-0.076,-6.276,1,1.0,-0.014,0.983,-0.201,-9.551,0.5649567145488387,0.07179646078147398
32,3,-0.014,0.983,-0.201,-9.551,0,1.0,0.006,0.67,-0.392,-6.978,0.5649567145488387,0.07179646078147398
33,0,-0.006,0.007,0.041,-0.025,0,1.0,-0.005,-0.226,0.04,1.103,0.24913054623582184,0.15192920133872279
33,1,-0.005,-0.226,0.04,1.103,0,1.0,-0.01,-0.459,0.062,2.23,0.24913054623582184,0.15192920133872279
33,2,-0.01,-0.459,0.062,2.23,0,1.0,-0.019,-0.693,0.107,3.379,0.24913054623582184,0.15192920133872279
33,3,-0.019,-0.693,0.107,3.379,0,1.0,-0.033,-0.927,0.175,4.569,0.24913054623582184,0.15192920133872279
33,4,-0.033,-0.927,0.175,4.569,0,1.0,-0.052,-1.161,0.266,5.809,0.24913054623582184,0.15192920133872279
34,0,-0.05,0.037,-0.026,0.015,1,1.0,-0.049,0.246,-0.025,-0.573,0.2116904176933263,0.2781477121195577
34,1,-0.049,0.246,-0.025,-0.573,1,1.0,-0.044,0.454,-0.037,-1.162,0.2116904176933263,0.2781477121195577
34,2,-0.044,0.454,-0.037,-1.162,0,1.0,-0.035,0.247,-0.06,-0.612,0.2116904176933263,0.2781477121195577
34,3,-0.035,0.247,-0.06,-0.612,0,1.0,-0.03,0.041,-0.072,-0.078,0.2116904176933263,0.2781477121195577
34,4,-0.03,0.041,-0.072,-0.078,0,1.0,-0.029,-0.164,-0.074,0.449,0.2116904176933263,0.2781477121195577
34,5,-0.029,-0.164,-0.074,0.449,0,1.0,-0.032,-0.37,-0.065,0.974,0.2116904176933263,0.2781477121195577
34,6,-0.032,-0.37,-0.065,0.974,0,1.0,-0.04,-0.576,-0.045,1.506,0.2116904176933263,0.2781477121195577
34,7,-0.04,-0.576,-0.045,1.506,0,1.0,-0.051,-0.783,-0.015,2.05,0.2116904176933263,0.2781477121195577
34,8,-0.051,-0.783,-0.015,2.05,1,1.0,-0.067,-0.574,0.026,1.468,0.2116904176933263,0.2781477121195577
34,9,-0.067,-0.574,0.026,1.468,0,1.0,-0.078,-0.783,0.055,2.056,0.2116904176933263,0.2781477121195577
34,10,-0.078,-0.783,0.055,2.056,1,1.0,-0.094,-0.576,0.096,1.518,0.2116904176933263,0.2781477121195577
34,11,-0.094,-0.576,0.096,1.518,1,1.0,-0.106,-0.371,0.126,1.007,0.2116904176933263,0.2781477121195577
34,12,-0.106,-0.371,0.126,1.007,1,1.0,-0.113,-0.167,0.147,0.517,0.2116904176933263,0.2781477121195577
34,13,-0.113,-0.167,0.147,0.517,1,1.0,-0.116,0.036,0.157,0.042,0.2116904176933263,0.2781477121195577
34,14,-0.116,0.036,0.157,0.042,1,1.0,-0.116,0.239,0.158,-0.425,0.2116904176933263,0.2781477121195577
34,15,-0.116,0.239,0.158,-0.425,0,1.0,-0.111,0.027,0.149,0.235,0.2116904176933263,0.2781477121195577
34,16,-0.111,0.027,0.149,0.235,0,1.0,-0.11,-0.184,0.154,0.891,0.2116904176933263,0.2781477121195577
34,17,-0.11,-0.184,0.154,0.891,1,1.0,-0.114,0.019,0.172,0.421,0.2116904176933263,0.2781477121195577
34,18,-0.114,0.019,0.172,0.421,0,1.0,-0.114,-0.193,0.18,1.088,0.2116904176933263,0.2781477121195577
34,19,-0.114,-0.193,0.18,1.088,1,1.0,-0.117,0.01,0.202,0.637,0.2116904176933263,0.2781477121195577
34,20,-0.117,0.01,0.202,0.637,0,1.0,-0.117,-0.202,0.215,1.317,0.2116904176933263,0.2781477121195577
35,0,-0.016,-0.004,0.044,0.045,0,1.0,-0.016,-0.201,0.044,0.377,0.7510043618705947,0.8768677218696304
35,1,-0.016,-0.201,0.044,0.377,0,1.0,-0.02,-0.398,0.052,0.71,0.7510043618705947,0.8768677218696304
35,2,-0.02,-0.398,0.052,0.71,0,1.0,-0.028,-0.595,0.066,1.045,0.7510043618705947,0.8768677218696304
35,3,-0.028,-0.595,0.066,1.045,0,1.0,-0.04,-0.792,0.087,1.384,0.7510043618705947,0.8768677218696304
35,4,-0.04,-0.792,0.087,1.384,0,1.0,-0.056,-0.989,0.115,1.729,0.7510043618705947,0.8768677218696304
35,5,-0.056,-0.989,0.115,1.729,1,1.0,-0.076,-0.795,0.149,1.455,0.7510043618705947,0.8768677218696304
35,6,-0.076,-0.795,0.149,1.455,1,1.0,-0.092,-0.601,0.178,1.196,0.7510043618705947,0.8768677218696304
35,7,-0.092,-0.601,0.178,1.196,0,1.0,-0.104,-0.799,0.202,1.559,0.7510043618705947,0.8768677218696304
35,8,-0.104,-0.799,0.202,1.559,0,1.0,-0.12,-0.997,0.234,1.924,0.7510043618705947,0.8768677218696304
36,0,-0.032,-0.01,0.039,-0.01,1,1.0,-0.032,0.183,0.039,-0.264,0.02991662528626261,0.5232478091465481
36,1,-0.032,0.183,0.039,-0.264,1,1.0,-0.028,0.377,0.034,-0.519,0.02991662528626261,0.5232478091465481
36,2,-0.028,0.377,0.034,-0.519,1,1.0,-0.021,0.57,0.024,-0.775,0.02991662528626261,0.5232478091465481
36,3,-0.021,0.57,0.024,-0.775,1,1.0,-0.01,0.764,0.008,-1.034,0.02991662528626261,0.5232478091465481
36,4,-0.01,0.764,0.008,-1.034,0,1.0,0.006,0.57,-0.013,-0.766,0.02991662528626261,0.5232478091465481
36,5,0.006,0.57,-0.013,-0.766,1,1.0,0.017,0.764,-0.028,-1.035,0.02991662528626261,0.5232478091465481
36,6,0.017,0.764,-0.028,-1.035,0,1.0,0.032,0.57,-0.049,-0.778,0.02991662528626261,0.5232478091465481
36,7,0.032,0.57,-0.049,-0.778,0,1.0,0.044,0.377,-0.064,-0.526,0.02991662528626261,0.5232478091465481
36,8,0.044,0.377,-0.064,-0.526,0,1.0,0.051,0.184,-0.075,-0.279,0.02991662528626261,0.5232478091465481
36,9,0.051,0.184,-0.075,-0.279,0,1.0,0.055,-0.009,-0.08,-0.035,0.02991662528626261,0.5232478091465481
36,10,0.055,-0.009,-0.08,-0.035,0,1.0,0.055,-0.202,-0.081,0.207,0.02991662528626261,0.5232478091465481
36,11,0.055,-0.202,-0.081,0.207,1,1.0,0.051,-0.007,-0.077,-0.081,0.02991662528626261,0.5232478091465481
36,12,0.051,-0.007,-0.077,-0.081,1,1.0,0.051,0.188,-0.078,-0.368,0.02991662528626261,0.5232478091465481
36,13,0.051,0.188,-0.078,-0.368,1,1.0,0.054,0.383,-0.086,-0.656,0.02991662528626261,0.5232478091465481
36,14,0.054,0.383,-0.086,-0.656,1,1.0,0.062,0.578,-0.099,-0.945,0.02991662528626261,0.5232478091465481
36,15,0.062,0.578,-0.099,-0.945,1,1.0,0.074,0.773,-0.118,-1.238,0.02991662528626261,0.5232478091465481
36,16,0.074,0.773,-0.118,-1.238,0,1.0,0.089,0.58,-0.143,-1.008,0.02991662528626261,0.5232478091465481
36,17,0.089,0.58,-0.143,-1.008,1,1.0,0.101,0.776,-0.163,-1.312,0.02991662528626261,0.5232478091465481
36,18,0.101,0.776,-0.163,-1.312,1,1.0,0.116,0.971,-0.189,-1.62,0.02991662528626261,0.5232478091465481
36,19,0.116,0.971,-0.189,-1.62,1,1.0,0.136,1.166,-0.221,-1.934,0.02991662528626261,0.5232478091465481
37,0,0.02,0.016,-0.043,0.02,1,1.0,0.021,0.235,-0.043,-0.805,0.49755310737171454,0.2612437398996861
37,1,0.021,0.235,-0.043,-0.805,0,1.0,0.025,0.019,-0.059,-0.053,0.49755310737171454,0.2612437398996861
37,2,0.025,0.019,-0.059,-0.053,0,1.0,0.026,-0.196,-0.06,0.685,0.49755310737171454,0.2612437398996861
37,3,0.026,-0.196,-0.06,0.685,0,1.0,0.022,-0.411,-0.046,1.421,0.49755310737171454,0.2612437398996861
37,4,0.022,-0.411,-0.046,1.421,1,1.0,0.014,-0.192,-0.018,0.594,0.49755310737171454,0.2612437398996861
37,5,0.014,-0.192,-0.018,0.594,0,1.0,0.01,-0.409,-0.006,1.369,0.49755310737171454,0.2612437398996861
37,6,0.01,-0.409,-0.006,1.369,0,1.0,0.002,-0.626,0.022,2.154,0.49755310737171454,0.2612437398996861
37,7,0.002,-0.626,0.022,2.154,1,1.0,-0.011,-0.409,0.065,1.382,0.49755310737171454,0.2612437398996861
37,8,-0.011,-0.409,0.065,1.382,1,1.0,-0.019,-0.194,0.092,0.65,0.49755310737171454,0.2612437398996861
37,9,-0.019,-0.194,0.092,0.65,1,1.0,-0.023,0.02,0.105,-0.056,0.49755310737171454,0.2612437398996861
37,10,-0.023,0.02,0.105,-0.056,1,1.0,-0.023,0.233,0.104,-0.748,0.49755310737171454,0.2612437398996861
37,11,-0.023,0.233,0.104,-0.748,0,1.0,-0.018,0.012,0.089,0.121,0.49755310737171454,0.2612437398996861
37,12,-0.018,0.012,0.089,0.121,1,1.0,-0.018,0.226,0.092,-0.587,0.49755310737171454,0.2612437398996861
37,13,-0.018,0.226,0.092,-0.587,0,1.0,-0.013,0.005,0.08,0.274,0.49755310737171454,0.2612437398996861
37,14,-0.013,0.005,0.08,0.274,0,1.0,-0.013,-0.216,0.085,1.126,0.49755310737171454,0.2612437398996861
37,15,-0.013,-0.216,0.085,1.126,1,1.0,-0.017,-0.002,0.108,0.414,0.49755310737171454,0.2612437398996861
37,16,-0.017,-0.002,0.108,0.414,0,1.0,-0.017,-0.223,0.116,1.286,0.49755310737171454,0.2612437398996861
37,17,-0.017,-0.223,0.116,1.286,1,1.0,-0.022,-0.01,0.142,0.604,0.49755310737171454,0.2612437398996861
37,18,-0.022,-0.01,0.142,0.604,0,1.0,-0.022,-0.232,0.154,1.497,0.49755310737171454,0.2612437398996861
37,19,-0.022,-0.232,0.154,1.497,0,1.0,-0.027,-0.454,0.184,2.396,0.49755310737171454,0.2612437398996861
37,20,-0.027,-0.454,0.184,2.396,0,1.0,-0.036,-0.675,0.232,3.309,0.49755310737171454,0.2612437398996861
38,0,-0.001,-0.025,0.022,0.013,1,1.0,-0.002,0.172,0.022,-0.318,0.45453737712148623,0.5810082803318615
38,1,-0.002,0.172,0.022,-0.318,0,1.0,0.002,-0.026,0.016,0.03,0.45453737712148623,0.5810082803318615
38,2,0.002,-0.026,0.016,0.03,0,1.0,0.001,-0.223,0.017,0.376,0.45453737712148623,0.5810082803318615
38,3,0.001,-0.223,0.017,0.376,0,1.0,-0.003,-0.421,0.024,0.722,0.45453737712148623,0.5810082803318615
38,4,-0.003,-0.421,0.024,0.722,1,1.0,-0.012,-0.224,0.038,0.391,0.45453737712148623,0.5810082803318615
38,5,-0.012,-0.224,0.038,0.391,1,1.0,-0.016,-0.027,0.046,0.065,0.45453737712148623,0.5810082803318615
38,6,-0.016,-0.027,0.046,0.065,0,1.0,-0.017,-0.225,0.048,0.421,0.45453737712148623,0.5810082803318615
38,7,-0.017,-0.225,0.048,0.421,1,1.0,-0.021,-0.029,0.056,0.099,0.45453737712148623,0.5810082803318615
38,8,-0.021,-0.029,0.056,0.099,0,1.0,-0.022,-0.227,0.058,0.459,0.45453737712148623,0.5810082803318615
38,9,-0.022,-0.227,0.058,0.459,1,1.0,-0.027,-0.031,0.067,0.141,0.45453737712148623,0.5810082803318615
38,10,-0.027,-0.031,0.067,0.141,1,1.0,-0.027,0.165,0.07,-0.173,0.45453737712148623,0.5810082803318615
38,11,-0.027,0.165,0.07,-0.173,0,1.0,-0.024,-0.033,0.067,0.191,0.45453737712148623,0.5810082803318615
38,12,-0.024,-0.033,0.067,0.191,1,1.0,-0.025,0.163,0.07,-0.123,0.45453737712148623,0.5810082803318615
38,13,-0.025,0.163,0.07,-0.123,1,1.0,-0.021,0.359,0.068,-0.436,0.45453737712148623,0.5810082803318615
38,14,-0.021,0.359,0.068,-0.436,1,1.0,-0.014,0.555,0.059,-0.75,0.45453737712148623,0.5810082803318615
38,15,-0.014,0.555,0.059,-0.75,1,1.0,-0.003,0.751,0.044,-1.067,0.45453737712148623,0.5810082803318615
38,16,-0.003,0.751,0.044,-1.067,0,1.0,0.012,0.553,0.023,-0.712,0.45453737712148623,0.5810082803318615
38,17,0.012,0.553,0.023,-0.712,0,1.0,0.023,0.356,0.009,-0.363,0.45453737712148623,0.5810082803318615
38,18,0.023,0.356,0.009,-0.363,0,1.0,0.03,0.158,0.001,-0.02,0.45453737712148623,0.5810082803318615
38,19,0.03,0.158,0.001,-0.02,0,1.0,0.033,-0.039,0.001,0.321,0.45453737712148623,0.5810082803318615
38,20,0.033,-0.039,0.001,0.321,1,1.0,0.033,0.158,0.007,-0.019,0.45453737712148623,0.5810082803318615
38,21,0.033,0.158,0.007,-0.019,0,1.0,0.036,-0.039,0.007,0.324,0.45453737712148623,0.5810082803318615
38,22,0.036,-0.039,0.007,0.324,0,1.0,0.035,-0.236,0.013,0.666,0.45453737712148623,0.5810082803318615
38,23,0.035,-0.236,0.013,0.666,1,1.0,0.03,-0.039,0.027,0.331,0.45453737712148623,0.5810082803318615
38,24,0.03,-0.039,0.027,0.331,0,1.0,0.029,-0.237,0.033,0.681,0.45453737712148623,0.5810082803318615
38,25,0.029,-0.237,0.033,0.681,1,1.0,0.025,-0.04,0.047,0.353,0.45453737712148623,0.5810082803318615
38,26,0.025,-0.04,0.047,0.353,1,1.0,0.024,0.156,0.054,0.031,0.45453737712148623,0.5810082803318615
38,27,0.024,0.156,0.054,0.031,1,1.0,0.027,0.352,0.055,-0.288,0.45453737712148623,0.5810082803318615
38,28,0.027,0.352,0.055,-0.288,0,1.0,0.034,0.154,0.049,0.071,0.45453737712148623,0.5810082803318615
38,29,0.034,0.154,0.049,0.071,1,1.0,0.037,0.351,0.05,-0.251,0.45453737712148623,0.5810082803318615
38,30,0.037,0.351,0.05,-0.251,1,1.0,0.044,0.547,0.045,-0.572,0.45453737712148623,0.5810082803318615
38,31,0.044,0.547,0.045,-0.572,0,1.0,0.055,0.349,0.034,-0.216,0.45453737712148623,0.5810082803318615
38,32,0.055,0.349,0.034,-0.216,0,1.0,0.062,0.151,0.03,0.137,0.45453737712148623,0.5810082803318615
38,33,0.062,0.151,0.03,0.137,1,1.0,0.065,0.348,0.032,-0.192,0.45453737712148623,0.5810082803318615
38,34,0.065,0.348,0.032,-0.192,1,1.0,0.072,0.545,0.028,-0.52,0.45453737712148623,0.5810082803318615
38,35,0.072,0.545,0.028,-0.52,1,1.0,0.083,0.742,0.018,-0.85,0.45453737712148623,0.5810082803318615
38,36,0.083,0.742,0.018,-0.85,1,1.0,0.098,0.939,0.001,-1.183,0.45453737712148623,0.5810082803318615
38,37,0.098,0.939,0.001,-1.183,1,1.0,0.117,1.136,-0.023,-1.523,0.45453737712148623,0.5810082803318615
38,38,0.117,1.136,-0.023,-1.523,1,1.0,0.139,1.333,-0.053,-1.871,0.45453737712148623,0.5810082803318615
38,39,0.139,1.333,-0.053,-1.871,1,1.0,0.166,1.531,-0.09,-2.229,0.45453737712148623,0.5810082803318615
38,40,0.166,1.531,-0.09,-2.229,1,1.0,0.197,1.729,-0.135,-2.599,0.45453737712148623,0.5810082803318615
38,41,0.197,1.729,-0.135,-2.599,1,1.0,0.231,1.928,-0.187,-2.981,0.45453737712148623,0.5810082803318615
38,42,0.231,1.928,-0.187,-2.981,1,1.0,0.27,2.126,-0.247,-3.374,0.45453737712148623,0.5810082803318615
39,0,0.0,0.004,-0.036,-0.019,1,1.0,0.0,0.204,-0.037,-0.431,0.18596714442023143,0.39348063358494073
39,1,0.0,0.204,-0.037,-0.431,1,1.0,0.004,0.405,-0.045,-0.844,0.18596714442023143,0.39348063358494073
39,2,0.004,0.405,-0.045,-0.844,1,1.0,0.012,0.606,-0.062,-1.259,0.18596714442023143,0.39348063358494073
39,3,0.012,0.606,-0.062,-1.259,1,1.0,0.025,0.807,-0.087,-1.682,0.18596714442023143,0.39348063358494073
39,4,0.025,0.807,-0.087,-1.682,0,1.0,0.041,0.608,-0.121,-1.324,0.18596714442023143,0.39348063358494073
39,5,0.041,0.608,-0.121,-1.324,1,1.0,0.053,0.81,-0.148,-1.768,0.18596714442023143,0.39348063358494073
39,6,0.053,0.81,-0.148,-1.768,0,1.0,0.069,0.613,-0.183,-1.438,0.18596714442023143,0.39348063358494073
39,7,0.069,0.613,-0.183,-1.438,0,1.0,0.081,0.417,-0.212,-1.127,0.18596714442023143,0.39348063358494073
40,0,0.023,0.019,0.044,-0.044,1,1.0,0.023,0.208,0.043,-0.187,0.28136612971451536,1.1191562797649632
40,1,0.023,0.208,0.043,-0.187,0,1.0,0.028,0.019,0.04,-0.03,0.28136612971451536,1.1191562797649632
40,2,0.028,0.019,0.04,-0.03,1,1.0,0.028,0.207,0.039,-0.174,0.28136612971451536,1.1191562797649632
40,3,0.028,0.207,0.039,-0.174,1,1.0,0.032,0.395,0.035,-0.318,0.28136612971451536,1.1191562797649632
40,4,0.032,0.395,0.035,-0.318,0,1.0,0.04,0.207,0.029,-0.162,0.28136612971451536,1.1191562797649632
40,5,0.04,0.207,0.029,-0.162,0,1.0,0.044,0.018,0.026,-0.006,0.28136612971451536,1.1191562797649632
40,6,0.044,0.018,0.026,-0.006,1,1.0,0.044,0.206,0.026,-0.153,0.28136612971451536,1.1191562797649632
40,7,0.044,0.206,0.026,-0.153,0,1.0,0.049,0.017,0.023,0.002,0.28136612971451536,1.1191562797649632
40,8,0.049,0.017,0.023,0.002,0,1.0,0.049,-0.172,0.023,0.156,0.28136612971451536,1.1191562797649632
40,9,0.049,-0.172,0.023,0.156,1,1.0,0.045,0.017,0.026,0.009,0.28136612971451536,1.1191562797649632
40,10,0.045,0.017,0.026,0.009,0,1.0,0.046,-0.172,0.026,0.164,0.28136612971451536,1.1191562797649632
40,11,0.046,-0.172,0.026,0.164,0,1.0,0.042,-0.361,0.029,0.319,0.28136612971451536,1.1191562797649632
40,12,0.042,-0.361,0.029,0.319,0,1.0,0.035,-0.55,0.036,0.475,0.28136612971451536,1.1191562797649632
40,13,0.035,-0.55,0.036,0.475,0,1.0,0.024,-0.739,0.045,0.631,0.28136612971451536,1.1191562797649632
40,14,0.024,-0.739,0.045,0.631,1,1.0,0.009,-0.55,0.058,0.488,0.28136612971451536,1.1191562797649632
40,15,0.009,-0.55,0.058,0.488,1,1.0,-0.002,-0.362,0.068,0.347,0.28136612971451536,1.1191562797649632
40,16,-0.002,-0.362,0.068,0.347,1,1.0,-0.009,-0.174,0.075,0.207,0.28136612971451536,1.1191562797649632
40,17,-0.009,-0.174,0.075,0.207,1,1.0,-0.012,0.014,0.079,0.069,0.28136612971451536,1.1191562797649632
40,18,-0.012,0.014,0.079,0.069,1,1.0,-0.012,0.202,0.08,-0.068,0.28136612971451536,1.1191562797649632
40,19,-0.012,0.202,0.08,-0.068,0,1.0,-0.008,0.013,0.079,0.095,0.28136612971451536,1.1191562797649632
40,20,-0.008,0.013,0.079,0.095,1,1.0,-0.008,0.201,0.081,-0.042,0.28136612971451536,1.1191562797649632
40,21,-0.008,0.201,0.081,-0.042,0,1.0,-0.004,0.012,0.08,0.121,0.28136612971451536,1.1191562797649632
40,22,-0.004,0.012,0.08,0.121,1,1.0,-0.003,0.2,0.082,-0.016,0.28136612971451536,1.1191562797649632
40,23,-0.003,0.2,0.082,-0.016,1,1.0,0.001,0.388,0.082,-0.153,0.28136612971451536,1.1191562797649632
40,24,0.001,0.388,0.082,-0.153,1,1.0,0.008,0.576,0.079,-0.29,0.28136612971451536,1.1191562797649632
40,25,0.008,0.576,0.079,-0.29,0,1.0,0.02,0.387,0.073,-0.127,0.28136612971451536,1.1191562797649632
40,26,0.02,0.387,0.073,-0.127,0,1.0,0.028,0.198,0.07,0.035,0.28136612971451536,1.1191562797649632
40,27,0.028,0.198,0.07,0.035,1,1.0,0.031,0.386,0.071,-0.104,0.28136612971451536,1.1191562797649632
40,28,0.031,0.386,0.071,-0.104,1,1.0,0.039,0.574,0.069,-0.242,0.28136612971451536,1.1191562797649632
40,29,0.039,0.574,0.069,-0.242,0,1.0,0.051,0.385,0.064,-0.081,0.28136612971451536,1.1191562797649632
40,30,0.051,0.385,0.064,-0.081,0,1.0,0.058,0.196,0.063,0.08,0.28136612971451536,1.1191562797649632
40,31,0.058,0.196,0.063,0.08,0,1.0,0.062,0.006,0.064,0.24,0.28136612971451536,1.1191562797649632
40,32,0.062,0.006,0.064,0.24,0,1.0,0.062,-0.183,0.069,0.401,0.28136612971451536,1.1191562797649632
40,33,0.062,-0.183,0.069,0.401,1,1.0,0.059,0.005,0.077,0.262,0.28136612971451536,1.1191562797649632
40,34,0.059,0.005,0.077,0.262,0,1.0,0.059,-0.184,0.082,0.425,0.28136612971451536,1.1191562797649632
40,35,0.059,-0.184,0.082,0.425,0,1.0,0.055,-0.373,0.091,0.588,0.28136612971451536,1.1191562797649632
40,36,0.055,-0.373,0.091,0.588,1,1.0,0.048,-0.185,0.103,0.453,0.28136612971451536,1.1191562797649632
40,37,0.048,-0.185,0.103,0.453,1,1.0,0.044,0.003,0.112,0.32,0.28136612971451536,1.1191562797649632
40,38,0.044,0.003,0.112,0.32,1,1.0,0.044,0.191,0.118,0.188,0.28136612971451536,1.1191562797649632
40,39,0.044,0.191,0.118,0.188,0,1.0,0.048,0.001,0.122,0.357,0.28136612971451536,1.1191562797649632
40,40,0.048,0.001,0.122,0.357,0,1.0,0.048,-0.188,0.129,0.526,0.28136612971451536,1.1191562797649632
40,41,0.048,-0.188,0.129,0.526,0,1.0,0.044,-0.378,0.139,0.695,0.28136612971451536,1.1191562797649632
40,42,0.044,-0.378,0.139,0.695,0,1.0,0.037,-0.567,0.153,0.866,0.28136612971451536,1.1191562797649632
40,43,0.037,-0.567,0.153,0.866,1,1.0,0.025,-0.38,0.171,0.743,0.28136612971451536,1.1191562797649632
40,44,0.025,-0.38,0.171,0.743,0,1.0,0.018,-0.569,0.185,0.918,0.28136612971451536,1.1191562797649632
40,45,0.018,-0.569,0.185,0.918,1,1.0,0.006,-0.382,0.204,0.8,0.28136612971451536,1.1191562797649632
40,46,0.006,-0.382,0.204,0.8,0,1.0,-0.001,-0.572,0.22,0.979,0.28136612971451536,1.1191562797649632
41,0,0.045,0.027,-0.037,0.033,1,1.0,0.046,0.232,-0.037,-0.486,0.7118562796050923,0.5306856795397091
41,1,0.046,0.232,-0.037,-0.486,1,1.0,0.051,0.437,-0.046,-1.004,0.7118562796050923,0.5306856795397091
41,2,0.051,0.437,-0.046,-1.004,1,1.0,0.059,0.643,-0.067,-1.526,0.7118562796050923,0.5306856795397091
41,3,0.059,0.643,-0.067,-1.526,0,1.0,0.072,0.44,-0.097,-1.065,0.7118562796050923,0.5306856795397091
41,4,0.072,0.44,-0.097,-1.065,0,1.0,0.081,0.238,-0.118,-0.624,0.7118562796050923,0.5306856795397091
41,5,0.081,0.238,-0.118,-0.624,1,1.0,0.086,0.445,-0.131,-1.176,0.7118562796050923,0.5306856795397091
41,6,0.086,0.445,-0.131,-1.176,1,1.0,0.095,0.652,-0.154,-1.732,0.7118562796050923,0.5306856795397091
41,7,0.095,0.652,-0.154,-1.732,0,1.0,0.108,0.451,-0.189,-1.329,0.7118562796050923,0.5306856795397091
41,8,0.108,0.451,-0.189,-1.329,1,1.0,0.117,0.658,-0.216,-1.901,0.7118562796050923,0.5306856795397091
42,0,0.027,-0.006,0.036,0.02,1,1.0,0.027,0.211,0.036,-0.761,0.07832996692330516,0.17725457699685343
42,1,0.027,0.211,0.036,-0.761,0,1.0,0.031,-0.009,0.021,0.083,0.07832996692330516,0.17725457699685343
42,2,0.031,-0.009,0.021,0.083,1,1.0,0.031,0.209,0.023,-0.711,0.07832996692330516,0.17725457699685343
42,3,0.031,0.209,0.023,-0.711,1,1.0,0.035,0.427,0.008,-1.504,0.07832996692330516,0.17725457699685343
42,4,0.035,0.427,0.008,-1.504,1,1.0,0.044,0.645,-0.022,-2.309,0.07832996692330516,0.17725457699685343
42,5,0.044,0.645,-0.022,-2.309,0,1.0,0.057,0.427,-0.068,-1.515,0.07832996692330516,0.17725457699685343
42,6,0.057,0.427,-0.068,-1.515,0,1.0,0.065,0.211,-0.098,-0.763,0.07832996692330516,0.17725457699685343
42,7,0.065,0.211,-0.098,-0.763,1,1.0,0.07,0.433,-0.113,-1.657,0.07832996692330516,0.17725457699685343
42,8,0.07,0.433,-0.113,-1.657,0,1.0,0.078,0.219,-0.147,-0.948,0.07832996692330516,0.17725457699685343
42,9,0.078,0.219,-0.147,-0.948,0,1.0,0.083,0.007,-0.165,-0.272,0.07832996692330516,0.17725457699685343
42,10,0.083,0.007,-0.165,-0.272,0,1.0,0.083,-0.204,-0.171,0.384,0.07832996692330516,0.17725457699685343
42,11,0.083,-0.204,-0.171,0.384,1,1.0,0.079,0.02,-0.163,-0.564,0.07832996692330516,0.17725457699685343
42,12,0.079,0.02,-0.163,-0.564,1,1.0,0.079,0.244,-0.175,-1.507,0.07832996692330516,0.17725457699685343
42,13,0.079,0.244,-0.175,-1.507,0,1.0,0.084,0.033,-0.205,-0.858,0.07832996692330516,0.17725457699685343
42,14,0.084,0.033,-0.205,-0.858,0,1.0,0.085,-0.177,-0.222,-0.241,0.07832996692330516,0.17725457699685343
43,0,0.015,-0.046,-0.048,0.034,0,1.0,0.014,-0.252,-0.047,0.578,0.13330374736284994,0.2612549147852426
43,1,0.014,-0.252,-0.047,0.578,1,1.0,0.009,-0.043,-0.036,-0.025,0.13330374736284994,0.2612549147852426
43,2,0.009,-0.043,-0.036,-0.025,0,1.0,0.008,-0.25,-0.036,0.527,0.13330374736284994,0.2612549147852426
43,3,0.008,-0.25,-0.036,0.527,0,1.0,0.003,-0.457,-0.026,1.078,0.13330374736284994,0.2612549147852426
43,4,0.003,-0.457,-0.026,1.078,1,1.0,-0.006,-0.248,-0.004,0.488,0.13330374736284994,0.2612549147852426
43,5,-0.006,-0.248,-0.004,0.488,1,1.0,-0.011,-0.04,0.006,-0.089,0.13330374736284994,0.2612549147852426
43,6,-0.011,-0.04,0.006,-0.089,1,1.0,-0.011,0.168,0.004,-0.659,0.13330374736284994,0.2612549147852426
43,7,-0.011,0.168,0.004,-0.659,0,1.0,-0.008,-0.04,-0.009,-0.083,0.13330374736284994,0.2612549147852426
43,8,-0.008,-0.04,-0.009,-0.083,1,1.0,-0.009,0.168,-0.011,-0.663,0.13330374736284994,0.2612549147852426
43,9,-0.009,0.168,-0.011,-0.663,1,1.0,-0.006,0.376,-0.024,-1.244,0.13330374736284994,0.2612549147852426
43,10,-0.006,0.376,-0.024,-1.244,0,1.0,0.002,0.169,-0.049,-0.685,0.13330374736284994,0.2612549147852426
43,11,0.002,0.169,-0.049,-0.685,0,1.0,0.005,-0.038,-0.063,-0.142,0.13330374736284994,0.2612549147852426
43,12,0.005,-0.038,-0.063,-0.142,0,1.0,0.005,-0.244,-0.066,0.392,0.13330374736284994,0.2612549147852426
43,13,0.005,-0.244,-0.066,0.392,0,1.0,-0.0,-0.45,-0.058,0.924,0.13330374736284994,0.2612549147852426
43,14,-0.0,-0.45,-0.058,0.924,0,1.0,-0.009,-0.656,-0.039,1.462,0.13330374736284994,0.2612549147852426
43,15,-0.009,-0.656,-0.039,1.462,1,1.0,-0.022,-0.447,-0.01,0.864,0.13330374736284994,0.2612549147852426
43,16,-0.022,-0.447,-0.01,0.864,1,1.0,-0.031,-0.239,0.007,0.284,0.13330374736284994,0.2612549147852426
43,17,-0.031,-0.239,0.007,0.284,1,1.0,-0.036,-0.031,0.013,-0.286,0.13330374736284994,0.2612549147852426
43,18,-0.036,-0.031,0.013,-0.286,0,1.0,-0.037,-0.239,0.007,0.296,0.13330374736284994,0.2612549147852426
43,19,-0.037,-0.239,0.007,0.296,0,1.0,-0.042,-0.448,0.013,0.874,0.13330374736284994,0.2612549147852426
43,20,-0.042,-0.448,0.013,0.874,0,1.0,-0.051,-0.656,0.031,1.457,0.13330374736284994,0.2612549147852426
43,21,-0.051,-0.656,0.031,1.457,0,1.0,-0.064,-0.864,0.06,2.049,0.13330374736284994,0.2612549147852426
43,22,-0.064,-0.864,0.06,2.049,1,1.0,-0.081,-0.658,0.101,1.512,0.13330374736284994,0.2612549147852426
43,23,-0.081,-0.658,0.101,1.512,1,1.0,-0.094,-0.453,0.131,1.003,0.13330374736284994,0.2612549147852426
43,24,-0.094,-0.453,0.131,1.003,1,1.0,-0.103,-0.249,0.151,0.515,0.13330374736284994,0.2612549147852426
43,25,-0.103,-0.249,0.151,0.515,0,1.0,-0.108,-0.46,0.161,1.174,0.13330374736284994,0.2612549147852426
43,26,-0.108,-0.46,0.161,1.174,0,1.0,-0.117,-0.672,0.185,1.838,0.13330374736284994,0.2612549147852426
43,27,-0.117,-0.672,0.185,1.838,0,1.0,-0.131,-0.883,0.221,2.512,0.13330374736284994,0.2612549147852426
44,0,-0.038,-0.024,-0.009,0.047,1,1.0,-0.038,0.171,-0.008,-0.249,0.15239657484876315,0.5191136587315984
44,1,-0.038,0.171,-0.008,-0.249,0,1.0,-0.035,-0.024,-0.013,0.041,0.15239657484876315,0.5191136587315984
44,2,-0.035,-0.024,-0.013,0.041,0,1.0,-0.035,-0.219,-0.013,0.33,0.15239657484876315,0.5191136587315984
44,3,-0.035,-0.219,-0.013,0.33,0,1.0,-0.04,-0.414,-0.006,0.619,0.15239657484876315,0.5191136587315984
44,4,-0.04,-0.414,-0.006,0.619,0,1.0,-0.048,-0.609,0.006,0.91,0.15239657484876315,0.5191136587315984
44,5,-0.048,-0.609,0.006,0.91,1,1.0,-0.06,-0.414,0.025,0.619,0.15239657484876315,0.5191136587315984
44,6,-0.06,-0.414,0.025,0.619,1,1.0,-0.068,-0.219,0.037,0.334,0.15239657484876315,0.5191136587315984
44,7,-0.068,-0.219,0.037,0.334,1,1.0,-0.073,-0.024,0.044,0.053,0.15239657484876315,0.5191136587315984
44,8,-0.073,-0.024,0.044,0.053,0,1.0,-0.073,-0.22,0.045,0.359,0.15239657484876315,0.5191136587315984
44,9,-0.073,-0.22,0.045,0.359,1,1.0,-0.078,-0.026,0.052,0.081,0.15239657484876315,0.5191136587315984
44,10,-0.078,-0.026,0.052,0.081,1,1.0,-0.078,0.169,0.053,-0.196,0.15239657484876315,0.5191136587315984
44,11,-0.078,0.169,0.053,-0.196,1,1.0,-0.075,0.363,0.05,-0.471,0.15239657484876315,0.5191136587315984
44,12,-0.075,0.363,0.05,-0.471,1,1.0,-0.068,0.557,0.04,-0.748,0.15239657484876315,0.5191136587315984
44,13,-0.068,0.557,0.04,-0.748,0,1.0,-0.056,0.362,0.025,-0.443,0.15239657484876315,0.5191136587315984
44,14,-0.056,0.362,0.025,-0.443,0,1.0,-0.049,0.166,0.016,-0.142,0.15239657484876315,0.5191136587315984
44,15,-0.049,0.166,0.016,-0.142,0,1.0,-0.046,-0.029,0.013,0.156,0.15239657484876315,0.5191136587315984
44,16,-0.046,-0.029,0.013,0.156,1,1.0,-0.046,0.166,0.017,-0.133,0.15239657484876315,0.5191136587315984
44,17,-0.046,0.166,0.017,-0.133,0,1.0,-0.043,-0.03,0.014,0.166,0.15239657484876315,0.5191136587315984
44,18,-0.043,-0.03,0.014,0.166,1,1.0,-0.044,0.165,0.017,-0.123,0.15239657484876315,0.5191136587315984
44,19,-0.044,0.165,0.017,-0.123,0,1.0,-0.04,-0.03,0.015,0.176,0.15239657484876315,0.5191136587315984
44,20,-0.04,-0.03,0.015,0.176,0,1.0,-0.041,-0.225,0.018,0.473,0.15239657484876315,0.5191136587315984
44,21,-0.041,-0.225,0.018,0.473,1,1.0,-0.046,-0.03,0.028,0.186,0.15239657484876315,0.5191136587315984
44,22,-0.046,-0.03,0.028,0.186,0,1.0,-0.046,-0.226,0.032,0.488,0.15239657484876315,0.5191136587315984
44,23,-0.046,-0.226,0.032,0.488,0,1.0,-0.051,-0.422,0.041,0.791,0.15239657484876315,0.5191136587315984
44,24,-0.051,-0.422,0.041,0.791,0,1.0,-0.059,-0.617,0.057,1.097,0.15239657484876315,0.5191136587315984
44,25,-0.059,-0.617,0.057,1.097,0,1.0,-0.071,-0.813,0.079,1.407,0.15239657484876315,0.5191136587315984
44,26,-0.071,-0.813,0.079,1.407,0,1.0,-0.088,-1.009,0.107,1.724,0.15239657484876315,0.5191136587315984
44,27,-0.088,-1.009,0.107,1.724,1,1.0,-0.108,-0.815,0.142,1.466,0.15239657484876315,0.5191136587315984
44,28,-0.108,-0.815,0.142,1.466,0,1.0,-0.124,-1.012,0.171,1.8,0.15239657484876315,0.5191136587315984
44,29,-0.124,-1.012,0.171,1.8,1,1.0,-0.144,-0.819,0.207,1.565,0.15239657484876315,0.5191136587315984
44,30,-0.144,-0.819,0.207,1.565,0,1.0,-0.161,-1.016,0.238,1.914,0.15239657484876315,0.5191136587315984
45,0,0.007,0.003,0.026,0.031,0,1.0,0.007,-0.198,0.027,0.443,0.0966014343877297,0.3641500656519551
45,1,0.007,-0.198,0.027,0.443,1,1.0,0.003,0.002,0.036,0.054,0.0966014343877297,0.3641500656519551
45,2,0.003,0.002,0.036,0.054,1,1.0,0.003,0.201,0.037,-0.331,0.0966014343877297,0.3641500656519551
45,3,0.003,0.201,0.037,-0.331,1,1.0,0.007,0.4,0.03,-0.715,0.0966014343877297,0.3641500656519551
45,4,0.007,0.4,0.03,-0.715,1,1.0,0.015,0.6,0.016,-1.103,0.0966014343877297,0.3641500656519551
45,5,0.015,0.6,0.016,-1.103,0,1.0,0.027,0.4,-0.006,-0.695,0.0966014343877297,0.3641500656519551
45,6,0.027,0.4,-0.006,-0.695,0,1.0,0.035,0.2,-0.02,-0.297,0.0966014343877297,0.3641500656519551
45,7,0.035,0.2,-0.02,-0.297,1,1.0,0.039,0.4,-0.026,-0.707,0.0966014343877297,0.3641500656519551
45,8,0.039,0.4,-0.026,-0.707,1,1.0,0.047,0.601,-0.04,-1.118,0.0966014343877297,0.3641500656519551
45,9,0.047,0.601,-0.04,-1.118,1,1.0,0.059,0.801,-0.062,-1.536,0.0966014343877297,0.3641500656519551
45,10,0.059,0.801,-0.062,-1.536,1,1.0,0.075,1.002,-0.093,-1.963,0.0966014343877297,0.3641500656519551
45,11,0.075,1.002,-0.093,-1.963,1,1.0,0.096,1.204,-0.132,-2.401,0.0966014343877297,0.3641500656519551
45,12,0.096,1.204,-0.132,-2.401,0,1.0,0.12,1.006,-0.18,-2.06,0.0966014343877297,0.3641500656519551
45,13,0.12,1.006,-0.18,-2.06,1,1.0,0.14,1.208,-0.222,-2.529,0.0966014343877297,0.3641500656519551
46,0,0.041,-0.042,-0.023,0.012,0,1.0,0.04,-0.243,-0.022,0.418,0.5759890361457483,0.539204361971833
46,1,0.04,-0.243,-0.022,0.418,0,1.0,0.035,-0.443,-0.014,0.824,0.5759890361457483,0.539204361971833
46,2,0.035,-0.443,-0.014,0.824,1,1.0,0.026,-0.242,0.002,0.402,0.5759890361457483,0.539204361971833
46,3,0.026,-0.242,0.002,0.402,1,1.0,0.021,-0.041,0.01,-0.014,0.5759890361457483,0.539204361971833
46,4,0.021,-0.041,0.01,-0.014,1,1.0,0.02,0.159,0.01,-0.426,0.5759890361457483,0.539204361971833
46,5,0.02,0.159,0.01,-0.426,1,1.0,0.024,0.36,0.002,-0.837,0.5759890361457483,0.539204361971833
46,6,0.024,0.36,0.002,-0.837,0,1.0,0.031,0.159,-0.015,-0.42,0.5759890361457483,0.539204361971833
46,7,0.031,0.159,-0.015,-0.42,0,1.0,0.034,-0.041,-0.024,-0.011,0.5759890361457483,0.539204361971833
46,8,0.034,-0.041,-0.024,-0.011,1,1.0,0.033,0.16,-0.024,-0.437,0.5759890361457483,0.539204361971833
46,9,0.033,0.16,-0.024,-0.437,1,1.0,0.036,0.361,-0.033,-0.864,0.5759890361457483,0.539204361971833
46,10,0.036,0.361,-0.033,-0.864,1,1.0,0.044,0.563,-0.05,-1.295,0.5759890361457483,0.539204361971833
46,11,0.044,0.563,-0.05,-1.295,0,1.0,0.055,0.363,-0.076,-0.902,0.5759890361457483,0.539204361971833
46,12,0.055,0.363,-0.076,-0.902,0,1.0,0.062,0.164,-0.094,-0.522,0.5759890361457483,0.539204361971833
46,13,0.062,0.164,-0.094,-0.522,1,1.0,0.065,0.366,-0.104,-0.976,0.5759890361457483,0.539204361971833
46,14,0.065,0.366,-0.104,-0.976,0,1.0,0.073,0.168,-0.124,-0.61,0.5759890361457483,0.539204361971833
46,15,0.073,0.168,-0.124,-0.61,0,1.0,0.076,-0.03,-0.136,-0.256,0.5759890361457483,0.539204361971833
46,16,0.076,-0.03,-0.136,-0.256,0,1.0,0.075,-0.228,-0.141,0.092,0.5759890361457483,0.539204361971833
46,17,0.075,-0.228,-0.141,0.092,1,1.0,0.071,-0.025,-0.139,-0.378,0.5759890361457483,0.539204361971833
46,18,0.071,-0.025,-0.139,-0.378,0,1.0,0.07,-0.222,-0.147,-0.032,0.5759890361457483,0.539204361971833
46,19,0.07,-0.222,-0.147,-0.032,0,1.0,0.066,-0.419,-0.147,0.31,0.5759890361457483,0.539204361971833
46,20,0.066,-0.419,-0.147,0.31,0,1.0,0.057,-0.617,-0.141,0.651,0.5759890361457483,0.539204361971833
46,21,0.057,-0.617,-0.141,0.651,0,1.0,0.045,-0.814,-0.128,0.996,0.5759890361457483,0.539204361971833
46,22,0.045,-0.814,-0.128,0.996,0,1.0,0.029,-1.012,-0.108,1.348,0.5759890361457483,0.539204361971833
46,23,0.029,-1.012,-0.108,1.348,1,1.0,0.009,-0.809,-0.081,0.89,0.5759890361457483,0.539204361971833
46,24,0.009,-0.809,-0.081,0.89,1,1.0,-0.008,-0.607,-0.063,0.44,0.5759890361457483,0.539204361971833
46,25,-0.008,-0.607,-0.063,0.44,0,1.0,-0.02,-0.807,-0.055,0.826,0.5759890361457483,0.539204361971833
46,26,-0.02,-0.807,-0.055,0.826,1,1.0,-0.036,-0.605,-0.038,0.387,0.5759890361457483,0.539204361971833
46,27,-0.036,-0.605,-0.038,0.387,0,1.0,-0.048,-0.805,-0.03,0.786,0.5759890361457483,0.539204361971833
46,28,-0.048,-0.805,-0.03,0.786,1,1.0,-0.064,-0.603,-0.015,0.356,0.5759890361457483,0.539204361971833
46,29,-0.064,-0.603,-0.015,0.356,0,1.0,-0.076,-0.804,-0.008,0.766,0.5759890361457483,0.539204361971833
46,30,-0.076,-0.804,-0.008,0.766,1,1.0,-0.092,-0.603,0.008,0.346,0.5759890361457483,0.539204361971833
46,31,-0.092,-0.603,0.008,0.346,0,1.0,-0.104,-0.804,0.015,0.766,0.5759890361457483,0.539204361971833
46,32,-0.104,-0.804,0.015,0.766,1,1.0,-0.12,-0.603,0.03,0.356,0.5759890361457483,0.539204361971833
46,33,-0.12,-0.603,0.03,0.356,1,1.0,-0.132,-0.403,0.037,-0.047,0.5759890361457483,0.539204361971833
46,34,-0.132,-0.403,0.037,-0.047,0,1.0,-0.14,-0.605,0.036,0.386,0.5759890361457483,0.539204361971833
46,35,-0.14,-0.605,0.036,0.386,1,1.0,-0.153,-0.405,0.044,-0.014,0.5759890361457483,0.539204361971833
46,36,-0.153,-0.405,0.044,-0.014,0,1.0,-0.161,-0.606,0.044,0.422,0.5759890361457483,0.539204361971833
46,37,-0.161,-0.606,0.044,0.422,0,1.0,-0.173,-0.808,0.052,0.857,0.5759890361457483,0.539204361971833
46,38,-0.173,-0.808,0.052,0.857,0,1.0,-0.189,-1.01,0.069,1.295,0.5759890361457483,0.539204361971833
46,39,-0.189,-1.01,0.069,1.295,1,1.0,-0.209,-0.81,0.095,0.912,0.5759890361457483,0.539204361971833
46,40,-0.209,-0.81,0.095,0.912,1,1.0,-0.225,-0.612,0.113,0.542,0.5759890361457483,0.539204361971833
46,41,-0.225,-0.612,0.113,0.542,1,1.0,-0.238,-0.414,0.124,0.181,0.5759890361457483,0.539204361971833
46,42,-0.238,-0.414,0.124,0.181,1,1.0,-0.246,-0.216,0.128,-0.173,0.5759890361457483,0.539204361971833
46,43,-0.246,-0.216,0.128,-0.173,1,1.0,-0.25,-0.018,0.124,-0.525,0.5759890361457483,0.539204361971833
46,44,-0.25,-0.018,0.124,-0.525,0,1.0,-0.251,-0.221,0.114,-0.061,0.5759890361457483,0.539204361971833
46,45,-0.251,-0.221,0.114,-0.061,0,1.0,-0.255,-0.424,0.113,0.4,0.5759890361457483,0.539204361971833
46,46,-0.255,-0.424,0.113,0.4,1,1.0,-0.263,-0.225,0.121,0.04,0.5759890361457483,0.539204361971833
46,47,-0.263,-0.225,0.121,0.04,0,1.0,-0.268,-0.428,0.121,0.503,0.5759890361457483,0.539204361971833
46,48,-0.268,-0.428,0.121,0.503,1,1.0,-0.276,-0.23,0.131,0.147,0.5759890361457483,0.539204361971833
46,49,-0.276,-0.23,0.131,0.147,1,1.0,-0.281,-0.033,0.134,-0.203,0.5759890361457483,0.539204361971833
46,50,-0.281,-0.033,0.134,-0.203,1,1.0,-0.282,0.165,0.13,-0.551,0.5759890361457483,0.539204361971833
46,51,-0.282,0.165,0.13,-0.551,0,1.0,-0.278,-0.038,0.119,-0.085,0.5759890361457483,0.539204361971833
46,52,-0.278,-0.038,0.119,-0.085,1,1.0,-0.279,0.16,0.118,-0.442,0.5759890361457483,0.539204361971833
46,53,-0.279,0.16,0.118,-0.442,1,1.0,-0.276,0.358,0.109,-0.8,0.5759890361457483,0.539204361971833
46,54,-0.276,0.358,0.109,-0.8,0,1.0,-0.269,0.156,0.093,-0.341,0.5759890361457483,0.539204361971833
46,55,-0.269,0.156,0.093,-0.341,1,1.0,-0.266,0.354,0.086,-0.712,0.5759890361457483,0.539204361971833
46,56,-0.266,0.354,0.086,-0.712,1,1.0,-0.259,0.553,0.072,-1.086,0.5759890361457483,0.539204361971833
46,57,-0.259,0.553,0.072,-1.086,0,1.0,-0.248,0.351,0.05,-0.64,0.5759890361457483,0.539204361971833
46,58,-0.248,0.351,0.05,-0.64,1,1.0,-0.241,0.551,0.037,-1.033,0.5759890361457483,0.539204361971833
46,59,-0.241,0.551,0.037,-1.033,1,1.0,-0.23,0.751,0.017,-1.433,0.5759890361457483,0.539204361971833
46,60,-0.23,0.751,0.017,-1.433,1,1.0,-0.215,0.951,-0.012,-1.842,0.5759890361457483,0.539204361971833
46,61,-0.215,0.951,-0.012,-1.842,0,1.0,-0.196,0.751,-0.049,-1.43,0.5759890361457483,0.539204361971833
46,62,-0.196,0.751,-0.049,-1.43,0,1.0,-0.18,0.551,-0.078,-1.037,0.5759890361457483,0.539204361971833
46,63,-0.18,0.551,-0.078,-1.037,1,1.0,-0.169,0.753,-0.098,-1.485,0.5759890361457483,0.539204361971833
46,64,-0.169,0.753,-0.098,-1.485,1,1.0,-0.154,0.955,-0.128,-1.94,0.5759890361457483,0.539204361971833
46,65,-0.154,0.955,-0.128,-1.94,1,1.0,-0.135,1.157,-0.167,-2.405,0.5759890361457483,0.539204361971833
46,66,-0.135,1.157,-0.167,-2.405,0,1.0,-0.112,0.96,-0.215,-2.072,0.5759890361457483,0.539204361971833
47,0,0.024,0.025,-0.003,-0.04,0,1.0,0.025,-0.214,-0.004,1.224,0.5106611370381086,0.16499401063402444
47,1,0.025,-0.214,-0.004,1.224,1,1.0,0.02,0.026,0.02,-0.05,0.5106611370381086,0.16499401063402444
47,2,0.02,0.026,0.02,-0.05,1,1.0,0.021,0.264,0.019,-1.29,0.5106611370381086,0.16499401063402444
47,3,0.021,0.264,0.019,-1.29,1,1.0,0.026,0.502,-0.007,-2.531,0.5106611370381086,0.16499401063402444
47,4,0.026,0.502,-0.007,-2.531,1,1.0,0.036,0.742,-0.057,-3.808,0.5106611370381086,0.16499401063402444
47,5,0.036,0.742,-0.057,-3.808,0,1.0,0.051,0.505,-0.133,-2.617,0.5106611370381086,0.16499401063402444
47,6,0.051,0.505,-0.133,-2.617,1,1.0,0.061,0.75,-0.186,-4.037,0.5106611370381086,0.16499401063402444
47,7,0.061,0.75,-0.186,-4.037,0,1.0,0.076,0.521,-0.266,-3.042,0.5106611370381086,0.16499401063402444
48,0,-0.011,0.01,0.001,0.019,1,1.0,-0.011,0.2,0.002,-0.165,0.030515565797526945,0.7546497874201262
48,1,-0.011,0.2,0.002,-0.165,0,1.0,-0.007,0.01,-0.002,0.02,0.030515565797526945,0.7546497874201262
48,2,-0.007,0.01,-0.002,0.02,0,1.0,-0.007,-0.181,-0.001,0.204,0.030515565797526945,0.7546497874201262
48,3,-0.007,-0.181,-0.001,0.204,0,1.0,-0.01,-0.371,0.003,0.389,0.030515565797526945,0.7546497874201262
48,4,-0.01,-0.371,0.003,0.389,1,1.0,-0.018,-0.181,0.011,0.205,0.030515565797526945,0.7546497874201262
48,5,-0.018,-0.181,0.011,0.205,1,1.0,-0.021,0.009,0.015,0.022,0.030515565797526945,0.7546497874201262
48,6,-0.021,0.009,0.015,0.022,1,1.0,-0.021,0.2,0.015,-0.159,0.030515565797526945,0.7546497874201262
48,7,-0.021,0.2,0.015,-0.159,0,1.0,-0.017,0.009,0.012,0.028,0.030515565797526945,0.7546497874201262
48,8,-0.017,0.009,0.012,0.028,1,1.0,-0.017,0.199,0.013,-0.154,0.030515565797526945,0.7546497874201262
48,9,-0.017,0.199,0.013,-0.154,1,1.0,-0.013,0.389,0.01,-0.336,0.030515565797526945,0.7546497874201262
48,10,-0.013,0.389,0.01,-0.336,1,1.0,-0.005,0.579,0.003,-0.518,0.030515565797526945,0.7546497874201262
48,11,-0.005,0.579,0.003,-0.518,1,1.0,0.006,0.77,-0.008,-0.702,0.030515565797526945,0.7546497874201262
48,12,0.006,0.77,-0.008,-0.702,1,1.0,0.022,0.96,-0.022,-0.888,0.030515565797526945,0.7546497874201262
48,13,0.022,0.96,-0.022,-0.888,0,1.0,0.041,0.77,-0.039,-0.708,0.030515565797526945,0.7546497874201262
48,14,0.041,0.77,-0.039,-0.708,1,1.0,0.056,0.96,-0.053,-0.9,0.030515565797526945,0.7546497874201262
48,15,0.056,0.96,-0.053,-0.9,0,1.0,0.075,0.771,-0.072,-0.727,0.030515565797526945,0.7546497874201262
48,16,0.075,0.771,-0.072,-0.727,1,1.0,0.091,0.961,-0.086,-0.925,0.030515565797526945,0.7546497874201262
48,17,0.091,0.961,-0.086,-0.925,0,1.0,0.11,0.772,-0.105,-0.758,0.030515565797526945,0.7546497874201262
48,18,0.11,0.772,-0.105,-0.758,1,1.0,0.126,0.963,-0.12,-0.962,0.030515565797526945,0.7546497874201262
48,19,0.126,0.963,-0.12,-0.962,0,1.0,0.145,0.774,-0.139,-0.803,0.030515565797526945,0.7546497874201262
48,20,0.145,0.774,-0.139,-0.803,1,1.0,0.16,0.965,-0.155,-1.013,0.030515565797526945,0.7546497874201262
48,21,0.16,0.965,-0.155,-1.013,1,1.0,0.18,1.156,-0.175,-1.226,0.030515565797526945,0.7546497874201262
48,22,0.18,1.156,-0.175,-1.226,0,1.0,0.203,0.968,-0.2,-1.079,0.030515565797526945,0.7546497874201262
48,23,0.203,0.968,-0.2,-1.079,1,1.0,0.222,1.159,-0.221,-1.299,0.030515565797526945,0.7546497874201262
49,0,-0.014,0.009,-0.011,0.012,1,1.0,-0.014,0.205,-0.011,-0.288,0.30321559850162144,0.5787433112675132
49,1,-0.014,0.205,-0.011,-0.288,1,1.0,-0.009,0.4,-0.016,-0.588,0.30321559850162144,0.5787433112675132
49,2,-0.009,0.4,-0.016,-0.588,1,1.0,-0.001,0.596,-0.028,-0.891,0.30321559850162144,0.5787433112675132
49,3,-0.001,0.596,-0.028,-0.891,1,1.0,0.01,0.792,-0.046,-1.196,0.30321559850162144,0.5787433112675132
49,4,0.01,0.792,-0.046,-1.196,1,1.0,0.026,0.987,-0.07,-1.508,0.30321559850162144,0.5787433112675132
49,5,0.026,0.987,-0.07,-1.508,0,1.0,0.046,0.793,-0.1,-1.234,0.30321559850162144,0.5787433112675132
49,6,0.046,0.793,-0.1,-1.234,1,1.0,0.062,0.989,-0.125,-1.56,0.30321559850162144,0.5787433112675132
49,7,0.062,0.989,-0.125,-1.56,1,1.0,0.082,1.186,-0.156,-1.893,0.30321559850162144,0.5787433112675132
49,8,0.082,1.186,-0.156,-1.893,0,1.0,0.105,0.993,-0.194,-1.65,0.30321559850162144,0.5787433112675132
49,9,0.105,0.993,-0.194,-1.65,0,1.0,0.125,0.8,-0.227,-1.422,0.30321559850162144,0.5787433112675132
50,0,0.029,0.033,0.005,0.047,1,1.0,0.029,0.231,0.006,-0.302,0.31563242599910374,0.4950654122165437
50,1,0.029,0.231,0.006,-0.302,1,1.0,0.034,0.429,-0.0,-0.651,0.31563242599910374,0.4950654122165437
50,2,0.034,0.429,-0.0,-0.651,0,1.0,0.043,0.231,-0.013,-0.3,0.31563242599910374,0.4950654122165437
50,3,0.043,0.231,-0.013,-0.3,1,1.0,0.047,0.429,-0.019,-0.656,0.31563242599910374,0.4950654122165437
50,4,0.047,0.429,-0.019,-0.656,0,1.0,0.056,0.232,-0.032,-0.312,0.31563242599910374,0.4950654122165437
50,5,0.056,0.232,-0.032,-0.312,0,1.0,0.06,0.034,-0.039,0.026,0.31563242599910374,0.4950654122165437
50,6,0.06,0.034,-0.039,0.026,0,1.0,0.061,-0.163,-0.038,0.362,0.31563242599910374,0.4950654122165437
50,7,0.061,-0.163,-0.038,0.362,1,1.0,0.058,0.036,-0.031,-0.003,0.31563242599910374,0.4950654122165437
50,8,0.058,0.036,-0.031,-0.003,1,1.0,0.059,0.234,-0.031,-0.365,0.31563242599910374,0.4950654122165437
50,9,0.059,0.234,-0.031,-0.365,0,1.0,0.063,0.037,-0.038,-0.026,0.31563242599910374,0.4950654122165437
50,10,0.063,0.037,-0.038,-0.026,1,1.0,0.064,0.235,-0.039,-0.391,0.31563242599910374,0.4950654122165437
50,11,0.064,0.235,-0.039,-0.391,1,1.0,0.069,0.433,-0.047,-0.756,0.31563242599910374,0.4950654122165437
50,12,0.069,0.433,-0.047,-0.756,0,1.0,0.077,0.237,-0.062,-0.424,0.31563242599910374,0.4950654122165437
50,13,0.077,0.237,-0.062,-0.424,0,1.0,0.082,0.04,-0.07,-0.097,0.31563242599910374,0.4950654122165437
50,14,0.082,0.04,-0.07,-0.097,1,1.0,0.083,0.239,-0.072,-0.473,0.31563242599910374,0.4950654122165437
50,15,0.083,0.239,-0.072,-0.473,1,1.0,0.088,0.438,-0.082,-0.85,0.31563242599910374,0.4950654122165437
50,16,0.088,0.438,-0.082,-0.85,1,1.0,0.096,0.637,-0.099,-1.23,0.31563242599910374,0.4950654122165437
50,17,0.096,0.637,-0.099,-1.23,0,1.0,0.109,0.441,-0.123,-0.918,0.31563242599910374,0.4950654122165437
50,18,0.109,0.441,-0.123,-0.918,0,1.0,0.118,0.245,-0.142,-0.617,0.31563242599910374,0.4950654122165437
50,19,0.118,0.245,-0.142,-0.617,0,1.0,0.123,0.05,-0.154,-0.325,0.31563242599910374,0.4950654122165437
50,20,0.123,0.05,-0.154,-0.325,0,1.0,0.124,-0.145,-0.16,-0.038,0.31563242599910374,0.4950654122165437
50,21,0.124,-0.145,-0.16,-0.038,0,1.0,0.121,-0.339,-0.161,0.246,0.31563242599910374,0.4950654122165437
50,22,0.121,-0.339,-0.161,0.246,1,1.0,0.114,-0.139,-0.156,-0.158,0.31563242599910374,0.4950654122165437
50,23,0.114,-0.139,-0.156,-0.158,1,1.0,0.111,0.061,-0.159,-0.561,0.31563242599910374,0.4950654122165437
50,24,0.111,0.061,-0.159,-0.561,0,1.0,0.113,-0.134,-0.171,-0.276,0.31563242599910374,0.4950654122165437
50,25,0.113,-0.134,-0.171,-0.276,0,1.0,0.11,-0.328,-0.176,0.003,0.31563242599910374,0.4950654122165437
50,26,0.11,-0.328,-0.176,0.003,1,1.0,0.103,-0.128,-0.176,-0.405,0.31563242599910374,0.4950654122165437
50,27,0.103,-0.128,-0.176,-0.405,0,1.0,0.101,-0.323,-0.184,-0.128,0.31563242599910374,0.4950654122165437
50,28,0.101,-0.323,-0.184,-0.128,1,1.0,0.094,-0.122,-0.187,-0.539,0.31563242599910374,0.4950654122165437
50,29,0.094,-0.122,-0.187,-0.539,0,1.0,0.092,-0.316,-0.198,-0.267,0.31563242599910374,0.4950654122165437
50,30,0.092,-0.316,-0.198,-0.267,1,1.0,0.086,-0.116,-0.203,-0.681,0.31563242599910374,0.4950654122165437
50,31,0.086,-0.116,-0.203,-0.681,1,1.0,0.083,0.084,-0.216,-1.096,0.31563242599910374,0.4950654122165437
51,0,0.044,-0.019,-0.025,-0.028,0,1.0,0.044,-0.212,-0.025,0.219,0.5191738470932882,0.8319062410141643
51,1,0.044,-0.212,-0.025,0.219,1,1.0,0.04,-0.019,-0.021,-0.041,0.5191738470932882,0.8319062410141643
51,2,0.04,-0.019,-0.021,-0.041,0,1.0,0.039,-0.212,-0.022,0.207,0.5191738470932882,0.8319062410141643
51,3,0.039,-0.212,-0.022,0.207,1,1.0,0.035,-0.018,-0.017,-0.053,0.5191738470932882,0.8319062410141643
51,4,0.035,-0.018,-0.017,-0.053,0,1.0,0.035,-0.211,-0.018,0.196,0.5191738470932882,0.8319062410141643
51,5,0.035,-0.211,-0.018,0.196,0,1.0,0.03,-0.404,-0.015,0.445,0.5191738470932882,0.8319062410141643
51,6,0.03,-0.404,-0.015,0.445,0,1.0,0.022,-0.598,-0.006,0.694,0.5191738470932882,0.8319062410141643
51,7,0.022,-0.598,-0.006,0.694,0,1.0,0.01,-0.791,0.008,0.947,0.5191738470932882,0.8319062410141643
51,8,0.01,-0.791,0.008,0.947,1,1.0,-0.005,-0.598,0.027,0.695,0.5191738470932882,0.8319062410141643
51,9,-0.005,-0.598,0.027,0.695,0,1.0,-0.017,-0.791,0.041,0.956,0.5191738470932882,0.8319062410141643
51,10,-0.017,-0.791,0.041,0.956,1,1.0,-0.033,-0.598,0.06,0.714,0.5191738470932882,0.8319062410141643
51,11,-0.033,-0.598,0.06,0.714,0,1.0,-0.045,-0.792,0.075,0.983,0.5191738470932882,0.8319062410141643
51,12,-0.045,-0.792,0.075,0.983,1,1.0,-0.061,-0.6,0.094,0.751,0.5191738470932882,0.8319062410141643
51,13,-0.061,-0.6,0.094,0.751,1,1.0,-0.073,-0.408,0.109,0.525,0.5191738470932882,0.8319062410141643
51,14,-0.073,-0.408,0.109,0.525,0,1.0,-0.081,-0.602,0.12,0.805,0.5191738470932882,0.8319062410141643
51,15,-0.081,-0.602,0.12,0.805,1,1.0,-0.093,-0.411,0.136,0.588,0.5191738470932882,0.8319062410141643
51,16,-0.093,-0.411,0.136,0.588,0,1.0,-0.101,-0.605,0.148,0.873,0.5191738470932882,0.8319062410141643
51,17,-0.101,-0.605,0.148,0.873,0,1.0,-0.114,-0.8,0.165,1.161,0.5191738470932882,0.8319062410141643
51,18,-0.114,-0.8,0.165,1.161,0,1.0,-0.13,-0.995,0.188,1.452,0.5191738470932882,0.8319062410141643
51,19,-0.13,-0.995,0.188,1.452,1,1.0,-0.149,-0.804,0.217,1.257,0.5191738470932882,0.8319062410141643
52,0,0.012,0.007,0.002,-0.049,0,1.0,0.012,-0.19,0.001,0.292,0.14495335422701927,0.4437108072403257
52,1,0.012,-0.19,0.001,0.292,1,1.0,0.008,0.007,0.007,-0.048,0.14495335422701927,0.4437108072403257
52,2,0.008,0.007,0.007,-0.048,1,1.0,0.008,0.205,0.006,-0.387,0.14495335422701927,0.4437108072403257
52,3,0.008,0.205,0.006,-0.387,1,1.0,0.012,0.402,-0.002,-0.726,0.14495335422701927,0.4437108072403257
52,4,0.012,0.402,-0.002,-0.726,1,1.0,0.02,0.599,-0.016,-1.067,0.14495335422701927,0.4437108072403257
52,5,0.02,0.599,-0.016,-1.067,1,1.0,0.032,0.797,-0.038,-1.414,0.14495335422701927,0.4437108072403257
52,6,0.032,0.797,-0.038,-1.414,1,1.0,0.048,0.995,-0.066,-1.769,0.14495335422701927,0.4437108072403257
52,7,0.048,0.995,-0.066,-1.769,0,1.0,0.068,0.798,-0.101,-1.453,0.14495335422701927,0.4437108072403257
52,8,0.068,0.798,-0.101,-1.453,0,1.0,0.084,0.603,-0.13,-1.151,0.14495335422701927,0.4437108072403257
52,9,0.084,0.603,-0.13,-1.151,0,1.0,0.096,0.408,-0.153,-0.86,0.14495335422701927,0.4437108072403257
52,10,0.096,0.408,-0.153,-0.86,0,1.0,0.104,0.213,-0.171,-0.58,0.14495335422701927,0.4437108072403257
52,11,0.104,0.213,-0.171,-0.58,0,1.0,0.108,0.019,-0.182,-0.307,0.14495335422701927,0.4437108072403257
52,12,0.108,0.019,-0.182,-0.307,0,1.0,0.109,-0.175,-0.188,-0.04,0.14495335422701927,0.4437108072403257
52,13,0.109,-0.175,-0.188,-0.04,1,1.0,0.105,0.025,-0.189,-0.442,0.14495335422701927,0.4437108072403257
52,14,0.105,0.025,-0.189,-0.442,0,1.0,0.106,-0.169,-0.198,-0.177,0.14495335422701927,0.4437108072403257
52,15,0.106,-0.169,-0.198,-0.177,0,1.0,0.102,-0.362,-0.202,0.084,0.14495335422701927,0.4437108072403257
52,16,0.102,-0.362,-0.202,0.084,1,1.0,0.095,-0.162,-0.2,-0.322,0.14495335422701927,0.4437108072403257
52,17,0.095,-0.162,-0.2,-0.322,0,1.0,0.092,-0.356,-0.206,-0.062,0.14495335422701927,0.4437108072403257
52,18,0.092,-0.356,-0.206,-0.062,0,1.0,0.085,-0.549,-0.208,0.195,0.14495335422701927,0.4437108072403257
52,19,0.085,-0.549,-0.208,0.195,1,1.0,0.074,-0.349,-0.204,-0.212,0.14495335422701927,0.4437108072403257
52,20,0.074,-0.349,-0.204,-0.212,1,1.0,0.067,-0.149,-0.208,-0.619,0.14495335422701927,0.4437108072403257
52,21,0.067,-0.149,-0.208,-0.619,0,1.0,0.064,-0.343,-0.22,-0.362,0.14495335422701927,0.4437108072403257
53,0,-0.049,0.022,-0.017,0.043,0,1.0,-0.048,-0.175,-0.016,0.375,0.24444730030744122,0.4846825463128728
53,1,-0.048,-0.175,-0.016,0.375,0,1.0,-0.052,-0.372,-0.009,0.706,0.24444730030744122,0.4846825463128728
53,2,-0.052,-0.372,-0.009,0.706,1,1.0,-0.059,-0.175,0.006,0.366,0.24444730030744122,0.4846825463128728
53,3,-0.059,-0.175,0.006,0.366,0,1.0,-0.063,-0.372,0.013,0.705,0.24444730030744122,0.4846825463128728
53,4,-0.063,-0.372,0.013,0.705,1,1.0,-0.07,-0.175,0.027,0.373,0.24444730030744122,0.4846825463128728
53,5,-0.07,-0.175,0.027,0.373,1,1.0,-0.074,0.022,0.034,0.045,0.24444730030744122,0.4846825463128728
53,6,-0.074,0.022,0.034,0.045,0,1.0,-0.073,-0.176,0.035,0.395,0.24444730030744122,0.4846825463128728
53,7,-0.073,-0.176,0.035,0.395,1,1.0,-0.077,0.021,0.043,0.07,0.24444730030744122,0.4846825463128728
53,8,-0.077,0.021,0.043,0.07,0,1.0,-0.076,-0.177,0.045,0.423,0.24444730030744122,0.4846825463128728
53,9,-0.076,-0.177,0.045,0.423,1,1.0,-0.08,0.019,0.053,0.102,0.24444730030744122,0.4846825463128728
53,10,-0.08,0.019,0.053,0.102,1,1.0,-0.08,0.215,0.055,-0.215,0.24444730030744122,0.4846825463128728
53,11,-0.08,0.215,0.055,-0.215,1,1.0,-0.075,0.412,0.051,-0.532,0.24444730030744122,0.4846825463128728
53,12,-0.075,0.412,0.051,-0.532,0,1.0,-0.067,0.214,0.04,-0.177,0.24444730030744122,0.4846825463128728
53,13,-0.067,0.214,0.04,-0.177,1,1.0,-0.063,0.41,0.037,-0.499,0.24444730030744122,0.4846825463128728
53,14,-0.063,0.41,0.037,-0.499,1,1.0,-0.055,0.607,0.027,-0.823,0.24444730030744122,0.4846825463128728
53,15,-0.055,0.607,0.027,-0.823,1,1.0,-0.042,0.803,0.01,-1.151,0.24444730030744122,0.4846825463128728
53,16,-0.042,0.803,0.01,-1.151,0,1.0,-0.026,0.606,-0.013,-0.81,0.24444730030744122,0.4846825463128728
53,17,-0.026,0.606,-0.013,-0.81,1,1.0,-0.014,0.804,-0.029,-1.152,0.24444730030744122,0.4846825463128728
53,18,-0.014,0.804,-0.029,-1.152,0,1.0,0.002,0.607,-0.052,-0.825,0.24444730030744122,0.4846825463128728
53,19,0.002,0.607,-0.052,-0.825,0,1.0,0.014,0.411,-0.069,-0.507,0.24444730030744122,0.4846825463128728
53,20,0.014,0.411,-0.069,-0.507,0,1.0,0.022,0.215,-0.079,-0.195,0.24444730030744122,0.4846825463128728
53,21,0.022,0.215,-0.079,-0.195,0,1.0,0.026,0.019,-0.083,0.112,0.24444730030744122,0.4846825463128728
53,22,0.026,0.019,-0.083,0.112,1,1.0,0.027,0.217,-0.08,-0.254,0.24444730030744122,0.4846825463128728
53,23,0.027,0.217,-0.08,-0.254,0,1.0,0.031,0.021,-0.085,0.053,0.24444730030744122,0.4846825463128728
53,24,0.031,0.021,-0.085,0.053,0,1.0,0.032,-0.174,-0.084,0.358,0.24444730030744122,0.4846825463128728
53,25,0.032,-0.174,-0.084,0.358,0,1.0,0.028,-0.37,-0.077,0.664,0.24444730030744122,0.4846825463128728
53,26,0.028,-0.37,-0.077,0.664,0,1.0,0.021,-0.566,-0.064,0.972,0.24444730030744122,0.4846825463128728
53,27,0.021,-0.566,-0.064,0.972,1,1.0,0.009,-0.368,-0.044,0.612,0.24444730030744122,0.4846825463128728
53,28,0.009,-0.368,-0.044,0.612,1,1.0,0.002,-0.17,-0.032,0.259,0.24444730030744122,0.4846825463128728
53,29,0.002,-0.17,-0.032,0.259,0,1.0,-0.001,-0.366,-0.027,0.585,0.24444730030744122,0.4846825463128728
53,30,-0.001,-0.366,-0.027,0.585,1,1.0,-0.009,-0.169,-0.015,0.237,0.24444730030744122,0.4846825463128728
53,31,-0.009,-0.169,-0.015,0.237,1,1.0,-0.012,0.029,-0.011,-0.106,0.24444730030744122,0.4846825463128728
53,32,-0.012,0.029,-0.011,-0.106,1,1.0,-0.012,0.226,-0.013,-0.447,0.24444730030744122,0.4846825463128728
53,33,-0.012,0.226,-0.013,-0.447,0,1.0,-0.007,0.029,-0.022,-0.114,0.24444730030744122,0.4846825463128728
53,34,-0.007,0.029,-0.022,-0.114,1,1.0,-0.006,0.227,-0.024,-0.46,0.24444730030744122,0.4846825463128728
53,35,-0.006,0.227,-0.024,-0.46,1,1.0,-0.002,0.424,-0.033,-0.806,0.24444730030744122,0.4846825463128728
53,36,-0.002,0.424,-0.033,-0.806,1,1.0,0.007,0.622,-0.049,-1.155,0.24444730030744122,0.4846825463128728
53,37,0.007,0.622,-0.049,-1.155,1,1.0,0.019,0.82,-0.072,-1.51,0.24444730030744122,0.4846825463128728
53,38,0.019,0.82,-0.072,-1.51,1,1.0,0.035,1.018,-0.103,-1.872,0.24444730030744122,0.4846825463128728
53,39,0.035,1.018,-0.103,-1.872,0,1.0,0.056,0.822,-0.14,-1.574,0.24444730030744122,0.4846825463128728
53,40,0.056,0.822,-0.14,-1.574,1,1.0,0.072,1.021,-0.171,-1.957,0.24444730030744122,0.4846825463128728
53,41,0.072,1.021,-0.171,-1.957,0,1.0,0.093,0.826,-0.211,-1.687,0.24444730030744122,0.4846825463128728
54,0,-0.028,0.002,-0.042,0.008,0,1.0,-0.028,-0.193,-0.042,0.296,0.18889038158573065,0.5185845731555329
54,1,-0.028,-0.193,-0.042,0.296,0,1.0,-0.032,-0.388,-0.036,0.583,0.18889038158573065,0.5185845731555329
54,2,-0.032,-0.388,-0.036,0.583,1,1.0,-0.039,-0.192,-0.024,0.27,0.18889038158573065,0.5185845731555329
54,3,-0.039,-0.192,-0.024,0.27,0,1.0,-0.043,-0.387,-0.019,0.564,0.18889038158573065,0.5185845731555329
54,4,-0.043,-0.387,-0.019,0.564,0,1.0,-0.051,-0.582,-0.008,0.86,0.18889038158573065,0.5185845731555329
54,5,-0.051,-0.582,-0.008,0.86,0,1.0,-0.063,-0.778,0.01,1.159,0.18889038158573065,0.5185845731555329
54,6,-0.063,-0.778,0.01,1.159,0,1.0,-0.078,-0.973,0.033,1.464,0.18889038158573065,0.5185845731555329
54,7,-0.078,-0.973,0.033,1.464,1,1.0,-0.098,-0.778,0.062,1.173,0.18889038158573065,0.5185845731555329
54,8,-0.098,-0.778,0.062,1.173,0,1.0,-0.113,-0.975,0.085,1.494,0.18889038158573065,0.5185845731555329
54,9,-0.113,-0.975,0.085,1.494,0,1.0,-0.133,-1.171,0.115,1.822,0.18889038158573065,0.5185845731555329
54,10,-0.133,-1.171,0.115,1.822,1,1.0,-0.156,-0.977,0.152,1.559,0.18889038158573065,0.5185845731555329
54,11,-0.156,-0.977,0.152,1.559,0,1.0,-0.176,-1.174,0.183,1.905,0.18889038158573065,0.5185845731555329
54,12,-0.176,-1.174,0.183,1.905,0,1.0,-0.199,-1.371,0.221,2.258,0.18889038158573065,0.5185845731555329
55,0,0.033,0.037,-0.028,-0.027,1,1.0,0.034,0.235,-0.029,-0.387,0.8034667051045895,0.8611481301108855
55,1,0.034,0.235,-0.029,-0.387,0,1.0,0.039,0.038,-0.036,-0.048,0.8034667051045895,0.8611481301108855
55,2,0.039,0.038,-0.036,-0.048,0,1.0,0.039,-0.159,-0.037,0.287,0.8034667051045895,0.8611481301108855
55,3,0.039,-0.159,-0.037,0.287,0,1.0,0.036,-0.356,-0.032,0.622,0.8034667051045895,0.8611481301108855
55,4,0.036,-0.356,-0.032,0.622,0,1.0,0.029,-0.553,-0.019,0.96,0.8034667051045895,0.8611481301108855
55,5,0.029,-0.553,-0.019,0.96,1,1.0,0.018,-0.355,-0.0,0.603,0.8034667051045895,0.8611481301108855
55,6,0.018,-0.355,-0.0,0.603,1,1.0,0.011,-0.157,0.012,0.253,0.8034667051045895,0.8611481301108855
55,7,0.011,-0.157,0.012,0.253,1,1.0,0.008,0.04,0.017,-0.093,0.8034667051045895,0.8611481301108855
55,8,0.008,0.04,0.017,-0.093,0,1.0,0.009,-0.158,0.015,0.264,0.8034667051045895,0.8611481301108855
55,9,0.009,-0.158,0.015,0.264,1,1.0,0.005,0.039,0.021,-0.081,0.8034667051045895,0.8611481301108855
55,10,0.005,0.039,0.021,-0.081,1,1.0,0.006,0.237,0.019,-0.423,0.8034667051045895,0.8611481301108855
55,11,0.006,0.237,0.019,-0.423,0,1.0,0.011,0.039,0.01,-0.066,0.8034667051045895,0.8611481301108855
55,12,0.011,0.039,0.01,-0.066,1,1.0,0.012,0.236,0.009,-0.412,0.8034667051045895,0.8611481301108855
55,13,0.012,0.236,0.009,-0.412,1,1.0,0.016,0.434,0.001,-0.759,0.8034667051045895,0.8611481301108855
55,14,0.016,0.434,0.001,-0.759,1,1.0,0.025,0.632,-0.014,-1.108,0.8034667051045895,0.8611481301108855
55,15,0.025,0.632,-0.014,-1.108,0,1.0,0.038,0.434,-0.036,-0.764,0.8034667051045895,0.8611481301108855
55,16,0.038,0.434,-0.036,-0.764,0,1.0,0.046,0.237,-0.052,-0.428,0.8034667051045895,0.8611481301108855
55,17,0.046,0.237,-0.052,-0.428,1,1.0,0.051,0.436,-0.06,-0.796,0.8034667051045895,0.8611481301108855
55,18,0.051,0.436,-0.06,-0.796,0,1.0,0.06,0.239,-0.076,-0.471,0.8034667051045895,0.8611481301108855
55,19,0.06,0.239,-0.076,-0.471,0,1.0,0.065,0.043,-0.086,-0.152,0.8034667051045895,0.8611481301108855
55,20,0.065,0.043,-0.086,-0.152,1,1.0,0.066,0.242,-0.089,-0.53,0.8034667051045895,0.8611481301108855
55,21,0.066,0.242,-0.089,-0.53,0,1.0,0.07,0.046,-0.099,-0.218,0.8034667051045895,0.8611481301108855
55,22,0.07,0.046,-0.099,-0.218,0,1.0,0.071,-0.15,-0.104,0.09,0.8034667051045895,0.8611481301108855
55,23,0.071,-0.15,-0.104,0.09,1,1.0,0.068,0.049,-0.102,-0.293,0.8034667051045895,0.8611481301108855
55,24,0.068,0.049,-0.102,-0.293,0,1.0,0.069,-0.147,-0.108,0.013,0.8034667051045895,0.8611481301108855
55,25,0.069,-0.147,-0.108,0.013,0,1.0,0.066,-0.342,-0.107,0.317,0.8034667051045895,0.8611481301108855
55,26,0.066,-0.342,-0.107,0.317,0,1.0,0.06,-0.538,-0.101,0.62,0.8034667051045895,0.8611481301108855
55,27,0.06,-0.538,-0.101,0.62,0,1.0,0.049,-0.733,-0.089,0.927,0.8034667051045895,0.8611481301108855
55,28,0.049,-0.733,-0.089,0.927,0,1.0,0.034,-0.929,-0.07,1.239,0.8034667051045895,0.8611481301108855
55,29,0.034,-0.929,-0.07,1.239,1,1.0,0.016,-0.731,-0.045,0.866,0.8034667051045895,0.8611481301108855
55,30,0.016,-0.731,-0.045,0.866,0,1.0,0.001,-0.928,-0.028,1.198,0.8034667051045895,0.8611481301108855
55,31,0.001,-0.928,-0.028,1.198,1,1.0,-0.018,-0.73,-0.004,0.838,0.8034667051045895,0.8611481301108855
55,32,-0.018,-0.73,-0.004,0.838,0,1.0,-0.032,-0.927,0.013,1.186,0.8034667051045895,0.8611481301108855
55,33,-0.032,-0.927,0.013,1.186,0,1.0,-0.051,-1.125,0.036,1.541,0.8034667051045895,0.8611481301108855
55,34,-0.051,-1.125,0.036,1.541,0,1.0,-0.073,-1.323,0.067,1.904,0.8034667051045895,0.8611481301108855
55,35,-0.073,-1.323,0.067,1.904,0,1.0,-0.1,-1.522,0.105,2.276,0.8034667051045895,0.8611481301108855
55,36,-0.1,-1.522,0.105,2.276,1,1.0,-0.13,-1.326,0.151,1.971,0.8034667051045895,0.8611481301108855
55,37,-0.13,-1.326,0.151,1.971,0,1.0,-0.157,-1.525,0.19,2.362,0.8034667051045895,0.8611481301108855
55,38,-0.157,-1.525,0.19,2.362,0,1.0,-0.187,-1.723,0.237,2.758,0.8034667051045895,0.8611481301108855
56,0,0.023,-0.048,0.048,0.022,0,1.0,0.022,-0.253,0.049,0.515,0.1186105346284869,0.3162139843428207
56,1,0.022,-0.253,0.049,0.515,1,1.0,0.017,-0.051,0.059,0.071,0.1186105346284869,0.3162139843428207
56,2,0.017,-0.051,0.059,0.071,1,1.0,0.016,0.151,0.06,-0.367,0.1186105346284869,0.3162139843428207
56,3,0.016,0.151,0.06,-0.367,1,1.0,0.019,0.353,0.053,-0.805,0.1186105346284869,0.3162139843428207
56,4,0.019,0.353,0.053,-0.805,1,1.0,0.026,0.555,0.037,-1.247,0.1186105346284869,0.3162139843428207
56,5,0.026,0.555,0.037,-1.247,1,1.0,0.037,0.757,0.012,-1.697,0.1186105346284869,0.3162139843428207
56,6,0.037,0.757,0.012,-1.697,1,1.0,0.052,0.96,-0.022,-2.16,0.1186105346284869,0.3162139843428207
56,7,0.052,0.96,-0.022,-2.16,0,1.0,0.071,0.757,-0.065,-1.702,0.1186105346284869,0.3162139843428207
56,8,0.071,0.757,-0.065,-1.702,0,1.0,0.086,0.556,-0.099,-1.267,0.1186105346284869,0.3162139843428207
56,9,0.086,0.556,-0.099,-1.267,0,1.0,0.097,0.355,-0.125,-0.85,0.1186105346284869,0.3162139843428207
56,10,0.097,0.355,-0.125,-0.85,0,1.0,0.104,0.155,-0.142,-0.448,0.1186105346284869,0.3162139843428207
56,11,0.104,0.155,-0.142,-0.448,1,1.0,0.108,0.361,-0.151,-0.982,0.1186105346284869,0.3162139843428207
56,12,0.108,0.361,-0.151,-0.982,0,1.0,0.115,0.161,-0.17,-0.595,0.1186105346284869,0.3162139843428207
56,13,0.115,0.161,-0.17,-0.595,0,1.0,0.118,-0.038,-0.182,-0.219,0.1186105346284869,0.3162139843428207
56,14,0.118,-0.038,-0.182,-0.219,1,1.0,0.117,0.169,-0.187,-0.77,0.1186105346284869,0.3162139843428207
56,15,0.117,0.169,-0.187,-0.77,1,1.0,0.121,0.375,-0.202,-1.323,0.1186105346284869,0.3162139843428207
56,16,0.121,0.375,-0.202,-1.323,1,1.0,0.128,0.582,-0.228,-1.882,0.1186105346284869,0.3162139843428207
57,0,0.018,-0.003,0.034,-0.016,1,1.0,0.018,0.201,0.034,-0.506,0.48589683541334777,0.4002511587990111
57,1,0.018,0.201,0.034,-0.506,1,1.0,0.022,0.405,0.024,-0.997,0.48589683541334777,0.4002511587990111
57,2,0.022,0.405,0.024,-0.997,1,1.0,0.03,0.609,0.004,-1.493,0.48589683541334777,0.4002511587990111
57,3,0.03,0.609,0.004,-1.493,0,1.0,0.043,0.404,-0.026,-0.981,0.48589683541334777,0.4002511587990111
57,4,0.043,0.404,-0.026,-0.981,0,1.0,0.051,0.2,-0.046,-0.486,0.48589683541334777,0.4002511587990111
57,5,0.051,0.2,-0.046,-0.486,0,1.0,0.055,-0.004,-0.055,-0.003,0.48589683541334777,0.4002511587990111
57,6,0.055,-0.004,-0.055,-0.003,1,1.0,0.055,0.202,-0.056,-0.541,0.48589683541334777,0.4002511587990111
57,7,0.055,0.202,-0.056,-0.541,1,1.0,0.059,0.409,-0.066,-1.08,0.48589683541334777,0.4002511587990111
57,8,0.059,0.409,-0.066,-1.08,0,1.0,0.067,0.205,-0.088,-0.609,0.48589683541334777,0.4002511587990111
57,9,0.067,0.205,-0.088,-0.609,1,1.0,0.071,0.412,-0.1,-1.162,0.48589683541334777,0.4002511587990111
57,10,0.071,0.412,-0.1,-1.162,0,1.0,0.079,0.21,-0.123,-0.712,0.48589683541334777,0.4002511587990111
57,11,0.079,0.21,-0.123,-0.712,0,1.0,0.083,0.009,-0.138,-0.277,0.48589683541334777,0.4002511587990111
57,12,0.083,0.009,-0.138,-0.277,0,1.0,0.084,-0.192,-0.143,0.148,0.48589683541334777,0.4002511587990111
57,13,0.084,-0.192,-0.143,0.148,0,1.0,0.08,-0.393,-0.14,0.57,0.48589683541334777,0.4002511587990111
57,14,0.08,-0.393,-0.14,0.57,0,1.0,0.072,-0.594,-0.129,0.994,0.48589683541334777,0.4002511587990111
57,15,0.072,-0.594,-0.129,0.994,1,1.0,0.06,-0.387,-0.109,0.423,0.48589683541334777,0.4002511587990111
57,16,0.06,-0.387,-0.109,0.423,0,1.0,0.052,-0.589,-0.1,0.867,0.48589683541334777,0.4002511587990111
57,17,0.052,-0.589,-0.1,0.867,0,1.0,0.041,-0.791,-0.083,1.317,0.48589683541334777,0.4002511587990111
57,18,0.041,-0.791,-0.083,1.317,1,1.0,0.025,-0.584,-0.057,0.766,0.48589683541334777,0.4002511587990111
57,19,0.025,-0.584,-0.057,0.766,0,1.0,0.013,-0.788,-0.041,1.243,0.48589683541334777,0.4002511587990111
57,20,0.013,-0.788,-0.041,1.243,1,1.0,-0.003,-0.582,-0.017,0.712,0.48589683541334777,0.4002511587990111
57,21,-0.003,-0.582,-0.017,0.712,0,1.0,-0.014,-0.786,-0.002,1.212,0.48589683541334777,0.4002511587990111
57,22,-0.014,-0.786,-0.002,1.212,0,1.0,-0.03,-0.991,0.022,1.72,0.48589683541334777,0.4002511587990111
57,23,-0.03,-0.991,0.022,1.72,1,1.0,-0.05,-0.787,0.056,1.223,0.48589683541334777,0.4002511587990111
57,24,-0.05,-0.787,0.056,1.223,1,1.0,-0.066,-0.583,0.081,0.746,0.48589683541334777,0.4002511587990111
57,25,-0.066,-0.583,0.081,0.746,1,1.0,-0.077,-0.38,0.096,0.284,0.48589683541334777,0.4002511587990111
57,26,-0.077,-0.38,0.096,0.284,0,1.0,-0.085,-0.588,0.101,0.841,0.48589683541334777,0.4002511587990111
57,27,-0.085,-0.588,0.101,0.841,1,1.0,-0.097,-0.385,0.118,0.391,0.48589683541334777,0.4002511587990111
57,28,-0.097,-0.385,0.118,0.391,0,1.0,-0.104,-0.593,0.126,0.958,0.48589683541334777,0.4002511587990111
57,29,-0.104,-0.593,0.126,0.958,1,1.0,-0.116,-0.391,0.145,0.525,0.48589683541334777,0.4002511587990111
57,30,-0.116,-0.391,0.145,0.525,1,1.0,-0.124,-0.19,0.156,0.104,0.48589683541334777,0.4002511587990111
57,31,-0.124,-0.19,0.156,0.104,1,1.0,-0.128,0.01,0.158,-0.309,0.48589683541334777,0.4002511587990111
57,32,-0.128,0.01,0.158,-0.309,0,1.0,-0.128,-0.198,0.152,0.274,0.48589683541334777,0.4002511587990111
57,33,-0.128,-0.198,0.152,0.274,0,1.0,-0.132,-0.406,0.157,0.854,0.48589683541334777,0.4002511587990111
57,34,-0.132,-0.406,0.157,0.854,1,1.0,-0.14,-0.205,0.174,0.441,0.48589683541334777,0.4002511587990111
57,35,-0.14,-0.205,0.174,0.441,0,1.0,-0.144,-0.414,0.183,1.029,0.48589683541334777,0.4002511587990111
57,36,-0.144,-0.414,0.183,1.029,1,1.0,-0.152,-0.214,0.204,0.634,0.48589683541334777,0.4002511587990111
57,37,-0.152,-0.214,0.204,0.634,0,1.0,-0.156,-0.422,0.216,1.232,0.48589683541334777,0.4002511587990111
58,0,-0.019,0.038,-0.026,-0.029,1,1.0,-0.018,0.229,-0.026,-0.223,0.22864840423122174,0.8574690262302386
58,1,-0.018,0.229,-0.026,-0.223,1,1.0,-0.014,0.419,-0.031,-0.416,0.22864840423122174,0.8574690262302386
58,2,-0.014,0.419,-0.031,-0.416,0,1.0,-0.005,0.229,-0.039,-0.234,0.22864840423122174,0.8574690262302386
58,3,-0.005,0.229,-0.039,-0.234,0,1.0,-0.001,0.039,-0.044,-0.054,0.22864840423122174,0.8574690262302386
58,4,-0.001,0.039,-0.044,-0.054,0,1.0,-0.0,-0.151,-0.045,0.125,0.22864840423122174,0.8574690262302386
58,5,-0.0,-0.151,-0.045,0.125,0,1.0,-0.003,-0.341,-0.042,0.304,0.22864840423122174,0.8574690262302386
58,6,-0.003,-0.341,-0.042,0.304,0,1.0,-0.01,-0.531,-0.036,0.484,0.22864840423122174,0.8574690262302386
58,7,-0.01,-0.531,-0.036,0.484,1,1.0,-0.02,-0.34,-0.027,0.288,0.22864840423122174,0.8574690262302386
58,8,-0.02,-0.34,-0.027,0.288,0,1.0,-0.027,-0.53,-0.021,0.471,0.22864840423122174,0.8574690262302386
58,9,-0.027,-0.53,-0.021,0.471,1,1.0,-0.038,-0.34,-0.011,0.279,0.22864840423122174,0.8574690262302386
58,10,-0.038,-0.34,-0.011,0.279,1,1.0,-0.045,-0.149,-0.006,0.088,0.22864840423122174,0.8574690262302386
58,11,-0.045,-0.149,-0.006,0.088,1,1.0,-0.048,0.041,-0.004,-0.102,0.22864840423122174,0.8574690262302386
58,12,-0.048,0.041,-0.004,-0.102,1,1.0,-0.047,0.232,-0.006,-0.291,0.22864840423122174,0.8574690262302386
58,13,-0.047,0.232,-0.006,-0.291,1,1.0,-0.042,0.422,-0.012,-0.48,0.22864840423122174,0.8574690262302386
58,14,-0.042,0.422,-0.012,-0.48,0,1.0,-0.034,0.232,-0.021,-0.294,0.22864840423122174,0.8574690262302386
58,15,-0.034,0.232,-0.021,-0.294,1,1.0,-0.029,0.422,-0.027,-0.487,0.22864840423122174,0.8574690262302386
58,16,-0.029,0.422,-0.027,-0.487,1,1.0,-0.021,0.613,-0.037,-0.681,0.22864840423122174,0.8574690262302386
58,17,-0.021,0.613,-0.037,-0.681,0,1.0,-0.008,0.423,-0.051,-0.5,0.22864840423122174,0.8574690262302386
58,18,-0.008,0.423,-0.051,-0.5,0,1.0,0.0,0.233,-0.061,-0.323,0.22864840423122174,0.8574690262302386
58,19,0.0,0.233,-0.061,-0.323,1,1.0,0.005,0.424,-0.067,-0.523,0.22864840423122174,0.8574690262302386
58,20,0.005,0.424,-0.067,-0.523,0,1.0,0.013,0.234,-0.078,-0.349,0.22864840423122174,0.8574690262302386
58,21,0.013,0.234,-0.078,-0.349,0,1.0,0.018,0.045,-0.085,-0.177,0.22864840423122174,0.8574690262302386
58,22,0.018,0.045,-0.085,-0.177,0,1.0,0.019,-0.145,-0.088,-0.006,0.22864840423122174,0.8574690262302386
58,23,0.019,-0.145,-0.088,-0.006,1,1.0,0.016,0.046,-0.088,-0.212,0.22864840423122174,0.8574690262302386
58,24,0.016,0.046,-0.088,-0.212,1,1.0,0.017,0.237,-0.093,-0.417,0.22864840423122174,0.8574690262302386
58,25,0.017,0.237,-0.093,-0.417,1,1.0,0.022,0.428,-0.101,-0.623,0.22864840423122174,0.8574690262302386
58,26,0.022,0.428,-0.101,-0.623,1,1.0,0.03,0.62,-0.113,-0.83,0.22864840423122174,0.8574690262302386
58,27,0.03,0.62,-0.113,-0.83,0,1.0,0.043,0.43,-0.13,-0.666,0.22864840423122174,0.8574690262302386
58,28,0.043,0.43,-0.13,-0.666,0,1.0,0.051,0.241,-0.143,-0.506,0.22864840423122174,0.8574690262302386
58,29,0.051,0.241,-0.143,-0.506,0,1.0,0.056,0.052,-0.153,-0.349,0.22864840423122174,0.8574690262302386
58,30,0.056,0.052,-0.153,-0.349,0,1.0,0.057,-0.136,-0.16,-0.195,0.22864840423122174,0.8574690262302386
58,31,0.057,-0.136,-0.16,-0.195,0,1.0,0.054,-0.325,-0.164,-0.042,0.22864840423122174,0.8574690262302386
58,32,0.054,-0.325,-0.164,-0.042,0,1.0,0.048,-0.514,-0.165,0.11,0.22864840423122174,0.8574690262302386
58,33,0.048,-0.514,-0.165,0.11,0,1.0,0.037,-0.702,-0.163,0.262,0.22864840423122174,0.8574690262302386
58,34,0.037,-0.702,-0.163,0.262,0,1.0,0.023,-0.891,-0.158,0.414,0.22864840423122174,0.8574690262302386
58,35,0.023,-0.891,-0.158,0.414,1,1.0,0.006,-0.699,-0.149,0.197,0.22864840423122174,0.8574690262302386
58,36,0.006,-0.699,-0.149,0.197,1,1.0,-0.008,-0.508,-0.145,-0.019,0.22864840423122174,0.8574690262302386
58,37,-0.008,-0.508,-0.145,-0.019,0,1.0,-0.019,-0.697,-0.146,0.138,0.22864840423122174,0.8574690262302386
58,38,-0.019,-0.697,-0.146,0.138,0,1.0,-0.032,-0.886,-0.143,0.294,0.22864840423122174,0.8574690262302386
58,39,-0.032,-0.886,-0.143,0.294,1,1.0,-0.05,-0.694,-0.137,0.079,0.22864840423122174,0.8574690262302386
58,40,-0.05,-0.694,-0.137,0.079,1,1.0,-0.064,-0.503,-0.136,-0.134,0.22864840423122174,0.8574690262302386
58,41,-0.064,-0.503,-0.136,-0.134,0,1.0,-0.074,-0.692,-0.138,0.024,0.22864840423122174,0.8574690262302386
58,42,-0.074,-0.692,-0.138,0.024,0,1.0,-0.088,-0.881,-0.138,0.182,0.22864840423122174,0.8574690262302386
58,43,-0.088,-0.881,-0.138,0.182,0,1.0,-0.106,-1.07,-0.134,0.34,0.22864840423122174,0.8574690262302386
58,44,-0.106,-1.07,-0.134,0.34,1,1.0,-0.127,-0.878,-0.127,0.127,0.22864840423122174,0.8574690262302386
58,45,-0.127,-0.878,-0.127,0.127,1,1.0,-0.145,-0.687,-0.125,-0.085,0.22864840423122174,0.8574690262302386
58,46,-0.145,-0.687,-0.125,-0.085,1,1.0,-0.158,-0.495,-0.127,-0.296,0.22864840423122174,0.8574690262302386
58,47,-0.158,-0.495,-0.127,-0.296,1,1.0,-0.168,-0.304,-0.132,-0.508,0.22864840423122174,0.8574690262302386
58,48,-0.168,-0.304,-0.132,-0.508,1,1.0,-0.174,-0.113,-0.143,-0.721,0.22864840423122174,0.8574690262302386
58,49,-0.174,-0.113,-0.143,-0.721,0,1.0,-0.177,-0.302,-0.157,-0.564,0.22864840423122174,0.8574690262302386
58,50,-0.177,-0.302,-0.157,-0.564,1,1.0,-0.183,-0.11,-0.168,-0.781,0.22864840423122174,0.8574690262302386
58,51,-0.183,-0.11,-0.168,-0.781,1,1.0,-0.185,0.081,-0.184,-0.999,0.22864840423122174,0.8574690262302386
58,52,-0.185,0.081,-0.184,-0.999,1,1.0,-0.183,0.273,-0.204,-1.22,0.22864840423122174,0.8574690262302386
58,53,-0.183,0.273,-0.204,-1.22,0,1.0,-0.178,0.084,-0.228,-1.078,0.22864840423122174,0.8574690262302386
59,0,0.009,0.033,-0.038,-0.012,0,1.0,0.009,-0.19,-0.039,0.876,0.05169545541631392,0.15243580461841227
59,1,0.009,-0.19,-0.039,0.876,0,1.0,0.006,-0.412,-0.021,1.764,0.05169545541631392,0.15243580461841227
59,2,0.006,-0.412,-0.021,1.764,1,1.0,-0.003,-0.187,0.014,0.816,0.05169545541631392,0.15243580461841227
59,3,-0.003,-0.187,0.014,0.816,1,1.0,-0.006,0.036,0.031,-0.097,0.05169545541631392,0.15243580461841227
59,4,-0.006,0.036,0.031,-0.097,1,1.0,-0.006,0.259,0.029,-0.993,0.05169545541631392,0.15243580461841227
59,5,-0.006,0.259,0.029,-0.993,0,1.0,-0.0,0.034,0.009,-0.037,0.05169545541631392,0.15243580461841227
59,6,-0.0,0.034,0.009,-0.037,1,1.0,0.0,0.257,0.008,-0.956,0.05169545541631392,0.15243580461841227
59,7,0.0,0.257,0.008,-0.956,0,1.0,0.005,0.033,-0.011,-0.021,0.05169545541631392,0.15243580461841227
59,8,0.005,0.033,-0.011,-0.021,1,1.0,0.006,0.257,-0.011,-0.959,0.05169545541631392,0.15243580461841227
59,9,0.006,0.257,-0.011,-0.959,1,1.0,0.011,0.482,-0.031,-1.898,0.05169545541631392,0.15243580461841227
59,10,0.011,0.482,-0.031,-1.898,0,1.0,0.021,0.259,-0.069,-1.001,0.05169545541631392,0.15243580461841227
59,11,0.021,0.259,-0.069,-1.001,1,1.0,0.026,0.486,-0.089,-1.994,0.05169545541631392,0.15243580461841227
59,12,0.026,0.486,-0.089,-1.994,0,1.0,0.036,0.266,-0.129,-1.158,0.05169545541631392,0.15243580461841227
59,13,0.036,0.266,-0.129,-1.158,1,1.0,0.041,0.495,-0.152,-2.204,0.05169545541631392,0.15243580461841227
59,14,0.041,0.495,-0.152,-2.204,1,1.0,0.051,0.724,-0.196,-3.267,0.05169545541631392,0.15243580461841227
59,15,0.051,0.724,-0.196,-3.267,1,1.0,0.065,0.952,-0.261,-4.36,0.05169545541631392,0.15243580461841227
60,0,-0.018,-0.047,-0.045,0.049,0,1.0,-0.019,-0.239,-0.044,0.261,0.3937346446094771,0.8373725854367047
60,1,-0.019,-0.239,-0.044,0.261,0,1.0,-0.023,-0.43,-0.038,0.472,0.3937346446094771,0.8373725854367047
60,2,-0.023,-0.43,-0.038,0.472,1,1.0,-0.032,-0.238,-0.029,0.241,0.3937346446094771,0.8373725854367047
60,3,-0.032,-0.238,-0.029,0.241,1,1.0,-0.037,-0.046,-0.024,0.012,0.3937346446094771,0.8373725854367047
60,4,-0.037,-0.046,-0.024,0.012,1,1.0,-0.038,0.147,-0.024,-0.217,0.3937346446094771,0.8373725854367047
60,5,-0.038,0.147,-0.024,-0.217,0,1.0,-0.035,-0.045,-0.028,0.0,0.3937346446094771,0.8373725854367047
60,6,-0.035,-0.045,-0.028,0.0,1,1.0,-0.036,0.147,-0.028,-0.229,0.3937346446094771,0.8373725854367047
60,7,-0.036,0.147,-0.028,-0.229,1,1.0,-0.033,0.339,-0.033,-0.458,0.3937346446094771,0.8373725854367047
60,8,-0.033,0.339,-0.033,-0.458,1,1.0,-0.026,0.532,-0.042,-0.689,0.3937346446094771,0.8373725854367047
60,9,-0.026,0.532,-0.042,-0.689,1,1.0,-0.015,0.724,-0.056,-0.921,0.3937346446094771,0.8373725854367047
60,10,-0.015,0.724,-0.056,-0.921,1,1.0,-0.001,0.916,-0.074,-1.156,0.3937346446094771,0.8373725854367047
60,11,-0.001,0.916,-0.074,-1.156,1,1.0,0.018,1.109,-0.097,-1.395,0.3937346446094771,0.8373725854367047
60,12,0.018,1.109,-0.097,-1.395,1,1.0,0.04,1.302,-0.125,-1.639,0.3937346446094771,0.8373725854367047
60,13,0.04,1.302,-0.125,-1.639,1,1.0,0.066,1.494,-0.158,-1.888,0.3937346446094771,0.8373725854367047
60,14,0.066,1.494,-0.158,-1.888,1,1.0,0.096,1.687,-0.196,-2.143,0.3937346446094771,0.8373725854367047
60,15,0.096,1.687,-0.196,-2.143,0,1.0,0.129,1.497,-0.239,-1.973,0.3937346446094771,0.8373725854367047
61,0,-0.013,0.027,0.017,0.021,1,1.0,-0.012,0.225,0.018,-0.336,0.02112079574098065,0.3801931575143365
61,1,-0.012,0.225,0.018,-0.336,1,1.0,-0.008,0.423,0.011,-0.693,0.02112079574098065,0.3801931575143365
61,2,-0.008,0.423,0.011,-0.693,0,1.0,0.001,0.225,-0.003,-0.325,0.02112079574098065,0.3801931575143365
61,3,0.001,0.225,-0.003,-0.325,0,1.0,0.005,0.026,-0.01,0.038,0.02112079574098065,0.3801931575143365
61,4,0.005,0.026,-0.01,0.038,0,1.0,0.006,-0.172,-0.009,0.398,0.02112079574098065,0.3801931575143365
61,5,0.006,-0.172,-0.009,0.398,0,1.0,0.003,-0.37,-0.001,0.758,0.02112079574098065,0.3801931575143365
61,6,0.003,-0.37,-0.001,0.758,0,1.0,-0.005,-0.568,0.014,1.122,0.02112079574098065,0.3801931575143365
61,7,-0.005,-0.568,0.014,1.122,1,1.0,-0.016,-0.37,0.037,0.763,0.02112079574098065,0.3801931575143365
61,8,-0.016,-0.37,0.037,0.763,1,1.0,-0.024,-0.172,0.052,0.414,0.02112079574098065,0.3801931575143365
61,9,-0.024,-0.172,0.052,0.414,1,1.0,-0.027,0.025,0.06,0.071,0.02112079574098065,0.3801931575143365
61,10,-0.027,0.025,0.06,0.071,0,1.0,-0.027,-0.174,0.062,0.458,0.02112079574098065,0.3801931575143365
61,11,-0.027,-0.174,0.062,0.458,0,1.0,-0.03,-0.374,0.071,0.845,0.02112079574098065,0.3801931575143365
61,12,-0.03,-0.374,0.071,0.845,1,1.0,-0.038,-0.177,0.088,0.51,0.02112079574098065,0.3801931575143365
61,13,-0.038,-0.177,0.088,0.51,1,1.0,-0.041,0.02,0.098,0.182,0.02112079574098065,0.3801931575143365
61,14,-0.041,0.02,0.098,0.182,0,1.0,-0.041,-0.18,0.102,0.583,0.02112079574098065,0.3801931575143365
61,15,-0.041,-0.18,0.102,0.583,0,1.0,-0.044,-0.38,0.113,0.984,0.02112079574098065,0.3801931575143365
61,16,-0.044,-0.38,0.113,0.984,0,1.0,-0.052,-0.58,0.133,1.39,0.02112079574098065,0.3801931575143365
61,17,-0.052,-0.58,0.133,1.39,0,1.0,-0.063,-0.78,0.161,1.802,0.02112079574098065,0.3801931575143365
61,18,-0.063,-0.78,0.161,1.802,0,1.0,-0.079,-0.98,0.197,2.223,0.02112079574098065,0.3801931575143365
61,19,-0.079,-0.98,0.197,2.223,0,1.0,-0.099,-1.181,0.241,2.655,0.02112079574098065,0.3801931575143365
62,0,0.011,0.025,0.028,-0.021,0,1.0,0.011,-0.174,0.028,0.354,0.23734382263717196,0.44659038638623805
62,1,0.011,-0.174,0.028,0.354,1,1.0,0.008,0.024,0.035,0.001,0.23734382263717196,0.44659038638623805
62,2,0.008,0.024,0.035,0.001,1,1.0,0.008,0.222,0.035,-0.35,0.23734382263717196,0.44659038638623805
62,3,0.008,0.222,0.035,-0.35,1,1.0,0.013,0.419,0.028,-0.7,0.23734382263717196,0.44659038638623805
62,4,0.013,0.419,0.028,-0.7,1,1.0,0.021,0.617,0.014,-1.053,0.23734382263717196,0.44659038638623805
62,5,0.021,0.617,0.014,-1.053,1,1.0,0.034,0.815,-0.007,-1.412,0.23734382263717196,0.44659038638623805
62,6,0.034,0.815,-0.007,-1.412,0,1.0,0.05,0.617,-0.036,-1.051,0.23734382263717196,0.44659038638623805
62,7,0.05,0.617,-0.036,-1.051,1,1.0,0.062,0.816,-0.057,-1.429,0.23734382263717196,0.44659038638623805
62,8,0.062,0.816,-0.057,-1.429,1,1.0,0.079,1.015,-0.085,-1.814,0.23734382263717196,0.44659038638623805
62,9,0.079,1.015,-0.085,-1.814,1,1.0,0.099,1.215,-0.121,-2.209,0.23734382263717196,0.44659038638623805
62,10,0.099,1.215,-0.121,-2.209,1,1.0,0.123,1.414,-0.166,-2.616,0.23734382263717196,0.44659038638623805
62,11,0.123,1.414,-0.166,-2.616,1,1.0,0.151,1.614,-0.218,-3.036,0.23734382263717196,0.44659038638623805
63,0,0.006,0.049,-0.03,0.001,1,1.0,0.007,0.245,-0.03,-0.314,0.5003976278117618,0.6787717954778089
63,1,0.007,0.245,-0.03,-0.314,0,1.0,0.012,0.05,-0.037,-0.019,0.5003976278117618,0.6787717954778089
63,2,0.012,0.05,-0.037,-0.019,1,1.0,0.013,0.246,-0.037,-0.336,0.5003976278117618,0.6787717954778089
63,3,0.013,0.246,-0.037,-0.336,1,1.0,0.018,0.443,-0.044,-0.653,0.5003976278117618,0.6787717954778089
63,4,0.018,0.443,-0.044,-0.653,0,1.0,0.027,0.248,-0.057,-0.363,0.5003976278117618,0.6787717954778089
63,5,0.027,0.248,-0.057,-0.363,1,1.0,0.032,0.444,-0.064,-0.685,0.5003976278117618,0.6787717954778089
63,6,0.032,0.444,-0.064,-0.685,1,1.0,0.041,0.64,-0.078,-1.01,0.5003976278117618,0.6787717954778089
63,7,0.041,0.64,-0.078,-1.01,1,1.0,0.053,0.837,-0.098,-1.338,0.5003976278117618,0.6787717954778089
63,8,0.053,0.837,-0.098,-1.338,1,1.0,0.07,1.034,-0.125,-1.672,0.5003976278117618,0.6787717954778089
63,9,0.07,1.034,-0.125,-1.672,1,1.0,0.091,1.231,-0.158,-2.012,0.5003976278117618,0.6787717954778089
63,10,0.091,1.231,-0.158,-2.012,0,1.0,0.115,1.037,-0.198,-1.765,0.5003976278117618,0.6787717954778089
63,11,0.115,1.037,-0.198,-1.765,1,1.0,0.136,1.234,-0.234,-2.12,0.5003976278117618,0.6787717954778089
64,0,0.044,0.002,-0.043,-0.018,1,1.0,0.044,0.193,-0.044,-0.211,0.3183694304142259,0.9452629977131142
64,1,0.044,0.193,-0.044,-0.211,1,1.0,0.048,0.383,-0.048,-0.403,0.3183694304142259,0.9452629977131142
64,2,0.048,0.383,-0.048,-0.403,1,1.0,0.056,0.574,-0.056,-0.597,0.3183694304142259,0.9452629977131142
64,3,0.056,0.574,-0.056,-0.597,0,1.0,0.067,0.384,-0.068,-0.424,0.3183694304142259,0.9452629977131142
64,4,0.067,0.384,-0.068,-0.424,0,1.0,0.075,0.195,-0.076,-0.254,0.3183694304142259,0.9452629977131142
64,5,0.075,0.195,-0.076,-0.254,1,1.0,0.079,0.386,-0.082,-0.453,0.3183694304142259,0.9452629977131142
64,6,0.079,0.386,-0.082,-0.453,0,1.0,0.087,0.196,-0.091,-0.285,0.3183694304142259,0.9452629977131142
64,7,0.087,0.196,-0.091,-0.285,0,1.0,0.091,0.007,-0.096,-0.12,0.3183694304142259,0.9452629977131142
64,8,0.091,0.007,-0.096,-0.12,0,1.0,0.091,-0.182,-0.099,0.044,0.3183694304142259,0.9452629977131142
64,9,0.091,-0.182,-0.099,0.044,0,1.0,0.087,-0.371,-0.098,0.207,0.3183694304142259,0.9452629977131142
64,10,0.087,-0.371,-0.098,0.207,1,1.0,0.08,-0.181,-0.094,0.005,0.3183694304142259,0.9452629977131142
64,11,0.08,-0.181,-0.094,0.005,1,1.0,0.076,0.01,-0.094,-0.197,0.3183694304142259,0.9452629977131142
64,12,0.076,0.01,-0.094,-0.197,0,1.0,0.076,-0.179,-0.098,-0.032,0.3183694304142259,0.9452629977131142
64,13,0.076,-0.179,-0.098,-0.032,0,1.0,0.073,-0.368,-0.098,0.131,0.3183694304142259,0.9452629977131142
64,14,0.073,-0.368,-0.098,0.131,1,1.0,0.065,-0.177,-0.096,-0.071,0.3183694304142259,0.9452629977131142
64,15,0.065,-0.177,-0.096,-0.071,0,1.0,0.062,-0.366,-0.097,0.093,0.3183694304142259,0.9452629977131142
64,16,0.062,-0.366,-0.097,0.093,1,1.0,0.054,-0.175,-0.095,-0.109,0.3183694304142259,0.9452629977131142
64,17,0.054,-0.175,-0.095,-0.109,0,1.0,0.051,-0.365,-0.097,0.055,0.3183694304142259,0.9452629977131142
64,18,0.051,-0.365,-0.097,0.055,1,1.0,0.044,-0.174,-0.096,-0.147,0.3183694304142259,0.9452629977131142
64,19,0.044,-0.174,-0.096,-0.147,1,1.0,0.04,0.017,-0.099,-0.349,0.3183694304142259,0.9452629977131142
64,20,0.04,0.017,-0.099,-0.349,0,1.0,0.041,-0.172,-0.106,-0.186,0.3183694304142259,0.9452629977131142
64,21,0.041,-0.172,-0.106,-0.186,1,1.0,0.037,0.019,-0.11,-0.39,0.3183694304142259,0.9452629977131142
64,22,0.037,0.019,-0.11,-0.39,1,1.0,0.037,0.21,-0.118,-0.594,0.3183694304142259,0.9452629977131142
64,23,0.037,0.21,-0.118,-0.594,0,1.0,0.042,0.021,-0.13,-0.435,0.3183694304142259,0.9452629977131142
64,24,0.042,0.021,-0.13,-0.435,0,1.0,0.042,-0.168,-0.138,-0.278,0.3183694304142259,0.9452629977131142
64,25,0.042,-0.168,-0.138,-0.278,1,1.0,0.039,0.023,-0.144,-0.487,0.3183694304142259,0.9452629977131142
64,26,0.039,0.023,-0.144,-0.487,1,1.0,0.039,0.215,-0.154,-0.697,0.3183694304142259,0.9452629977131142
64,27,0.039,0.215,-0.154,-0.697,0,1.0,0.044,0.026,-0.167,-0.546,0.3183694304142259,0.9452629977131142
64,28,0.044,0.026,-0.167,-0.546,0,1.0,0.044,-0.163,-0.178,-0.398,0.3183694304142259,0.9452629977131142
64,29,0.044,-0.163,-0.178,-0.398,0,1.0,0.041,-0.351,-0.186,-0.254,0.3183694304142259,0.9452629977131142
64,30,0.041,-0.351,-0.186,-0.254,1,1.0,0.034,-0.159,-0.191,-0.469,0.3183694304142259,0.9452629977131142
64,31,0.034,-0.159,-0.191,-0.469,1,1.0,0.031,0.032,-0.201,-0.686,0.3183694304142259,0.9452629977131142
64,32,0.031,0.032,-0.201,-0.686,1,1.0,0.031,0.223,-0.215,-0.904,0.3183694304142259,0.9452629977131142
65,0,-0.045,0.002,-0.013,-0.027,0,1.0,-0.045,-0.185,-0.013,0.079,0.1785778102029531,1.438381745613701
65,1,-0.045,-0.185,-0.013,0.079,0,1.0,-0.049,-0.371,-0.011,0.186,0.1785778102029531,1.438381745613701
65,2,-0.049,-0.371,-0.011,0.186,1,1.0,-0.056,-0.185,-0.008,0.076,0.1785778102029531,1.438381745613701
65,3,-0.056,-0.185,-0.008,0.076,1,1.0,-0.06,0.002,-0.006,-0.032,0.1785778102029531,1.438381745613701
65,4,-0.06,0.002,-0.006,-0.032,1,1.0,-0.06,0.189,-0.007,-0.141,0.1785778102029531,1.438381745613701
65,5,-0.06,0.189,-0.007,-0.141,1,1.0,-0.056,0.376,-0.01,-0.25,0.1785778102029531,1.438381745613701
65,6,-0.056,0.376,-0.01,-0.25,1,1.0,-0.049,0.562,-0.015,-0.359,0.1785778102029531,1.438381745613701
65,7,-0.049,0.562,-0.015,-0.359,0,1.0,-0.037,0.376,-0.022,-0.253,0.1785778102029531,1.438381745613701
65,8,-0.037,0.376,-0.022,-0.253,0,1.0,-0.03,0.189,-0.027,-0.147,0.1785778102029531,1.438381745613701
65,9,-0.03,0.189,-0.027,-0.147,1,1.0,-0.026,0.376,-0.03,-0.258,0.1785778102029531,1.438381745613701
65,10,-0.026,0.376,-0.03,-0.258,1,1.0,-0.019,0.563,-0.035,-0.37,0.1785778102029531,1.438381745613701
65,11,-0.019,0.563,-0.035,-0.37,0,1.0,-0.007,0.376,-0.042,-0.266,0.1785778102029531,1.438381745613701
65,12,-0.007,0.376,-0.042,-0.266,0,1.0,0.0,0.19,-0.048,-0.163,0.1785778102029531,1.438381745613701
65,13,0.0,0.19,-0.048,-0.163,1,1.0,0.004,0.377,-0.051,-0.276,0.1785778102029531,1.438381745613701
65,14,0.004,0.377,-0.051,-0.276,0,1.0,0.011,0.19,-0.057,-0.174,0.1785778102029531,1.438381745613701
65,15,0.011,0.19,-0.057,-0.174,1,1.0,0.015,0.377,-0.06,-0.289,0.1785778102029531,1.438381745613701
65,16,0.015,0.377,-0.06,-0.289,0,1.0,0.023,0.191,-0.066,-0.188,0.1785778102029531,1.438381745613701
65,17,0.023,0.191,-0.066,-0.188,1,1.0,0.027,0.378,-0.07,-0.303,0.1785778102029531,1.438381745613701
65,18,0.027,0.378,-0.07,-0.303,0,1.0,0.034,0.192,-0.076,-0.204,0.1785778102029531,1.438381745613701
65,19,0.034,0.192,-0.076,-0.204,1,1.0,0.038,0.379,-0.08,-0.32,0.1785778102029531,1.438381745613701
65,20,0.038,0.379,-0.08,-0.32,0,1.0,0.046,0.192,-0.086,-0.222,0.1785778102029531,1.438381745613701
65,21,0.046,0.192,-0.086,-0.222,0,1.0,0.049,0.006,-0.091,-0.124,0.1785778102029531,1.438381745613701
65,22,0.049,0.006,-0.091,-0.124,1,1.0,0.05,0.193,-0.093,-0.242,0.1785778102029531,1.438381745613701
65,23,0.05,0.193,-0.093,-0.242,0,1.0,0.053,0.007,-0.098,-0.146,0.1785778102029531,1.438381745613701
65,24,0.053,0.007,-0.098,-0.146,1,1.0,0.054,0.194,-0.101,-0.264,0.1785778102029531,1.438381745613701
65,25,0.054,0.194,-0.101,-0.264,1,1.0,0.057,0.382,-0.106,-0.383,0.1785778102029531,1.438381745613701
65,26,0.057,0.382,-0.106,-0.383,1,1.0,0.065,0.569,-0.114,-0.503,0.1785778102029531,1.438381745613701
65,27,0.065,0.569,-0.114,-0.503,1,1.0,0.076,0.756,-0.124,-0.623,0.1785778102029531,1.438381745613701
65,28,0.076,0.756,-0.124,-0.623,0,1.0,0.092,0.57,-0.136,-0.53,0.1785778102029531,1.438381745613701
65,29,0.092,0.57,-0.136,-0.53,1,1.0,0.103,0.757,-0.147,-0.653,0.1785778102029531,1.438381745613701
65,30,0.103,0.757,-0.147,-0.653,1,1.0,0.118,0.945,-0.16,-0.776,0.1785778102029531,1.438381745613701
65,31,0.118,0.945,-0.16,-0.776,0,1.0,0.137,0.759,-0.175,-0.688,0.1785778102029531,1.438381745613701
65,32,0.137,0.759,-0.175,-0.688,1,1.0,0.152,0.946,-0.189,-0.814,0.1785778102029531,1.438381745613701
65,33,0.152,0.946,-0.189,-0.814,0,1.0,0.171,0.76,-0.205,-0.731,0.1785778102029531,1.438381745613701
65,34,0.171,0.76,-0.205,-0.731,1,1.0,0.186,0.948,-0.22,-0.859,0.1785778102029531,1.438381745613701
66,0,0.042,0.019,-0.043,0.012,1,1.0,0.043,0.207,-0.042,-0.111,0.06094251687725514,1.2010637267216533
66,1,0.043,0.207,-0.042,-0.111,0,1.0,0.047,0.02,-0.045,0.002,0.06094251687725514,1.2010637267216533
66,2,0.047,0.02,-0.045,0.002,0,1.0,0.047,-0.167,-0.045,0.114,0.06094251687725514,1.2010637267216533
66,3,0.047,-0.167,-0.045,0.114,0,1.0,0.044,-0.354,-0.042,0.227,0.06094251687725514,1.2010637267216533
66,4,0.044,-0.354,-0.042,0.227,0,1.0,0.037,-0.541,-0.038,0.34,0.06094251687725514,1.2010637267216533
66,5,0.037,-0.541,-0.038,0.34,0,1.0,0.026,-0.728,-0.031,0.453,0.06094251687725514,1.2010637267216533
66,6,0.026,-0.728,-0.031,0.453,0,1.0,0.011,-0.915,-0.022,0.568,0.06094251687725514,1.2010637267216533
66,7,0.011,-0.915,-0.022,0.568,0,1.0,-0.007,-1.102,-0.011,0.683,0.06094251687725514,1.2010637267216533
66,8,-0.007,-1.102,-0.011,0.683,1,1.0,-0.029,-0.915,0.003,0.564,0.06094251687725514,1.2010637267216533
66,9,-0.029,-0.915,0.003,0.564,0,1.0,-0.047,-1.102,0.014,0.682,0.06094251687725514,1.2010637267216533
66,10,-0.047,-1.102,0.014,0.682,1,1.0,-0.069,-0.915,0.028,0.566,0.06094251687725514,1.2010637267216533
66,11,-0.069,-0.915,0.028,0.566,1,1.0,-0.087,-0.728,0.039,0.451,0.06094251687725514,1.2010637267216533
66,12,-0.087,-0.728,0.039,0.451,1,1.0,-0.102,-0.541,0.048,0.338,0.06094251687725514,1.2010637267216533
66,13,-0.102,-0.541,0.048,0.338,1,1.0,-0.113,-0.354,0.055,0.225,0.06094251687725514,1.2010637267216533
66,14,-0.113,-0.354,0.055,0.225,0,1.0,-0.12,-0.542,0.06,0.351,0.06094251687725514,1.2010637267216533
66,15,-0.12,-0.542,0.06,0.351,1,1.0,-0.131,-0.355,0.067,0.24,0.06094251687725514,1.2010637267216533
66,16,-0.131,-0.355,0.067,0.24,1,1.0,-0.138,-0.168,0.071,0.13,0.06094251687725514,1.2010637267216533
66,17,-0.138,-0.168,0.071,0.13,0,1.0,-0.141,-0.355,0.074,0.258,0.06094251687725514,1.2010637267216533
66,18,-0.141,-0.355,0.074,0.258,0,1.0,-0.148,-0.543,0.079,0.385,0.06094251687725514,1.2010637267216533
66,19,-0.148,-0.543,0.079,0.385,1,1.0,-0.159,-0.356,0.087,0.277,0.06094251687725514,1.2010637267216533
66,20,-0.159,-0.356,0.087,0.277,1,1.0,-0.166,-0.17,0.092,0.17,0.06094251687725514,1.2010637267216533
66,21,-0.166,-0.17,0.092,0.17,1,1.0,-0.17,0.017,0.096,0.064,0.06094251687725514,1.2010637267216533
66,22,-0.17,0.017,0.096,0.064,1,1.0,-0.169,0.204,0.097,-0.041,0.06094251687725514,1.2010637267216533
66,23,-0.169,0.204,0.097,-0.041,1,1.0,-0.165,0.39,0.096,-0.147,0.06094251687725514,1.2010637267216533
66,24,-0.165,0.39,0.096,-0.147,1,1.0,-0.158,0.577,0.093,-0.253,0.06094251687725514,1.2010637267216533
66,25,-0.158,0.577,0.093,-0.253,0,1.0,-0.146,0.389,0.088,-0.123,0.06094251687725514,1.2010637267216533
66,26,-0.146,0.389,0.088,-0.123,1,1.0,-0.138,0.576,0.086,-0.229,0.06094251687725514,1.2010637267216533
66,27,-0.138,0.576,0.086,-0.229,1,1.0,-0.127,0.762,0.081,-0.337,0.06094251687725514,1.2010637267216533
66,28,-0.127,0.762,0.081,-0.337,0,1.0,-0.111,0.575,0.074,-0.208,0.06094251687725514,1.2010637267216533
66,29,-0.111,0.575,0.074,-0.208,0,1.0,-0.1,0.387,0.07,-0.081,0.06094251687725514,1.2010637267216533
66,30,-0.1,0.387,0.07,-0.081,0,1.0,-0.092,0.2,0.069,0.047,0.06094251687725514,1.2010637267216533
66,31,-0.092,0.2,0.069,0.047,0,1.0,-0.088,0.012,0.07,0.173,0.06094251687725514,1.2010637267216533
66,32,-0.088,0.012,0.07,0.173,1,1.0,-0.088,0.199,0.073,0.064,0.06094251687725514,1.2010637267216533
66,33,-0.088,0.199,0.073,0.064,1,1.0,-0.084,0.386,0.074,-0.045,0.06094251687725514,1.2010637267216533
66,34,-0.084,0.386,0.074,-0.045,1,1.0,-0.076,0.572,0.073,-0.153,0.06094251687725514,1.2010637267216533
66,35,-0.076,0.572,0.073,-0.153,1,1.0,-0.065,0.759,0.07,-0.262,0.06094251687725514,1.2010637267216533
66,36,-0.065,0.759,0.07,-0.262,0,1.0,-0.05,0.571,0.065,-0.135,0.06094251687725514,1.2010637267216533
66,37,-0.05,0.571,0.065,-0.135,1,1.0,-0.038,0.758,0.062,-0.245,0.06094251687725514,1.2010637267216533
66,38,-0.038,0.758,0.062,-0.245,1,1.0,-0.023,0.945,0.058,-0.355,0.06094251687725514,1.2010637267216533
66,39,-0.023,0.945,0.058,-0.355,1,1.0,-0.004,1.132,0.051,-0.466,0.06094251687725514,1.2010637267216533
66,40,-0.004,1.132,0.051,-0.466,1,1.0,0.018,1.319,0.041,-0.578,0.06094251687725514,1.2010637267216533
66,41,0.018,1.319,0.041,-0.578,1,1.0,0.045,1.506,0.03,-0.691,0.06094251687725514,1.2010637267216533
66,42,0.045,1.506,0.03,-0.691,1,1.0,0.075,1.693,0.016,-0.805,0.06094251687725514,1.2010637267216533
66,43,0.075,1.693,0.016,-0.805,0,1.0,0.109,1.506,-0.0,-0.685,0.06094251687725514,1.2010637267216533
66,44,0.109,1.506,-0.0,-0.685,1,1.0,0.139,1.693,-0.014,-0.803,0.06094251687725514,1.2010637267216533
66,45,0.139,1.693,-0.014,-0.803,0,1.0,0.173,1.506,-0.03,-0.687,0.06094251687725514,1.2010637267216533
66,46,0.173,1.506,-0.03,-0.687,1,1.0,0.203,1.693,-0.044,-0.809,0.06094251687725514,1.2010637267216533
66,47,0.203,1.693,-0.044,-0.809,0,1.0,0.237,1.506,-0.06,-0.696,0.06094251687725514,1.2010637267216533
66,48,0.237,1.506,-0.06,-0.696,0,1.0,0.267,1.319,-0.074,-0.586,0.06094251687725514,1.2010637267216533
66,49,0.267,1.319,-0.074,-0.586,0,1.0,0.293,1.132,-0.086,-0.477,0.06094251687725514,1.2010637267216533
66,50,0.293,1.132,-0.086,-0.477,1,1.0,0.316,1.32,-0.095,-0.606,0.06094251687725514,1.2010637267216533
66,51,0.316,1.32,-0.095,-0.606,0,1.0,0.342,1.133,-0.107,-0.5,0.06094251687725514,1.2010637267216533
66,52,0.342,1.133,-0.107,-0.5,0,1.0,0.365,0.947,-0.117,-0.396,0.06094251687725514,1.2010637267216533
66,53,0.365,0.947,-0.117,-0.396,1,1.0,0.384,1.135,-0.125,-0.528,0.06094251687725514,1.2010637267216533
66,54,0.384,1.135,-0.125,-0.528,0,1.0,0.407,0.948,-0.136,-0.427,0.06094251687725514,1.2010637267216533
66,55,0.407,0.948,-0.136,-0.427,0,1.0,0.426,0.762,-0.144,-0.327,0.06094251687725514,1.2010637267216533
66,56,0.426,0.762,-0.144,-0.327,1,1.0,0.441,0.95,-0.151,-0.462,0.06094251687725514,1.2010637267216533
66,57,0.441,0.95,-0.151,-0.462,0,1.0,0.46,0.763,-0.16,-0.365,0.06094251687725514,1.2010637267216533
66,58,0.46,0.763,-0.16,-0.365,0,1.0,0.475,0.577,-0.167,-0.268,0.06094251687725514,1.2010637267216533
66,59,0.475,0.577,-0.167,-0.268,0,1.0,0.487,0.391,-0.173,-0.173,0.06094251687725514,1.2010637267216533
66,60,0.487,0.391,-0.173,-0.173,1,1.0,0.494,0.579,-0.176,-0.311,0.06094251687725514,1.2010637267216533
66,61,0.494,0.579,-0.176,-0.311,0,1.0,0.506,0.393,-0.182,-0.217,0.06094251687725514,1.2010637267216533
66,62,0.506,0.393,-0.182,-0.217,1,1.0,0.514,0.581,-0.187,-0.356,0.06094251687725514,1.2010637267216533
66,63,0.514,0.581,-0.187,-0.356,0,1.0,0.526,0.395,-0.194,-0.264,0.06094251687725514,1.2010637267216533
66,64,0.526,0.395,-0.194,-0.264,1,1.0,0.533,0.583,-0.199,-0.404,0.06094251687725514,1.2010637267216533
66,65,0.533,0.583,-0.199,-0.404,1,1.0,0.545,0.771,-0.207,-0.546,0.06094251687725514,1.2010637267216533
66,66,0.545,0.771,-0.207,-0.546,1,1.0,0.561,0.959,-0.218,-0.687,0.06094251687725514,1.2010637267216533
67,0,-0.009,-0.037,0.001,-0.02,1,1.0,-0.009,0.153,0.001,-0.215,0.05505478197366063,0.7277451834527079
67,1,-0.009,0.153,0.001,-0.215,1,1.0,-0.006,0.344,-0.003,-0.409,0.05505478197366063,0.7277451834527079
67,2,-0.006,0.344,-0.003,-0.409,0,1.0,0.001,0.153,-0.011,-0.215,0.05505478197366063,0.7277451834527079
67,3,0.001,0.153,-0.011,-0.215,0,1.0,0.004,-0.037,-0.016,-0.023,0.05505478197366063,0.7277451834527079
67,4,0.004,-0.037,-0.016,-0.023,0,1.0,0.003,-0.228,-0.016,0.168,0.05505478197366063,0.7277451834527079
67,5,0.003,-0.228,-0.016,0.168,0,1.0,-0.002,-0.418,-0.013,0.36,0.05505478197366063,0.7277451834527079
67,6,-0.002,-0.418,-0.013,0.36,0,1.0,-0.01,-0.609,-0.006,0.552,0.05505478197366063,0.7277451834527079
67,7,-0.01,-0.609,-0.006,0.552,0,1.0,-0.022,-0.799,0.005,0.745,0.05505478197366063,0.7277451834527079
67,8,-0.022,-0.799,0.005,0.745,1,1.0,-0.038,-0.609,0.02,0.552,0.05505478197366063,0.7277451834527079
67,9,-0.038,-0.609,0.02,0.552,1,1.0,-0.05,-0.418,0.031,0.361,0.05505478197366063,0.7277451834527079
67,10,-0.05,-0.418,0.031,0.361,1,1.0,-0.059,-0.228,0.039,0.173,0.05505478197366063,0.7277451834527079
67,11,-0.059,-0.228,0.039,0.173,0,1.0,-0.063,-0.419,0.042,0.376,0.05505478197366063,0.7277451834527079
67,12,-0.063,-0.419,0.042,0.376,0,1.0,-0.072,-0.61,0.049,0.579,0.05505478197366063,0.7277451834527079
67,13,-0.072,-0.61,0.049,0.579,1,1.0,-0.084,-0.42,0.061,0.395,0.05505478197366063,0.7277451834527079
67,14,-0.084,-0.42,0.061,0.395,1,1.0,-0.092,-0.23,0.069,0.214,0.05505478197366063,0.7277451834527079
67,15,-0.092,-0.23,0.069,0.214,1,1.0,-0.097,-0.04,0.073,0.034,0.05505478197366063,0.7277451834527079
67,16,-0.097,-0.04,0.073,0.034,0,1.0,-0.098,-0.231,0.074,0.243,0.05505478197366063,0.7277451834527079
67,17,-0.098,-0.231,0.074,0.243,0,1.0,-0.102,-0.422,0.079,0.453,0.05505478197366063,0.7277451834527079
67,18,-0.102,-0.422,0.079,0.453,0,1.0,-0.111,-0.614,0.088,0.663,0.05505478197366063,0.7277451834527079
67,19,-0.111,-0.614,0.088,0.663,1,1.0,-0.123,-0.424,0.101,0.488,0.05505478197366063,0.7277451834527079
67,20,-0.123,-0.424,0.101,0.488,1,1.0,-0.131,-0.234,0.111,0.315,0.05505478197366063,0.7277451834527079
67,21,-0.131,-0.234,0.111,0.315,1,1.0,-0.136,-0.045,0.117,0.145,0.05505478197366063,0.7277451834527079
67,22,-0.136,-0.045,0.117,0.145,1,1.0,-0.137,0.145,0.12,-0.023,0.05505478197366063,0.7277451834527079
67,23,-0.137,0.145,0.12,-0.023,1,1.0,-0.134,0.334,0.12,-0.192,0.05505478197366063,0.7277451834527079
67,24,-0.134,0.334,0.12,-0.192,1,1.0,-0.127,0.523,0.116,-0.36,0.05505478197366063,0.7277451834527079
67,25,-0.127,0.523,0.116,-0.36,0,1.0,-0.117,0.332,0.109,-0.142,0.05505478197366063,0.7277451834527079
67,26,-0.117,0.332,0.109,-0.142,0,1.0,-0.11,0.14,0.106,0.074,0.05505478197366063,0.7277451834527079
67,27,-0.11,0.14,0.106,0.074,0,1.0,-0.108,-0.051,0.107,0.29,0.05505478197366063,0.7277451834527079
67,28,-0.108,-0.051,0.107,0.29,0,1.0,-0.109,-0.243,0.113,0.506,0.05505478197366063,0.7277451834527079
67,29,-0.109,-0.243,0.113,0.506,1,1.0,-0.113,-0.053,0.123,0.336,0.05505478197366063,0.7277451834527079
67,30,-0.113,-0.053,0.123,0.336,0,1.0,-0.114,-0.245,0.13,0.555,0.05505478197366063,0.7277451834527079
67,31,-0.114,-0.245,0.13,0.555,1,1.0,-0.119,-0.056,0.141,0.389,0.05505478197366063,0.7277451834527079
67,32,-0.119,-0.056,0.141,0.389,0,1.0,-0.12,-0.247,0.149,0.611,0.05505478197366063,0.7277451834527079
67,33,-0.12,-0.247,0.149,0.611,0,1.0,-0.125,-0.439,0.161,0.834,0.05505478197366063,0.7277451834527079
67,34,-0.125,-0.439,0.161,0.834,1,1.0,-0.134,-0.25,0.178,0.676,0.05505478197366063,0.7277451834527079
67,35,-0.134,-0.25,0.178,0.676,1,1.0,-0.139,-0.061,0.191,0.521,0.05505478197366063,0.7277451834527079
67,36,-0.139,-0.061,0.191,0.521,0,1.0,-0.14,-0.254,0.202,0.752,0.05505478197366063,0.7277451834527079
67,37,-0.14,-0.254,0.202,0.752,1,1.0,-0.146,-0.065,0.217,0.603,0.05505478197366063,0.7277451834527079
68,0,-0.002,0.035,0.017,0.013,0,1.0,-0.001,-0.172,0.018,0.561,0.16323115874187813,0.2848346616556774
68,1,-0.001,-0.172,0.018,0.561,1,1.0,-0.004,0.034,0.029,0.033,0.16323115874187813,0.2848346616556774
68,2,-0.004,0.034,0.029,0.033,1,1.0,-0.004,0.239,0.029,-0.489,0.16323115874187813,0.2848346616556774
68,3,-0.004,0.239,0.029,-0.489,1,1.0,0.001,0.445,0.02,-1.01,0.16323115874187813,0.2848346616556774
68,4,0.001,0.445,0.02,-1.01,1,1.0,0.01,0.651,-0.0,-1.537,0.16323115874187813,0.2848346616556774
68,5,0.01,0.651,-0.0,-1.537,1,1.0,0.023,0.857,-0.031,-2.076,0.16323115874187813,0.2848346616556774
68,6,0.023,0.857,-0.031,-2.076,0,1.0,0.04,0.651,-0.073,-1.556,0.16323115874187813,0.2848346616556774
68,7,0.04,0.651,-0.073,-1.556,0,1.0,0.053,0.447,-0.104,-1.06,0.16323115874187813,0.2848346616556774
68,8,0.053,0.447,-0.104,-1.06,1,1.0,0.062,0.656,-0.125,-1.655,0.16323115874187813,0.2848346616556774
68,9,0.062,0.656,-0.125,-1.655,0,1.0,0.075,0.453,-0.158,-1.193,0.16323115874187813,0.2848346616556774
68,10,0.075,0.453,-0.158,-1.193,1,1.0,0.084,0.662,-0.182,-1.814,0.16323115874187813,0.2848346616556774
68,11,0.084,0.662,-0.182,-1.814,1,1.0,0.098,0.872,-0.218,-2.445,0.16323115874187813,0.2848346616556774
69,0,0.008,0.003,0.036,0.023,0,1.0,0.008,-0.183,0.037,0.11,0.14330335172663294,1.8075969481187537
69,1,0.008,-0.183,0.037,0.11,1,1.0,0.004,0.002,0.039,0.03,0.14330335172663294,1.8075969481187537
69,2,0.004,0.002,0.039,0.03,0,1.0,0.004,-0.183,0.04,0.117,0.14330335172663294,1.8075969481187537
69,3,0.004,-0.183,0.04,0.117,1,1.0,0.001,0.002,0.042,0.037,0.14330335172663294,1.8075969481187537
69,4,0.001,0.002,0.042,0.037,0,1.0,0.001,-0.184,0.043,0.125,0.14330335172663294,1.8075969481187537
69,5,0.001,-0.184,0.043,0.125,0,1.0,-0.003,-0.37,0.045,0.212,0.14330335172663294,1.8075969481187537
69,6,-0.003,-0.37,0.045,0.212,1,1.0,-0.01,-0.184,0.05,0.132,0.14330335172663294,1.8075969481187537
69,7,-0.01,-0.184,0.05,0.132,0,1.0,-0.014,-0.37,0.052,0.22,0.14330335172663294,1.8075969481187537
69,8,-0.014,-0.37,0.052,0.22,1,1.0,-0.021,-0.184,0.057,0.142,0.14330335172663294,1.8075969481187537
69,9,-0.021,-0.184,0.057,0.142,0,1.0,-0.025,-0.37,0.059,0.23,0.14330335172663294,1.8075969481187537
69,10,-0.025,-0.37,0.059,0.23,1,1.0,-0.032,-0.185,0.064,0.152,0.14330335172663294,1.8075969481187537
69,11,-0.032,-0.185,0.064,0.152,0,1.0,-0.036,-0.371,0.067,0.241,0.14330335172663294,1.8075969481187537
69,12,-0.036,-0.371,0.067,0.241,1,1.0,-0.044,-0.185,0.072,0.164,0.14330335172663294,1.8075969481187537
69,13,-0.044,-0.185,0.072,0.164,1,1.0,-0.047,-0.0,0.075,0.087,0.14330335172663294,1.8075969481187537
69,14,-0.047,-0.0,0.075,0.087,0,1.0,-0.047,-0.186,0.077,0.177,0.14330335172663294,1.8075969481187537
69,15,-0.047,-0.186,0.077,0.177,1,1.0,-0.051,-0.001,0.081,0.101,0.14330335172663294,1.8075969481187537
69,16,-0.051,-0.001,0.081,0.101,0,1.0,-0.051,-0.187,0.083,0.191,0.14330335172663294,1.8075969481187537
69,17,-0.051,-0.187,0.083,0.191,1,1.0,-0.055,-0.001,0.086,0.115,0.14330335172663294,1.8075969481187537
69,18,-0.055,-0.001,0.086,0.115,1,1.0,-0.055,0.184,0.089,0.04,0.14330335172663294,1.8075969481187537
69,19,-0.055,0.184,0.089,0.04,1,1.0,-0.051,0.369,0.089,-0.035,0.14330335172663294,1.8075969481187537
69,20,-0.051,0.369,0.089,-0.035,0,1.0,-0.044,0.183,0.089,0.056,0.14330335172663294,1.8075969481187537
69,21,-0.044,0.183,0.089,0.056,1,1.0,-0.04,0.368,0.09,-0.019,0.14330335172663294,1.8075969481187537
69,22,-0.04,0.368,0.09,-0.019,0,1.0,-0.033,0.182,0.09,0.072,0.14330335172663294,1.8075969481187537
69,23,-0.033,0.182,0.09,0.072,1,1.0,-0.029,0.368,0.091,-0.003,0.14330335172663294,1.8075969481187537
69,24,-0.029,0.368,0.091,-0.003,1,1.0,-0.022,0.553,0.091,-0.078,0.14330335172663294,1.8075969481187537
69,25,-0.022,0.553,0.091,-0.078,1,1.0,-0.011,0.738,0.089,-0.153,0.14330335172663294,1.8075969481187537
69,26,-0.011,0.738,0.089,-0.153,0,1.0,0.004,0.552,0.086,-0.062,0.14330335172663294,1.8075969481187537
69,27,0.004,0.552,0.086,-0.062,1,1.0,0.015,0.737,0.085,-0.137,0.14330335172663294,1.8075969481187537
69,28,0.015,0.737,0.085,-0.137,1,1.0,0.03,0.922,0.082,-0.213,0.14330335172663294,1.8075969481187537
69,29,0.03,0.922,0.082,-0.213,0,1.0,0.048,0.737,0.078,-0.122,0.14330335172663294,1.8075969481187537
69,30,0.048,0.737,0.078,-0.122,1,1.0,0.063,0.922,0.076,-0.199,0.14330335172663294,1.8075969481187537
69,31,0.063,0.922,0.076,-0.199,1,1.0,0.082,1.107,0.072,-0.275,0.14330335172663294,1.8075969481187537
69,32,0.082,1.107,0.072,-0.275,1,1.0,0.104,1.292,0.066,-0.352,0.14330335172663294,1.8075969481187537
69,33,0.104,1.292,0.066,-0.352,0,1.0,0.13,1.107,0.059,-0.263,0.14330335172663294,1.8075969481187537
69,34,0.13,1.107,0.059,-0.263,0,1.0,0.152,0.921,0.054,-0.174,0.14330335172663294,1.8075969481187537
69,35,0.152,0.921,0.054,-0.174,0,1.0,0.17,0.735,0.05,-0.086,0.14330335172663294,1.8075969481187537
69,36,0.17,0.735,0.05,-0.086,1,1.0,0.185,0.92,0.049,-0.165,0.14330335172663294,1.8075969481187537
69,37,0.185,0.92,0.049,-0.165,1,1.0,0.203,1.106,0.045,-0.244,0.14330335172663294,1.8075969481187537
69,38,0.203,1.106,0.045,-0.244,0,1.0,0.225,0.92,0.04,-0.156,0.14330335172663294,1.8075969481187537
69,39,0.225,0.92,0.04,-0.156,0,1.0,0.244,0.734,0.037,-0.069,0.14330335172663294,1.8075969481187537
69,40,0.244,0.734,0.037,-0.069,1,1.0,0.258,0.92,0.036,-0.149,0.14330335172663294,1.8075969481187537
69,41,0.258,0.92,0.036,-0.149,1,1.0,0.277,1.105,0.033,-0.229,0.14330335172663294,1.8075969481187537
69,42,0.277,1.105,0.033,-0.229,1,1.0,0.299,1.291,0.028,-0.31,0.14330335172663294,1.8075969481187537
69,43,0.299,1.291,0.028,-0.31,1,1.0,0.325,1.476,0.022,-0.391,0.14330335172663294,1.8075969481187537
69,44,0.325,1.476,0.022,-0.391,1,1.0,0.354,1.662,0.014,-0.473,0.14330335172663294,1.8075969481187537
69,45,0.354,1.662,0.014,-0.473,1,1.0,0.387,1.847,0.005,-0.555,0.14330335172663294,1.8075969481187537
69,46,0.387,1.847,0.005,-0.555,1,1.0,0.424,2.033,-0.006,-0.638,0.14330335172663294,1.8075969481187537
69,47,0.424,2.033,-0.006,-0.638,1,1.0,0.465,2.218,-0.019,-0.722,0.14330335172663294,1.8075969481187537
69,48,0.465,2.218,-0.019,-0.722,1,1.0,0.509,2.404,-0.033,-0.807,0.14330335172663294,1.8075969481187537
69,49,0.509,2.404,-0.033,-0.807,1,1.0,0.558,2.59,-0.05,-0.894,0.14330335172663294,1.8075969481187537
69,50,0.558,2.59,-0.05,-0.894,1,1.0,0.609,2.776,-0.067,-0.982,0.14330335172663294,1.8075969481187537
69,51,0.609,2.776,-0.067,-0.982,1,1.0,0.665,2.961,-0.087,-1.071,0.14330335172663294,1.8075969481187537
69,52,0.665,2.961,-0.087,-1.071,1,1.0,0.724,3.147,-0.108,-1.162,0.14330335172663294,1.8075969481187537
69,53,0.724,3.147,-0.108,-1.162,1,1.0,0.787,3.333,-0.132,-1.255,0.14330335172663294,1.8075969481187537
69,54,0.787,3.333,-0.132,-1.255,0,1.0,0.854,3.148,-0.157,-1.184,0.14330335172663294,1.8075969481187537
69,55,0.854,3.148,-0.157,-1.184,1,1.0,0.917,3.334,-0.18,-1.28,0.14330335172663294,1.8075969481187537
69,56,0.917,3.334,-0.18,-1.28,0,1.0,0.983,3.149,-0.206,-1.214,0.14330335172663294,1.8075969481187537
69,57,0.983,3.149,-0.206,-1.214,1,1.0,1.046,3.335,-0.23,-1.314,0.14330335172663294,1.8075969481187537
70,0,-0.012,0.022,-0.018,0.047,0,1.0,-0.011,-0.175,-0.017,0.389,0.6624936831395084,0.7113031322267719
70,1,-0.011,-0.175,-0.017,0.389,0,1.0,-0.015,-0.372,-0.009,0.732,0.6624936831395084,0.7113031322267719
70,2,-0.015,-0.372,-0.009,0.732,1,1.0,-0.022,-0.175,0.006,0.379,0.6624936831395084,0.7113031322267719
70,3,-0.022,-0.175,0.006,0.379,0,1.0,-0.026,-0.372,0.013,0.731,0.6624936831395084,0.7113031322267719
70,4,-0.026,-0.372,0.013,0.731,0,1.0,-0.033,-0.57,0.028,1.086,0.6624936831395084,0.7113031322267719
70,5,-0.033,-0.57,0.028,1.086,1,1.0,-0.045,-0.373,0.05,0.747,0.6624936831395084,0.7113031322267719
70,6,-0.045,-0.373,0.05,0.747,0,1.0,-0.052,-0.572,0.064,1.114,0.6624936831395084,0.7113031322267719
70,7,-0.052,-0.572,0.064,1.114,0,1.0,-0.064,-0.77,0.087,1.486,0.6624936831395084,0.7113031322267719
70,8,-0.064,-0.77,0.087,1.486,1,1.0,-0.079,-0.574,0.116,1.172,0.6624936831395084,0.7113031322267719
70,9,-0.079,-0.574,0.116,1.172,1,1.0,-0.091,-0.378,0.14,0.871,0.6624936831395084,0.7113031322267719
70,10,-0.091,-0.378,0.14,0.871,0,1.0,-0.098,-0.578,0.157,1.264,0.6624936831395084,0.7113031322267719
70,11,-0.098,-0.578,0.157,1.264,0,1.0,-0.11,-0.777,0.183,1.659,0.6624936831395084,0.7113031322267719
70,12,-0.11,-0.777,0.183,1.659,0,1.0,-0.125,-0.976,0.216,2.06,0.6624936831395084,0.7113031322267719
71,0,-0.025,0.003,0.026,0.013,0,1.0,-0.025,-0.205,0.026,0.594,0.101516037315209,0.2595372644863228
71,1,-0.025,-0.205,0.026,0.594,0,1.0,-0.029,-0.414,0.038,1.174,0.101516037315209,0.2595372644863228
71,2,-0.029,-0.414,0.038,1.174,0,1.0,-0.037,-0.622,0.062,1.761,0.101516037315209,0.2595372644863228
71,3,-0.037,-0.622,0.062,1.761,1,1.0,-0.049,-0.416,0.097,1.235,0.101516037315209,0.2595372644863228
71,4,-0.049,-0.416,0.097,1.235,1,1.0,-0.058,-0.211,0.122,0.732,0.101516037315209,0.2595372644863228
71,5,-0.058,-0.211,0.122,0.732,1,1.0,-0.062,-0.008,0.136,0.246,0.101516037315209,0.2595372644863228
71,6,-0.062,-0.008,0.136,0.246,1,1.0,-0.062,0.196,0.141,-0.23,0.101516037315209,0.2595372644863228
71,7,-0.062,0.196,0.141,-0.23,1,1.0,-0.058,0.399,0.137,-0.703,0.101516037315209,0.2595372644863228
71,8,-0.058,0.399,0.137,-0.703,1,1.0,-0.05,0.602,0.123,-1.179,0.101516037315209,0.2595372644863228
71,9,-0.05,0.602,0.123,-1.179,0,1.0,-0.038,0.392,0.099,-0.545,0.101516037315209,0.2595372644863228
71,10,-0.038,0.392,0.099,-0.545,1,1.0,-0.03,0.596,0.088,-1.047,0.101516037315209,0.2595372644863228
71,11,-0.03,0.596,0.088,-1.047,1,1.0,-0.018,0.801,0.067,-1.555,0.101516037315209,0.2595372644863228
71,12,-0.018,0.801,0.067,-1.555,0,1.0,-0.002,0.592,0.036,-0.952,0.101516037315209,0.2595372644863228
71,13,-0.002,0.592,0.036,-0.952,0,1.0,0.009,0.384,0.017,-0.366,0.101516037315209,0.2595372644863228
71,14,0.009,0.384,0.017,-0.366,1,1.0,0.017,0.591,0.01,-0.92,0.101516037315209,0.2595372644863228
71,15,0.017,0.591,0.01,-0.92,1,1.0,0.029,0.798,-0.009,-1.479,0.101516037315209,0.2595372644863228
71,16,0.029,0.798,-0.009,-1.479,0,1.0,0.045,0.591,-0.038,-0.92,0.101516037315209,0.2595372644863228
71,17,0.045,0.591,-0.038,-0.92,0,1.0,0.057,0.384,-0.057,-0.379,0.101516037315209,0.2595372644863228
71,18,0.057,0.384,-0.057,-0.379,1,1.0,0.064,0.593,-0.064,-0.977,0.101516037315209,0.2595372644863228
71,19,0.064,0.593,-0.064,-0.977,0,1.0,0.076,0.388,-0.084,-0.453,0.101516037315209,0.2595372644863228
71,20,0.076,0.388,-0.084,-0.453,1,1.0,0.084,0.597,-0.093,-1.066,0.101516037315209,0.2595372644863228
71,21,0.084,0.597,-0.093,-1.066,1,1.0,0.096,0.807,-0.114,-1.684,0.101516037315209,0.2595372644863228
71,22,0.096,0.807,-0.114,-1.684,1,1.0,0.112,1.017,-0.148,-2.312,0.101516037315209,0.2595372644863228
71,23,0.112,1.017,-0.148,-2.312,1,1.0,0.132,1.227,-0.194,-2.957,0.101516037315209,0.2595372644863228
71,24,0.132,1.227,-0.194,-2.957,0,1.0,0.157,1.024,-0.253,-2.517,0.101516037315209,0.2595372644863228
72,0,0.034,-0.049,-0.027,-0.039,1,1.0,0.033,0.143,-0.028,-0.268,0.02991921229813889,0.6251069830910954
72,1,0.033,0.143,-0.028,-0.268,1,1.0,0.036,0.335,-0.033,-0.497,0.02991921229813889,0.6251069830910954
72,2,0.036,0.335,-0.033,-0.497,1,1.0,0.042,0.527,-0.043,-0.727,0.02991921229813889,0.6251069830910954
72,3,0.042,0.527,-0.043,-0.727,1,1.0,0.053,0.72,-0.057,-0.96,0.02991921229813889,0.6251069830910954
72,4,0.053,0.72,-0.057,-0.96,0,1.0,0.067,0.528,-0.077,-0.751,0.02991921229813889,0.6251069830910954
72,5,0.067,0.528,-0.077,-0.751,1,1.0,0.078,0.721,-0.092,-0.992,0.02991921229813889,0.6251069830910954
72,6,0.078,0.721,-0.092,-0.992,1,1.0,0.092,0.914,-0.112,-1.235,0.02991921229813889,0.6251069830910954
72,7,0.092,0.914,-0.112,-1.235,0,1.0,0.111,0.723,-0.136,-1.041,0.02991921229813889,0.6251069830910954
72,8,0.111,0.723,-0.136,-1.041,0,1.0,0.125,0.533,-0.157,-0.853,0.02991921229813889,0.6251069830910954
72,9,0.125,0.533,-0.157,-0.853,0,1.0,0.136,0.343,-0.174,-0.67,0.02991921229813889,0.6251069830910954
72,10,0.136,0.343,-0.174,-0.67,0,1.0,0.143,0.153,-0.188,-0.492,0.02991921229813889,0.6251069830910954
72,11,0.143,0.153,-0.188,-0.492,1,1.0,0.146,0.346,-0.197,-0.756,0.02991921229813889,0.6251069830910954
72,12,0.146,0.346,-0.197,-0.756,0,1.0,0.153,0.157,-0.212,-0.584,0.02991921229813889,0.6251069830910954
73,0,-0.001,-0.02,-0.023,0.049,1,1.0,-0.001,0.177,-0.022,-0.276,0.16216840582104414,0.48436132700655077
73,1,-0.001,0.177,-0.022,-0.276,0,1.0,0.002,-0.019,-0.028,0.033,0.16216840582104414,0.48436132700655077
73,2,0.002,-0.019,-0.028,0.033,0,1.0,0.002,-0.215,-0.027,0.34,0.16216840582104414,0.48436132700655077
73,3,0.002,-0.215,-0.027,0.34,0,1.0,-0.002,-0.411,-0.02,0.647,0.16216840582104414,0.48436132700655077
73,4,-0.002,-0.411,-0.02,0.647,1,1.0,-0.01,-0.214,-0.007,0.324,0.16216840582104414,0.48436132700655077
73,5,-0.01,-0.214,-0.007,0.324,0,1.0,-0.015,-0.41,-0.001,0.638,0.16216840582104414,0.48436132700655077
73,6,-0.015,-0.41,-0.001,0.638,0,1.0,-0.023,-0.606,0.012,0.954,0.16216840582104414,0.48436132700655077
73,7,-0.023,-0.606,0.012,0.954,1,1.0,-0.035,-0.41,0.031,0.642,0.16216840582104414,0.48436132700655077
73,8,-0.035,-0.41,0.031,0.642,1,1.0,-0.043,-0.215,0.044,0.336,0.16216840582104414,0.48436132700655077
73,9,-0.043,-0.215,0.044,0.336,1,1.0,-0.048,-0.019,0.051,0.035,0.16216840582104414,0.48436132700655077
73,10,-0.048,-0.019,0.051,0.035,0,1.0,-0.048,-0.216,0.051,0.368,0.16216840582104414,0.48436132700655077
73,11,-0.048,-0.216,0.051,0.368,1,1.0,-0.052,-0.021,0.059,0.069,0.16216840582104414,0.48436132700655077
73,12,-0.052,-0.021,0.059,0.069,0,1.0,-0.053,-0.218,0.06,0.405,0.16216840582104414,0.48436132700655077
73,13,-0.053,-0.218,0.06,0.405,1,1.0,-0.057,-0.022,0.068,0.11,0.16216840582104414,0.48436132700655077
73,14,-0.057,-0.022,0.068,0.11,0,1.0,-0.057,-0.22,0.07,0.449,0.16216840582104414,0.48436132700655077
73,15,-0.057,-0.22,0.07,0.449,1,1.0,-0.062,-0.025,0.079,0.157,0.16216840582104414,0.48436132700655077
73,16,-0.062,-0.025,0.079,0.157,0,1.0,-0.062,-0.222,0.082,0.499,0.16216840582104414,0.48436132700655077
73,17,-0.062,-0.222,0.082,0.499,1,1.0,-0.067,-0.027,0.092,0.212,0.16216840582104414,0.48436132700655077
73,18,-0.067,-0.027,0.092,0.212,1,1.0,-0.067,0.168,0.097,-0.071,0.16216840582104414,0.48436132700655077
73,19,-0.067,0.168,0.097,-0.071,1,1.0,-0.064,0.362,0.095,-0.353,0.16216840582104414,0.48436132700655077
73,20,-0.064,0.362,0.095,-0.353,1,1.0,-0.057,0.557,0.088,-0.635,0.16216840582104414,0.48436132700655077
73,21,-0.057,0.557,0.088,-0.635,1,1.0,-0.046,0.752,0.075,-0.92,0.16216840582104414,0.48436132700655077
73,22,-0.046,0.752,0.075,-0.92,0,1.0,-0.031,0.554,0.057,-0.579,0.16216840582104414,0.48436132700655077
73,23,-0.031,0.554,0.057,-0.579,1,1.0,-0.02,0.75,0.046,-0.876,0.16216840582104414,0.48436132700655077
73,24,-0.02,0.75,0.046,-0.876,0,1.0,-0.005,0.553,0.028,-0.544,0.16216840582104414,0.48436132700655077
73,25,-0.005,0.553,0.028,-0.544,0,1.0,0.007,0.356,0.017,-0.218,0.16216840582104414,0.48436132700655077
73,26,0.007,0.356,0.017,-0.218,1,1.0,0.014,0.552,0.013,-0.529,0.16216840582104414,0.48436132700655077
73,27,0.014,0.552,0.013,-0.529,1,1.0,0.025,0.748,0.002,-0.841,0.16216840582104414,0.48436132700655077
73,28,0.025,0.748,0.002,-0.841,0,1.0,0.04,0.552,-0.015,-0.524,0.16216840582104414,0.48436132700655077
73,29,0.04,0.552,-0.015,-0.524,1,1.0,0.051,0.748,-0.025,-0.845,0.16216840582104414,0.48436132700655077
73,30,0.051,0.748,-0.025,-0.845,0,1.0,0.066,0.552,-0.042,-0.537,0.16216840582104414,0.48436132700655077
73,31,0.066,0.552,-0.042,-0.537,1,1.0,0.077,0.749,-0.053,-0.868,0.16216840582104414,0.48436132700655077
73,32,0.077,0.749,-0.053,-0.868,1,1.0,0.092,0.946,-0.07,-1.202,0.16216840582104414,0.48436132700655077
73,33,0.092,0.946,-0.07,-1.202,0,1.0,0.111,0.751,-0.094,-0.91,0.16216840582104414,0.48436132700655077
73,34,0.111,0.751,-0.094,-0.91,0,1.0,0.126,0.556,-0.112,-0.627,0.16216840582104414,0.48436132700655077
73,35,0.126,0.556,-0.112,-0.627,0,1.0,0.137,0.362,-0.125,-0.351,0.16216840582104414,0.48436132700655077
73,36,0.137,0.362,-0.125,-0.351,1,1.0,0.144,0.56,-0.132,-0.707,0.16216840582104414,0.48436132700655077
73,37,0.144,0.56,-0.132,-0.707,1,1.0,0.155,0.758,-0.146,-1.065,0.16216840582104414,0.48436132700655077
73,38,0.155,0.758,-0.146,-1.065,1,1.0,0.17,0.956,-0.167,-1.426,0.16216840582104414,0.48436132700655077
73,39,0.17,0.956,-0.167,-1.426,0,1.0,0.189,0.762,-0.196,-1.172,0.16216840582104414,0.48436132700655077
73,40,0.189,0.762,-0.196,-1.172,0,1.0,0.205,0.569,-0.219,-0.928,0.16216840582104414,0.48436132700655077
74,0,0.039,0.002,0.018,0.017,0,1.0,0.039,-0.189,0.018,0.222,0.09097399449492073,0.7220456982231811
74,1,0.039,-0.189,0.018,0.222,1,1.0,0.036,0.002,0.022,0.025,0.09097399449492073,0.7220456982231811
74,2,0.036,0.002,0.022,0.025,1,1.0,0.036,0.192,0.023,-0.172,0.09097399449492073,0.7220456982231811
74,3,0.036,0.192,0.023,-0.172,0,1.0,0.04,0.001,0.019,0.034,0.09097399449492073,0.7220456982231811
74,4,0.04,0.001,0.019,0.034,0,1.0,0.04,-0.19,0.02,0.24,0.09097399449492073,0.7220456982231811
74,5,0.04,-0.19,0.02,0.24,0,1.0,0.036,-0.381,0.025,0.446,0.09097399449492073,0.7220456982231811
74,6,0.036,-0.381,0.025,0.446,0,1.0,0.028,-0.572,0.034,0.652,0.09097399449492073,0.7220456982231811
74,7,0.028,-0.572,0.034,0.652,1,1.0,0.017,-0.382,0.047,0.459,0.09097399449492073,0.7220456982231811
74,8,0.017,-0.382,0.047,0.459,0,1.0,0.009,-0.573,0.056,0.67,0.09097399449492073,0.7220456982231811
74,9,0.009,-0.573,0.056,0.67,1,1.0,-0.002,-0.383,0.069,0.481,0.09097399449492073,0.7220456982231811
74,10,-0.002,-0.383,0.069,0.481,0,1.0,-0.01,-0.574,0.079,0.697,0.09097399449492073,0.7220456982231811
74,11,-0.01,-0.574,0.079,0.697,1,1.0,-0.021,-0.384,0.093,0.513,0.09097399449492073,0.7220456982231811
74,12,-0.021,-0.384,0.093,0.513,1,1.0,-0.029,-0.194,0.103,0.333,0.09097399449492073,0.7220456982231811
74,13,-0.029,-0.194,0.103,0.333,0,1.0,-0.033,-0.386,0.11,0.556,0.09097399449492073,0.7220456982231811
74,14,-0.033,-0.386,0.11,0.556,0,1.0,-0.041,-0.578,0.121,0.779,0.09097399449492073,0.7220456982231811
74,15,-0.041,-0.578,0.121,0.779,0,1.0,-0.052,-0.77,0.137,1.005,0.09097399449492073,0.7220456982231811
74,16,-0.052,-0.77,0.137,1.005,1,1.0,-0.068,-0.58,0.157,0.835,0.09097399449492073,0.7220456982231811
74,17,-0.068,-0.58,0.157,0.835,1,1.0,-0.079,-0.391,0.173,0.67,0.09097399449492073,0.7220456982231811
74,18,-0.079,-0.391,0.173,0.67,1,1.0,-0.087,-0.202,0.187,0.51,0.09097399449492073,0.7220456982231811
74,19,-0.087,-0.202,0.187,0.51,0,1.0,-0.091,-0.394,0.197,0.747,0.09097399449492073,0.7220456982231811
74,20,-0.091,-0.394,0.197,0.747,1,1.0,-0.099,-0.205,0.212,0.593,0.09097399449492073,0.7220456982231811
75,0,-0.029,-0.035,0.016,0.018,0,1.0,-0.029,-0.253,0.017,0.811,0.11838477601777635,0.19053286189634075
75,1,-0.029,-0.253,0.017,0.811,0,1.0,-0.034,-0.47,0.033,1.603,0.11838477601777635,0.19053286189634075
75,2,-0.034,-0.47,0.033,1.603,0,1.0,-0.044,-0.689,0.065,2.408,0.11838477601777635,0.19053286189634075
75,3,-0.044,-0.689,0.065,2.408,0,1.0,-0.058,-0.908,0.113,3.238,0.11838477601777635,0.19053286189634075
75,4,-0.058,-0.908,0.113,3.238,0,1.0,-0.076,-1.127,0.178,4.101,0.11838477601777635,0.19053286189634075
75,5,-0.076,-1.127,0.178,4.101,1,1.0,-0.098,-0.915,0.26,3.474,0.11838477601777635,0.19053286189634075
76,0,0.031,0.049,0.018,0.022,1,1.0,0.032,0.238,0.019,-0.143,0.025047492879876305,0.8242933987226606
76,1,0.032,0.238,0.019,-0.143,1,1.0,0.036,0.427,0.016,-0.308,0.025047492879876305,0.8242933987226606
76,2,0.036,0.427,0.016,-0.308,0,1.0,0.045,0.238,0.01,-0.137,0.025047492879876305,0.8242933987226606
76,3,0.045,0.238,0.01,-0.137,0,1.0,0.05,0.048,0.007,0.033,0.025047492879876305,0.8242933987226606
76,4,0.05,0.048,0.007,0.033,1,1.0,0.051,0.237,0.008,-0.134,0.025047492879876305,0.8242933987226606
76,5,0.051,0.237,0.008,-0.134,1,1.0,0.055,0.427,0.005,-0.301,0.025047492879876305,0.8242933987226606
76,6,0.055,0.427,0.005,-0.301,0,1.0,0.064,0.237,-0.001,-0.131,0.025047492879876305,0.8242933987226606
76,7,0.064,0.237,-0.001,-0.131,0,1.0,0.069,0.048,-0.004,0.037,0.025047492879876305,0.8242933987226606
76,8,0.069,0.048,-0.004,0.037,0,1.0,0.07,-0.142,-0.003,0.204,0.025047492879876305,0.8242933987226606
76,9,0.07,-0.142,-0.003,0.204,0,1.0,0.067,-0.331,0.001,0.372,0.025047492879876305,0.8242933987226606
76,10,0.067,-0.331,0.001,0.372,0,1.0,0.06,-0.52,0.009,0.541,0.025047492879876305,0.8242933987226606
76,11,0.06,-0.52,0.009,0.541,0,1.0,0.05,-0.71,0.019,0.711,0.025047492879876305,0.8242933987226606
76,12,0.05,-0.71,0.019,0.711,0,1.0,0.036,-0.9,0.034,0.882,0.025047492879876305,0.8242933987226606
76,13,0.036,-0.9,0.034,0.882,1,1.0,0.018,-0.71,0.051,0.72,0.025047492879876305,0.8242933987226606
76,14,0.018,-0.71,0.051,0.72,1,1.0,0.003,-0.521,0.066,0.561,0.025047492879876305,0.8242933987226606
76,15,0.003,-0.521,0.066,0.561,0,1.0,-0.007,-0.711,0.077,0.741,0.025047492879876305,0.8242933987226606
76,16,-0.007,-0.711,0.077,0.741,0,1.0,-0.021,-0.901,0.092,0.923,0.025047492879876305,0.8242933987226606
76,17,-0.021,-0.901,0.092,0.923,0,1.0,-0.039,-1.091,0.11,1.107,0.025047492879876305,0.8242933987226606
76,18,-0.039,-1.091,0.11,1.107,1,1.0,-0.061,-0.903,0.132,0.96,0.025047492879876305,0.8242933987226606
76,19,-0.061,-0.903,0.132,0.96,1,1.0,-0.079,-0.714,0.151,0.817,0.025047492879876305,0.8242933987226606
76,20,-0.079,-0.714,0.151,0.817,0,1.0,-0.094,-0.905,0.168,1.01,0.025047492879876305,0.8242933987226606
76,21,-0.094,-0.905,0.168,1.01,1,1.0,-0.112,-0.717,0.188,0.874,0.025047492879876305,0.8242933987226606
76,22,-0.112,-0.717,0.188,0.874,0,1.0,-0.126,-0.907,0.206,1.074,0.025047492879876305,0.8242933987226606
76,23,-0.126,-0.907,0.206,1.074,0,1.0,-0.144,-1.098,0.227,1.275,0.025047492879876305,0.8242933987226606
77,0,0.029,0.005,-0.026,-0.017,1,1.0,0.029,0.209,-0.026,-0.492,0.10640046615729716,0.3173964772630564
77,1,0.029,0.209,-0.026,-0.492,0,1.0,0.033,0.006,-0.036,-0.042,0.10640046615729716,0.3173964772630564
77,2,0.033,0.006,-0.036,-0.042,1,1.0,0.033,0.21,-0.037,-0.523,0.10640046615729716,0.3173964772630564
77,3,0.033,0.21,-0.037,-0.523,1,1.0,0.037,0.414,-0.047,-1.004,0.10640046615729716,0.3173964772630564
77,4,0.037,0.414,-0.047,-1.004,0,1.0,0.045,0.212,-0.067,-0.565,0.10640046615729716,0.3173964772630564
77,5,0.045,0.212,-0.067,-0.565,1,1.0,0.05,0.416,-0.078,-1.06,0.10640046615729716,0.3173964772630564
77,6,0.05,0.416,-0.078,-1.06,0,1.0,0.058,0.215,-0.1,-0.638,0.10640046615729716,0.3173964772630564
77,7,0.058,0.215,-0.1,-0.638,0,1.0,0.062,0.015,-0.112,-0.227,0.10640046615729716,0.3173964772630564
77,8,0.062,0.015,-0.112,-0.227,0,1.0,0.063,-0.185,-0.117,0.177,0.10640046615729716,0.3173964772630564
77,9,0.063,-0.185,-0.117,0.177,0,1.0,0.059,-0.385,-0.113,0.579,0.10640046615729716,0.3173964772630564
77,10,0.059,-0.385,-0.113,0.579,1,1.0,0.051,-0.18,-0.102,0.062,0.10640046615729716,0.3173964772630564
77,11,0.051,-0.18,-0.102,0.062,0,1.0,0.048,-0.381,-0.101,0.472,0.10640046615729716,0.3173964772630564
77,12,0.048,-0.381,-0.101,0.472,1,1.0,0.04,-0.176,-0.091,-0.039,0.10640046615729716,0.3173964772630564
77,13,0.04,-0.176,-0.091,-0.039,0,1.0,0.036,-0.376,-0.092,0.377,0.10640046615729716,0.3173964772630564
77,14,0.036,-0.376,-0.092,0.377,0,1.0,0.029,-0.577,-0.084,0.792,0.10640046615729716,0.3173964772630564
77,15,0.029,-0.577,-0.084,0.792,1,1.0,0.017,-0.372,-0.069,0.289,0.10640046615729716,0.3173964772630564
77,16,0.017,-0.372,-0.069,0.289,1,1.0,0.01,-0.168,-0.063,-0.207,0.10640046615729716,0.3173964772630564
77,17,0.01,-0.168,-0.063,-0.207,0,1.0,0.007,-0.37,-0.067,0.224,0.10640046615729716,0.3173964772630564
77,18,0.007,-0.37,-0.067,0.224,0,1.0,-0.001,-0.571,-0.062,0.652,0.10640046615729716,0.3173964772630564
77,19,-0.001,-0.571,-0.062,0.652,1,1.0,-0.012,-0.367,-0.049,0.159,0.10640046615729716,0.3173964772630564
77,20,-0.012,-0.367,-0.049,0.159,1,1.0,-0.02,-0.163,-0.046,-0.328,0.10640046615729716,0.3173964772630564
77,21,-0.02,-0.163,-0.046,-0.328,1,1.0,-0.023,0.041,-0.053,-0.814,0.10640046615729716,0.3173964772630564
77,22,-0.023,0.041,-0.053,-0.814,1,1.0,-0.022,0.245,-0.069,-1.303,0.10640046615729716,0.3173964772630564
77,23,-0.022,0.245,-0.069,-1.303,0,1.0,-0.017,0.044,-0.095,-0.875,0.10640046615729716,0.3173964772630564
77,24,-0.017,0.044,-0.095,-0.875,0,1.0,-0.016,-0.157,-0.113,-0.461,0.10640046615729716,0.3173964772630564
77,25,-0.016,-0.157,-0.113,-0.461,1,1.0,-0.019,0.048,-0.122,-0.977,0.10640046615729716,0.3173964772630564
77,26,-0.019,0.048,-0.122,-0.977,0,1.0,-0.018,-0.152,-0.141,-0.578,0.10640046615729716,0.3173964772630564
77,27,-0.018,-0.152,-0.141,-0.578,0,1.0,-0.021,-0.351,-0.153,-0.191,0.10640046615729716,0.3173964772630564
77,28,-0.021,-0.351,-0.153,-0.191,1,1.0,-0.028,-0.145,-0.157,-0.724,0.10640046615729716,0.3173964772630564
77,29,-0.028,-0.145,-0.157,-0.724,0,1.0,-0.031,-0.344,-0.171,-0.344,0.10640046615729716,0.3173964772630564
77,30,-0.031,-0.344,-0.171,-0.344,1,1.0,-0.038,-0.138,-0.178,-0.885,0.10640046615729716,0.3173964772630564
77,31,-0.038,-0.138,-0.178,-0.885,0,1.0,-0.041,-0.336,-0.196,-0.518,0.10640046615729716,0.3173964772630564
77,32,-0.041,-0.336,-0.196,-0.518,1,1.0,-0.048,-0.13,-0.206,-1.068,0.10640046615729716,0.3173964772630564
77,33,-0.048,-0.13,-0.206,-1.068,0,1.0,-0.05,-0.328,-0.228,-0.717,0.10640046615729716,0.3173964772630564
78,0,-0.008,0.042,0.002,0.034,1,1.0,-0.007,0.252,0.002,-0.594,0.09566137121398946,0.23179473040518203
78,1,-0.007,0.252,0.002,-0.594,0,1.0,-0.002,0.041,-0.009,0.037,0.09566137121398946,0.23179473040518203
78,2,-0.002,0.041,-0.009,0.037,0,1.0,-0.001,-0.169,-0.009,0.66,0.09566137121398946,0.23179473040518203
78,3,-0.001,-0.169,-0.009,0.66,1,1.0,-0.005,0.042,0.005,0.024,0.09566137121398946,0.23179473040518203
78,4,-0.005,0.042,0.005,0.024,1,1.0,-0.004,0.252,0.005,-0.602,0.09566137121398946,0.23179473040518203
78,5,-0.004,0.252,0.005,-0.602,0,1.0,0.001,0.042,-0.007,0.031,0.09566137121398946,0.23179473040518203
78,6,0.001,0.042,-0.007,0.031,1,1.0,0.002,0.252,-0.006,-0.603,0.09566137121398946,0.23179473040518203
78,7,0.002,0.252,-0.006,-0.603,0,1.0,0.007,0.042,-0.018,0.022,0.09566137121398946,0.23179473040518203
78,8,0.007,0.042,-0.018,0.022,1,1.0,0.008,0.253,-0.018,-0.62,0.09566137121398946,0.23179473040518203
78,9,0.008,0.253,-0.018,-0.62,0,1.0,0.013,0.043,-0.03,-0.003,0.09566137121398946,0.23179473040518203
78,10,0.013,0.043,-0.03,-0.003,0,1.0,0.014,-0.166,-0.031,0.605,0.09566137121398946,0.23179473040518203
78,11,0.014,-0.166,-0.031,0.605,1,1.0,0.01,0.045,-0.018,-0.044,0.09566137121398946,0.23179473040518203
78,12,0.01,0.045,-0.018,-0.044,1,1.0,0.011,0.256,-0.019,-0.686,0.09566137121398946,0.23179473040518203
78,13,0.011,0.256,-0.019,-0.686,0,1.0,0.016,0.046,-0.033,-0.07,0.09566137121398946,0.23179473040518203
78,14,0.016,0.046,-0.033,-0.07,0,1.0,0.017,-0.163,-0.034,0.537,0.09566137121398946,0.23179473040518203
78,15,0.017,-0.163,-0.034,0.537,1,1.0,0.014,0.048,-0.024,-0.116,0.09566137121398946,0.23179473040518203
78,16,0.014,0.048,-0.024,-0.116,0,1.0,0.015,-0.161,-0.026,0.498,0.09566137121398946,0.23179473040518203
78,17,0.015,-0.161,-0.026,0.498,0,1.0,0.012,-0.371,-0.016,1.109,0.09566137121398946,0.23179473040518203
78,18,0.012,-0.371,-0.016,1.109,1,1.0,0.004,-0.16,0.006,0.469,0.09566137121398946,0.23179473040518203
78,19,0.004,-0.16,0.006,0.469,0,1.0,0.001,-0.371,0.016,1.102,0.09566137121398946,0.23179473040518203
78,20,0.001,-0.371,0.016,1.102,1,1.0,-0.006,-0.161,0.038,0.484,0.09566137121398946,0.23179473040518203
78,21,-0.006,-0.161,0.038,0.484,0,1.0,-0.009,-0.372,0.047,1.138,0.09566137121398946,0.23179473040518203
78,22,-0.009,-0.372,0.047,1.138,1,1.0,-0.017,-0.163,0.07,0.541,0.09566137121398946,0.23179473040518203
78,23,-0.017,-0.163,0.07,0.541,0,1.0,-0.02,-0.376,0.081,1.216,0.09566137121398946,0.23179473040518203
78,24,-0.02,-0.376,0.081,1.216,1,1.0,-0.028,-0.168,0.105,0.644,0.09566137121398946,0.23179473040518203
78,25,-0.028,-0.168,0.105,0.644,0,1.0,-0.031,-0.381,0.118,1.34,0.09566137121398946,0.23179473040518203
78,26,-0.031,-0.381,0.118,1.34,1,1.0,-0.039,-0.175,0.145,0.795,0.09566137121398946,0.23179473040518203
78,27,-0.039,-0.175,0.145,0.795,0,1.0,-0.042,-0.389,0.161,1.514,0.09566137121398946,0.23179473040518203
78,28,-0.042,-0.389,0.161,1.514,1,1.0,-0.05,-0.183,0.191,1.001,0.09566137121398946,0.23179473040518203
78,29,-0.05,-0.183,0.191,1.001,1,1.0,-0.054,0.02,0.211,0.513,0.09566137121398946,0.23179473040518203
79,0,0.042,-0.043,0.042,-0.046,0,1.0,0.041,-0.236,0.041,0.203,0.1768018230473693,0.6492383504943047
79,1,0.041,-0.236,0.041,0.203,1,1.0,0.036,-0.044,0.045,-0.025,0.1768018230473693,0.6492383504943047
79,2,0.036,-0.044,0.045,-0.025,0,1.0,0.036,-0.237,0.045,0.225,0.1768018230473693,0.6492383504943047
79,3,0.036,-0.237,0.045,0.225,1,1.0,0.031,-0.045,0.049,-0.002,0.1768018230473693,0.6492383504943047
79,4,0.031,-0.045,0.049,-0.002,0,1.0,0.03,-0.238,0.049,0.25,0.1768018230473693,0.6492383504943047
79,5,0.03,-0.238,0.049,0.25,1,1.0,0.025,-0.046,0.054,0.024,0.1768018230473693,0.6492383504943047
79,6,0.025,-0.046,0.054,0.024,1,1.0,0.024,0.146,0.055,-0.201,0.1768018230473693,0.6492383504943047
79,7,0.024,0.146,0.055,-0.201,0,1.0,0.027,-0.047,0.051,0.052,0.1768018230473693,0.6492383504943047
79,8,0.027,-0.047,0.051,0.052,1,1.0,0.026,0.145,0.052,-0.173,0.1768018230473693,0.6492383504943047
79,9,0.026,0.145,0.052,-0.173,0,1.0,0.029,-0.048,0.048,0.078,0.1768018230473693,0.6492383504943047
79,10,0.029,-0.048,0.048,0.078,1,1.0,0.028,0.144,0.05,-0.148,0.1768018230473693,0.6492383504943047
79,11,0.028,0.144,0.05,-0.148,1,1.0,0.031,0.336,0.047,-0.373,0.1768018230473693,0.6492383504943047
79,12,0.031,0.336,0.047,-0.373,0,1.0,0.038,0.142,0.04,-0.123,0.1768018230473693,0.6492383504943047
79,13,0.038,0.142,0.04,-0.123,0,1.0,0.041,-0.051,0.037,0.126,0.1768018230473693,0.6492383504943047
79,14,0.041,-0.051,0.037,0.126,1,1.0,0.04,0.142,0.04,-0.103,0.1768018230473693,0.6492383504943047
79,15,0.04,0.142,0.04,-0.103,0,1.0,0.042,-0.052,0.038,0.146,0.1768018230473693,0.6492383504943047
79,16,0.042,-0.052,0.038,0.146,0,1.0,0.041,-0.245,0.041,0.394,0.1768018230473693,0.6492383504943047
79,17,0.041,-0.245,0.041,0.394,0,1.0,0.036,-0.438,0.048,0.643,0.1768018230473693,0.6492383504943047
79,18,0.036,-0.438,0.048,0.643,1,1.0,0.028,-0.246,0.061,0.417,0.1768018230473693,0.6492383504943047
79,19,0.028,-0.246,0.061,0.417,0,1.0,0.023,-0.439,0.07,0.671,0.1768018230473693,0.6492383504943047
79,20,0.023,-0.439,0.07,0.671,0,1.0,0.014,-0.632,0.083,0.927,0.1768018230473693,0.6492383504943047
79,21,0.014,-0.632,0.083,0.927,0,1.0,0.001,-0.826,0.102,1.186,0.1768018230473693,0.6492383504943047
79,22,0.001,-0.826,0.102,1.186,0,1.0,-0.015,-1.019,0.125,1.449,0.1768018230473693,0.6492383504943047
79,23,-0.015,-1.019,0.125,1.449,1,1.0,-0.036,-0.828,0.154,1.244,0.1768018230473693,0.6492383504943047
79,24,-0.036,-0.828,0.154,1.244,0,1.0,-0.052,-1.022,0.179,1.519,0.1768018230473693,0.6492383504943047
79,25,-0.052,-1.022,0.179,1.519,0,1.0,-0.073,-1.216,0.21,1.798,0.1768018230473693,0.6492383504943047
80,0,0.024,-0.048,-0.046,0.009,0,1.0,0.023,-0.242,-0.046,0.282,0.077800491974935,0.5006250071926374
80,1,0.023,-0.242,-0.046,0.282,0,1.0,0.018,-0.437,-0.04,0.555,0.077800491974935,0.5006250071926374
80,2,0.018,-0.437,-0.04,0.555,1,1.0,0.009,-0.241,-0.029,0.256,0.077800491974935,0.5006250071926374
80,3,0.009,-0.241,-0.029,0.256,1,1.0,0.004,-0.046,-0.024,-0.041,0.077800491974935,0.5006250071926374
80,4,0.004,-0.046,-0.024,-0.041,0,1.0,0.003,-0.24,-0.025,0.239,0.077800491974935,0.5006250071926374
80,5,0.003,-0.24,-0.025,0.239,1,1.0,-0.001,-0.045,-0.02,-0.056,0.077800491974935,0.5006250071926374
80,6,-0.001,-0.045,-0.02,-0.056,0,1.0,-0.002,-0.24,-0.021,0.225,0.077800491974935,0.5006250071926374
80,7,-0.002,-0.24,-0.021,0.225,0,1.0,-0.007,-0.434,-0.017,0.506,0.077800491974935,0.5006250071926374
80,8,-0.007,-0.434,-0.017,0.506,1,1.0,-0.016,-0.239,-0.007,0.213,0.077800491974935,0.5006250071926374
80,9,-0.016,-0.239,-0.007,0.213,0,1.0,-0.021,-0.434,-0.003,0.498,0.077800491974935,0.5006250071926374
80,10,-0.021,-0.434,-0.003,0.498,1,1.0,-0.029,-0.239,0.007,0.21,0.077800491974935,0.5006250071926374
80,11,-0.029,-0.239,0.007,0.21,1,1.0,-0.034,-0.044,0.012,-0.075,0.077800491974935,0.5006250071926374
80,12,-0.034,-0.044,0.012,-0.075,1,1.0,-0.035,0.15,0.01,-0.359,0.077800491974935,0.5006250071926374
80,13,-0.035,0.15,0.01,-0.359,1,1.0,-0.032,0.345,0.003,-0.644,0.077800491974935,0.5006250071926374
80,14,-0.032,0.345,0.003,-0.644,1,1.0,-0.025,0.54,-0.01,-0.931,0.077800491974935,0.5006250071926374
80,15,-0.025,0.54,-0.01,-0.931,0,1.0,-0.014,0.345,-0.029,-0.646,0.077800491974935,0.5006250071926374
80,16,-0.014,0.345,-0.029,-0.646,0,1.0,-0.007,0.151,-0.042,-0.367,0.077800491974935,0.5006250071926374
80,17,-0.007,0.151,-0.042,-0.367,0,1.0,-0.004,-0.044,-0.049,-0.093,0.077800491974935,0.5006250071926374
80,18,-0.004,-0.044,-0.049,-0.093,0,1.0,-0.005,-0.238,-0.051,0.179,0.077800491974935,0.5006250071926374
80,19,-0.005,-0.238,-0.051,0.179,0,1.0,-0.01,-0.432,-0.047,0.451,0.077800491974935,0.5006250071926374
80,20,-0.01,-0.432,-0.047,0.451,1,1.0,-0.019,-0.236,-0.038,0.149,0.077800491974935,0.5006250071926374
80,21,-0.019,-0.236,-0.038,0.149,1,1.0,-0.023,-0.041,-0.035,-0.15,0.077800491974935,0.5006250071926374
80,22,-0.023,-0.041,-0.035,-0.15,0,1.0,-0.024,-0.235,-0.038,0.126,0.077800491974935,0.5006250071926374
80,23,-0.024,-0.235,-0.038,0.126,1,1.0,-0.029,-0.04,-0.036,-0.173,0.077800491974935,0.5006250071926374
80,24,-0.029,-0.04,-0.036,-0.173,1,1.0,-0.03,0.155,-0.039,-0.472,0.077800491974935,0.5006250071926374
80,25,-0.03,0.155,-0.039,-0.472,0,1.0,-0.027,-0.039,-0.049,-0.196,0.077800491974935,0.5006250071926374
80,26,-0.027,-0.039,-0.049,-0.196,0,1.0,-0.027,-0.233,-0.052,0.076,0.077800491974935,0.5006250071926374
80,27,-0.027,-0.233,-0.052,0.076,0,1.0,-0.032,-0.427,-0.051,0.347,0.077800491974935,0.5006250071926374
80,28,-0.032,-0.427,-0.051,0.347,0,1.0,-0.041,-0.621,-0.044,0.618,0.077800491974935,0.5006250071926374
80,29,-0.041,-0.621,-0.044,0.618,0,1.0,-0.053,-0.816,-0.032,0.892,0.077800491974935,0.5006250071926374
80,30,-0.053,-0.816,-0.032,0.892,0,1.0,-0.069,-1.01,-0.014,1.17,0.077800491974935,0.5006250071926374
80,31,-0.069,-1.01,-0.014,1.17,0,1.0,-0.089,-1.205,0.01,1.453,0.077800491974935,0.5006250071926374
80,32,-0.089,-1.205,0.01,1.453,1,1.0,-0.114,-1.01,0.039,1.169,0.077800491974935,0.5006250071926374
80,33,-0.114,-1.01,0.039,1.169,0,1.0,-0.134,-1.205,0.062,1.468,0.077800491974935,0.5006250071926374
80,34,-0.134,-1.205,0.062,1.468,0,1.0,-0.158,-1.401,0.091,1.774,0.077800491974935,0.5006250071926374
80,35,-0.158,-1.401,0.091,1.774,0,1.0,-0.186,-1.597,0.127,2.088,0.077800491974935,0.5006250071926374
80,36,-0.186,-1.597,0.127,2.088,0,1.0,-0.218,-1.793,0.169,2.412,0.077800491974935,0.5006250071926374
80,37,-0.218,-1.793,0.169,2.412,1,1.0,-0.254,-1.599,0.217,2.179,0.077800491974935,0.5006250071926374
81,0,-0.007,-0.029,0.041,0.011,0,1.0,-0.007,-0.219,0.041,0.188,0.18252921522122037,0.9173053506774501
81,1,-0.007,-0.219,0.041,0.188,1,1.0,-0.012,-0.03,0.045,0.026,0.18252921522122037,0.9173053506774501
81,2,-0.012,-0.03,0.045,0.026,1,1.0,-0.012,0.16,0.046,-0.135,0.18252921522122037,0.9173053506774501
81,3,-0.012,0.16,0.046,-0.135,0,1.0,-0.009,-0.03,0.043,0.043,0.18252921522122037,0.9173053506774501
81,4,-0.009,-0.03,0.043,0.043,1,1.0,-0.01,0.159,0.044,-0.119,0.18252921522122037,0.9173053506774501
81,5,-0.01,0.159,0.044,-0.119,0,1.0,-0.006,-0.031,0.041,0.059,0.18252921522122037,0.9173053506774501
81,6,-0.006,-0.031,0.041,0.059,0,1.0,-0.007,-0.221,0.043,0.236,0.18252921522122037,0.9173053506774501
81,7,-0.007,-0.221,0.043,0.236,1,1.0,-0.011,-0.032,0.047,0.074,0.18252921522122037,0.9173053506774501
81,8,-0.011,-0.032,0.047,0.074,0,1.0,-0.012,-0.222,0.049,0.252,0.18252921522122037,0.9173053506774501
81,9,-0.012,-0.222,0.049,0.252,1,1.0,-0.016,-0.032,0.054,0.092,0.18252921522122037,0.9173053506774501
81,10,-0.016,-0.032,0.054,0.092,0,1.0,-0.017,-0.222,0.056,0.271,0.18252921522122037,0.9173053506774501
81,11,-0.017,-0.222,0.056,0.271,1,1.0,-0.022,-0.033,0.061,0.112,0.18252921522122037,0.9173053506774501
81,12,-0.022,-0.033,0.061,0.112,0,1.0,-0.022,-0.223,0.063,0.292,0.18252921522122037,0.9173053506774501
81,13,-0.022,-0.223,0.063,0.292,1,1.0,-0.027,-0.034,0.069,0.135,0.18252921522122037,0.9173053506774501
81,14,-0.027,-0.034,0.069,0.135,0,1.0,-0.027,-0.224,0.072,0.316,0.18252921522122037,0.9173053506774501
81,15,-0.027,-0.224,0.072,0.316,1,1.0,-0.032,-0.036,0.078,0.16,0.18252921522122037,0.9173053506774501
81,16,-0.032,-0.036,0.078,0.16,0,1.0,-0.033,-0.226,0.081,0.344,0.18252921522122037,0.9173053506774501
81,17,-0.033,-0.226,0.081,0.344,1,1.0,-0.037,-0.037,0.088,0.19,0.18252921522122037,0.9173053506774501
81,18,-0.037,-0.037,0.088,0.19,1,1.0,-0.038,0.152,0.092,0.037,0.18252921522122037,0.9173053506774501
81,19,-0.038,0.152,0.092,0.037,1,1.0,-0.035,0.341,0.093,-0.115,0.18252921522122037,0.9173053506774501
81,20,-0.035,0.341,0.093,-0.115,1,1.0,-0.028,0.529,0.091,-0.267,0.18252921522122037,0.9173053506774501
81,21,-0.028,0.529,0.091,-0.267,0,1.0,-0.017,0.339,0.085,-0.082,0.18252921522122037,0.9173053506774501
81,22,-0.017,0.339,0.085,-0.082,0,1.0,-0.011,0.149,0.084,0.103,0.18252921522122037,0.9173053506774501
81,23,-0.011,0.149,0.084,0.103,1,1.0,-0.008,0.338,0.086,-0.051,0.18252921522122037,0.9173053506774501
81,24,-0.008,0.338,0.086,-0.051,1,1.0,-0.001,0.526,0.085,-0.204,0.18252921522122037,0.9173053506774501
81,25,-0.001,0.526,0.085,-0.204,1,1.0,0.01,0.715,0.081,-0.358,0.18252921522122037,0.9173053506774501
81,26,0.01,0.715,0.081,-0.358,1,1.0,0.024,0.904,0.073,-0.512,0.18252921522122037,0.9173053506774501
81,27,0.024,0.904,0.073,-0.512,0,1.0,0.042,0.714,0.063,-0.33,0.18252921522122037,0.9173053506774501
81,28,0.042,0.714,0.063,-0.33,0,1.0,0.056,0.524,0.057,-0.149,0.18252921522122037,0.9173053506774501
81,29,0.056,0.524,0.057,-0.149,1,1.0,0.067,0.713,0.054,-0.308,0.18252921522122037,0.9173053506774501
81,30,0.067,0.713,0.054,-0.308,0,1.0,0.081,0.523,0.047,-0.129,0.18252921522122037,0.9173053506774501
81,31,0.081,0.523,0.047,-0.129,0,1.0,0.091,0.333,0.045,0.05,0.18252921522122037,0.9173053506774501
81,32,0.091,0.333,0.045,0.05,1,1.0,0.098,0.522,0.046,-0.112,0.18252921522122037,0.9173053506774501
81,33,0.098,0.522,0.046,-0.112,0,1.0,0.109,0.332,0.044,0.066,0.18252921522122037,0.9173053506774501
81,34,0.109,0.332,0.044,0.066,1,1.0,0.115,0.521,0.045,-0.095,0.18252921522122037,0.9173053506774501
81,35,0.115,0.521,0.045,-0.095,1,1.0,0.126,0.711,0.043,-0.257,0.18252921522122037,0.9173053506774501
81,36,0.126,0.711,0.043,-0.257,0,1.0,0.14,0.521,0.038,-0.079,0.18252921522122037,0.9173053506774501
81,37,0.14,0.521,0.038,-0.079,0,1.0,0.15,0.331,0.036,0.097,0.18252921522122037,0.9173053506774501
81,38,0.15,0.331,0.036,0.097,1,1.0,0.157,0.52,0.038,-0.066,0.18252921522122037,0.9173053506774501
81,39,0.157,0.52,0.038,-0.066,0,1.0,0.167,0.33,0.037,0.111,0.18252921522122037,0.9173053506774501
81,40,0.167,0.33,0.037,0.111,0,1.0,0.174,0.14,0.039,0.287,0.18252921522122037,0.9173053506774501
81,41,0.174,0.14,0.039,0.287,0,1.0,0.177,-0.049,0.045,0.464,0.18252921522122037,0.9173053506774501
81,42,0.177,-0.049,0.045,0.464,1,1.0,0.176,0.14,0.054,0.303,0.18252921522122037,0.9173053506774501
81,43,0.176,0.14,0.054,0.303,1,1.0,0.179,0.329,0.06,0.143,0.18252921522122037,0.9173053506774501
81,44,0.179,0.329,0.06,0.143,0,1.0,0.185,0.139,0.063,0.324,0.18252921522122037,0.9173053506774501
81,45,0.185,0.139,0.063,0.324,1,1.0,0.188,0.328,0.07,0.166,0.18252921522122037,0.9173053506774501
81,46,0.188,0.328,0.07,0.166,1,1.0,0.194,0.517,0.073,0.009,0.18252921522122037,0.9173053506774501
81,47,0.194,0.517,0.073,0.009,0,1.0,0.205,0.327,0.073,0.192,0.18252921522122037,0.9173053506774501
81,48,0.205,0.327,0.073,0.192,0,1.0,0.211,0.137,0.077,0.374,0.18252921522122037,0.9173053506774501
81,49,0.211,0.137,0.077,0.374,1,1.0,0.214,0.325,0.084,0.219,0.18252921522122037,0.9173053506774501
81,50,0.214,0.325,0.084,0.219,0,1.0,0.221,0.135,0.089,0.404,0.18252921522122037,0.9173053506774501
81,51,0.221,0.135,0.089,0.404,0,1.0,0.223,-0.055,0.097,0.589,0.18252921522122037,0.9173053506774501
81,52,0.223,-0.055,0.097,0.589,0,1.0,0.222,-0.245,0.109,0.775,0.18252921522122037,0.9173053506774501
81,53,0.222,-0.245,0.109,0.775,1,1.0,0.217,-0.057,0.124,0.626,0.18252921522122037,0.9173053506774501
81,54,0.217,-0.057,0.124,0.626,1,1.0,0.216,0.132,0.137,0.481,0.18252921522122037,0.9173053506774501
81,55,0.216,0.132,0.137,0.481,1,1.0,0.219,0.32,0.146,0.338,0.18252921522122037,0.9173053506774501
81,56,0.219,0.32,0.146,0.338,0,1.0,0.225,0.13,0.153,0.532,0.18252921522122037,0.9173053506774501
81,57,0.225,0.13,0.153,0.532,1,1.0,0.228,0.318,0.164,0.392,0.18252921522122037,0.9173053506774501
81,58,0.228,0.318,0.164,0.392,1,1.0,0.234,0.506,0.171,0.255,0.18252921522122037,0.9173053506774501
81,59,0.234,0.506,0.171,0.255,1,1.0,0.244,0.694,0.177,0.12,0.18252921522122037,0.9173053506774501
81,60,0.244,0.694,0.177,0.12,1,1.0,0.258,0.881,0.179,-0.015,0.18252921522122037,0.9173053506774501
81,61,0.258,0.881,0.179,-0.015,1,1.0,0.276,1.069,0.179,-0.149,0.18252921522122037,0.9173053506774501
81,62,0.276,1.069,0.179,-0.149,0,1.0,0.297,0.879,0.176,0.05,0.18252921522122037,0.9173053506774501
81,63,0.297,0.879,0.176,0.05,1,1.0,0.315,1.066,0.177,-0.084,0.18252921522122037,0.9173053506774501
81,64,0.315,1.066,0.177,-0.084,1,1.0,0.336,1.254,0.175,-0.219,0.18252921522122037,0.9173053506774501
81,65,0.336,1.254,0.175,-0.219,0,1.0,0.361,1.064,0.171,-0.021,0.18252921522122037,0.9173053506774501
81,66,0.361,1.064,0.171,-0.021,0,1.0,0.382,0.873,0.17,0.177,0.18252921522122037,0.9173053506774501
81,67,0.382,0.873,0.17,0.177,0,1.0,0.4,0.682,0.174,0.375,0.18252921522122037,0.9173053506774501
81,68,0.4,0.682,0.174,0.375,1,1.0,0.413,0.87,0.181,0.24,0.18252921522122037,0.9173053506774501
81,69,0.413,0.87,0.181,0.24,1,1.0,0.431,1.058,0.186,0.106,0.18252921522122037,0.9173053506774501
81,70,0.431,1.058,0.186,0.106,0,1.0,0.452,0.867,0.188,0.306,0.18252921522122037,0.9173053506774501
81,71,0.452,0.867,0.188,0.306,1,1.0,0.469,1.055,0.194,0.174,0.18252921522122037,0.9173053506774501
81,72,0.469,1.055,0.194,0.174,0,1.0,0.49,0.864,0.198,0.375,0.18252921522122037,0.9173053506774501
81,73,0.49,0.864,0.198,0.375,1,1.0,0.508,1.052,0.205,0.245,0.18252921522122037,0.9173053506774501
81,74,0.508,1.052,0.205,0.245,1,1.0,0.529,1.239,0.21,0.117,0.18252921522122037,0.9173053506774501
82,0,0.05,0.035,-0.028,0.048,1,1.0,0.05,0.238,-0.027,-0.408,0.09378641420078031,0.3292040486028946
82,1,0.05,0.238,-0.027,-0.408,0,1.0,0.055,0.037,-0.035,0.022,0.09378641420078031,0.3292040486028946
82,2,0.055,0.037,-0.035,0.022,1,1.0,0.056,0.239,-0.035,-0.438,0.09378641420078031,0.3292040486028946
82,3,0.056,0.239,-0.035,-0.438,1,1.0,0.061,0.442,-0.044,-0.896,0.09378641420078031,0.3292040486028946
82,4,0.061,0.442,-0.044,-0.896,0,1.0,0.07,0.241,-0.062,-0.475,0.09378641420078031,0.3292040486028946
82,5,0.07,0.241,-0.062,-0.475,0,1.0,0.074,0.04,-0.071,-0.063,0.09378641420078031,0.3292040486028946
82,6,0.074,0.04,-0.071,-0.063,0,1.0,0.075,-0.16,-0.072,0.344,0.09378641420078031,0.3292040486028946
82,7,0.075,-0.16,-0.072,0.344,0,1.0,0.072,-0.36,-0.066,0.751,0.09378641420078031,0.3292040486028946
82,8,0.072,-0.36,-0.066,0.751,1,1.0,0.065,-0.157,-0.051,0.278,0.09378641420078031,0.3292040486028946
82,9,0.065,-0.157,-0.051,0.278,0,1.0,0.062,-0.358,-0.045,0.696,0.09378641420078031,0.3292040486028946
82,10,0.062,-0.358,-0.045,0.696,0,1.0,0.055,-0.559,-0.031,1.117,0.09378641420078031,0.3292040486028946
82,11,0.055,-0.559,-0.031,1.117,0,1.0,0.043,-0.76,-0.009,1.544,0.09378641420078031,0.3292040486028946
82,12,0.043,-0.76,-0.009,1.544,1,1.0,0.028,-0.558,0.022,1.098,0.09378641420078031,0.3292040486028946
82,13,0.028,-0.558,0.022,1.098,0,1.0,0.017,-0.76,0.044,1.551,0.09378641420078031,0.3292040486028946
82,14,0.017,-0.76,0.044,1.551,0,1.0,0.002,-0.963,0.075,2.014,0.09378641420078031,0.3292040486028946
82,15,0.002,-0.963,0.075,2.014,0,1.0,-0.017,-1.166,0.115,2.49,0.09378641420078031,0.3292040486028946
82,16,-0.017,-1.166,0.115,2.49,0,1.0,-0.041,-1.369,0.165,2.982,0.09378641420078031,0.3292040486028946
82,17,-0.041,-1.369,0.165,2.982,0,1.0,-0.068,-1.573,0.225,3.493,0.09378641420078031,0.3292040486028946
83,0,-0.018,-0.046,0.013,-0.019,1,1.0,-0.019,0.146,0.013,-0.224,0.386432698550154,0.8914088207818202
83,1,-0.019,0.146,0.013,-0.224,0,1.0,-0.016,-0.046,0.008,-0.014,0.386432698550154,0.8914088207818202
83,2,-0.016,-0.046,0.008,-0.014,0,1.0,-0.017,-0.237,0.008,0.196,0.386432698550154,0.8914088207818202
83,3,-0.017,-0.237,0.008,0.196,1,1.0,-0.022,-0.046,0.012,-0.01,0.386432698550154,0.8914088207818202
83,4,-0.022,-0.046,0.012,-0.01,1,1.0,-0.023,0.145,0.011,-0.215,0.386432698550154,0.8914088207818202
83,5,-0.023,0.145,0.011,-0.215,1,1.0,-0.02,0.336,0.007,-0.42,0.386432698550154,0.8914088207818202
83,6,-0.02,0.336,0.007,-0.42,1,1.0,-0.013,0.528,-0.001,-0.626,0.386432698550154,0.8914088207818202
83,7,-0.013,0.528,-0.001,-0.626,1,1.0,-0.003,0.719,-0.014,-0.834,0.386432698550154,0.8914088207818202
83,8,-0.003,0.719,-0.014,-0.834,1,1.0,0.012,0.91,-0.03,-1.045,0.386432698550154,0.8914088207818202
83,9,0.012,0.91,-0.03,-1.045,0,1.0,0.03,0.719,-0.051,-0.844,0.386432698550154,0.8914088207818202
83,10,0.03,0.719,-0.051,-0.844,1,1.0,0.044,0.911,-0.068,-1.063,0.386432698550154,0.8914088207818202
83,11,0.044,0.911,-0.068,-1.063,1,1.0,0.062,1.103,-0.089,-1.285,0.386432698550154,0.8914088207818202
83,12,0.062,1.103,-0.089,-1.285,1,1.0,0.084,1.295,-0.115,-1.511,0.386432698550154,0.8914088207818202
83,13,0.084,1.295,-0.115,-1.511,1,1.0,0.11,1.487,-0.145,-1.742,0.386432698550154,0.8914088207818202
83,14,0.11,1.487,-0.145,-1.742,1,1.0,0.14,1.679,-0.18,-1.977,0.386432698550154,0.8914088207818202
83,15,0.14,1.679,-0.18,-1.977,1,1.0,0.174,1.871,-0.22,-2.218,0.386432698550154,0.8914088207818202
84,0,0.023,0.04,0.025,0.038,1,1.0,0.024,0.233,0.026,-0.204,0.04338768922516882,0.5641318888962644
84,1,0.024,0.233,0.026,-0.204,0,1.0,0.029,0.039,0.022,0.052,0.04338768922516882,0.5641318888962644
84,2,0.029,0.039,0.022,0.052,1,1.0,0.029,0.232,0.023,-0.191,0.04338768922516882,0.5641318888962644
84,3,0.029,0.232,0.023,-0.191,1,1.0,0.034,0.425,0.019,-0.434,0.04338768922516882,0.5641318888962644
84,4,0.034,0.425,0.019,-0.434,0,1.0,0.043,0.232,0.01,-0.18,0.04338768922516882,0.5641318888962644
84,5,0.043,0.232,0.01,-0.18,0,1.0,0.047,0.039,0.007,0.072,0.04338768922516882,0.5641318888962644
84,6,0.047,0.039,0.007,0.072,0,1.0,0.048,-0.155,0.008,0.323,0.04338768922516882,0.5641318888962644
84,7,0.048,-0.155,0.008,0.323,0,1.0,0.045,-0.348,0.014,0.574,0.04338768922516882,0.5641318888962644
84,8,0.045,-0.348,0.014,0.574,1,1.0,0.038,-0.155,0.026,0.329,0.04338768922516882,0.5641318888962644
84,9,0.038,-0.155,0.026,0.329,0,1.0,0.035,-0.348,0.032,0.585,0.04338768922516882,0.5641318888962644
84,10,0.035,-0.348,0.032,0.585,0,1.0,0.028,-0.542,0.044,0.842,0.04338768922516882,0.5641318888962644
84,11,0.028,-0.542,0.044,0.842,1,1.0,0.017,-0.349,0.061,0.605,0.04338768922516882,0.5641318888962644
84,12,0.017,-0.349,0.061,0.605,1,1.0,0.01,-0.157,0.073,0.373,0.04338768922516882,0.5641318888962644
84,13,0.01,-0.157,0.073,0.373,0,1.0,0.007,-0.351,0.081,0.641,0.04338768922516882,0.5641318888962644
84,14,0.007,-0.351,0.081,0.641,1,1.0,-0.0,-0.159,0.093,0.414,0.04338768922516882,0.5641318888962644
84,15,-0.0,-0.159,0.093,0.414,1,1.0,-0.003,0.033,0.102,0.191,0.04338768922516882,0.5641318888962644
84,16,-0.003,0.033,0.102,0.191,0,1.0,-0.003,-0.161,0.106,0.466,0.04338768922516882,0.5641318888962644
84,17,-0.003,-0.161,0.106,0.466,1,1.0,-0.006,0.031,0.115,0.247,0.04338768922516882,0.5641318888962644
84,18,-0.006,0.031,0.115,0.247,0,1.0,-0.005,-0.164,0.12,0.525,0.04338768922516882,0.5641318888962644
84,19,-0.005,-0.164,0.12,0.525,1,1.0,-0.008,0.028,0.13,0.31,0.04338768922516882,0.5641318888962644
84,20,-0.008,0.028,0.13,0.31,1,1.0,-0.008,0.219,0.136,0.098,0.04338768922516882,0.5641318888962644
84,21,-0.008,0.219,0.136,0.098,1,1.0,-0.004,0.41,0.138,-0.112,0.04338768922516882,0.5641318888962644
84,22,-0.004,0.41,0.138,-0.112,0,1.0,0.005,0.216,0.136,0.171,0.04338768922516882,0.5641318888962644
84,23,0.005,0.216,0.136,0.171,0,1.0,0.009,0.021,0.14,0.454,0.04338768922516882,0.5641318888962644
84,24,0.009,0.021,0.14,0.454,1,1.0,0.009,0.213,0.149,0.245,0.04338768922516882,0.5641318888962644
84,25,0.009,0.213,0.149,0.245,0,1.0,0.014,0.018,0.154,0.531,0.04338768922516882,0.5641318888962644
84,26,0.014,0.018,0.154,0.531,0,1.0,0.014,-0.177,0.164,0.818,0.04338768922516882,0.5641318888962644
84,27,0.014,-0.177,0.164,0.818,0,1.0,0.01,-0.371,0.181,1.107,0.04338768922516882,0.5641318888962644
84,28,0.01,-0.371,0.181,1.107,1,1.0,0.003,-0.181,0.203,0.91,0.04338768922516882,0.5641318888962644
84,29,0.003,-0.181,0.203,0.91,1,1.0,-0.001,0.01,0.221,0.721,0.04338768922516882,0.5641318888962644
85,0,-0.046,-0.003,-0.004,-0.002,0,1.0,-0.046,-0.196,-0.004,0.241,0.27142625189804115,0.6857384251475167
85,1,-0.046,-0.196,-0.004,0.241,0,1.0,-0.05,-0.389,0.001,0.484,0.27142625189804115,0.6857384251475167
85,2,-0.05,-0.389,0.001,0.484,1,1.0,-0.057,-0.196,0.011,0.24,0.27142625189804115,0.6857384251475167
85,3,-0.057,-0.196,0.011,0.24,0,1.0,-0.061,-0.389,0.016,0.487,0.27142625189804115,0.6857384251475167
85,4,-0.061,-0.389,0.016,0.487,1,1.0,-0.069,-0.196,0.025,0.247,0.27142625189804115,0.6857384251475167
85,5,-0.069,-0.196,0.025,0.247,0,1.0,-0.073,-0.389,0.03,0.498,0.27142625189804115,0.6857384251475167
85,6,-0.073,-0.389,0.03,0.498,1,1.0,-0.081,-0.197,0.04,0.262,0.27142625189804115,0.6857384251475167
85,7,-0.081,-0.197,0.04,0.262,1,1.0,-0.085,-0.004,0.045,0.029,0.27142625189804115,0.6857384251475167
85,8,-0.085,-0.004,0.045,0.029,0,1.0,-0.085,-0.198,0.046,0.284,0.27142625189804115,0.6857384251475167
85,9,-0.085,-0.198,0.046,0.284,0,1.0,-0.089,-0.391,0.052,0.54,0.27142625189804115,0.6857384251475167
85,10,-0.089,-0.391,0.052,0.54,0,1.0,-0.096,-0.585,0.062,0.797,0.27142625189804115,0.6857384251475167
85,11,-0.096,-0.585,0.062,0.797,0,1.0,-0.108,-0.778,0.078,1.057,0.27142625189804115,0.6857384251475167
85,12,-0.108,-0.778,0.078,1.057,1,1.0,-0.124,-0.586,0.1,0.834,0.27142625189804115,0.6857384251475167
85,13,-0.124,-0.586,0.1,0.834,0,1.0,-0.135,-0.78,0.116,1.102,0.27142625189804115,0.6857384251475167
85,14,-0.135,-0.78,0.116,1.102,0,1.0,-0.151,-0.974,0.138,1.374,0.27142625189804115,0.6857384251475167
85,15,-0.151,-0.974,0.138,1.374,1,1.0,-0.171,-0.783,0.166,1.169,0.27142625189804115,0.6857384251475167
85,16,-0.171,-0.783,0.166,1.169,1,1.0,-0.186,-0.592,0.189,0.973,0.27142625189804115,0.6857384251475167
85,17,-0.186,-0.592,0.189,0.973,1,1.0,-0.198,-0.401,0.209,0.784,0.27142625189804115,0.6857384251475167
85,18,-0.198,-0.401,0.209,0.784,1,1.0,-0.206,-0.211,0.224,0.602,0.27142625189804115,0.6857384251475167
86,0,0.012,-0.032,0.012,-0.013,0,1.0,0.011,-0.222,0.011,0.156,0.14684977387181208,0.9074407435603008
86,1,0.011,-0.222,0.011,0.156,0,1.0,0.006,-0.411,0.014,0.325,0.14684977387181208,0.9074407435603008
86,2,0.006,-0.411,0.014,0.325,0,1.0,-0.002,-0.601,0.021,0.495,0.14684977387181208,0.9074407435603008
86,3,-0.002,-0.601,0.021,0.495,1,1.0,-0.014,-0.412,0.031,0.332,0.14684977387181208,0.9074407435603008
86,4,-0.014,-0.412,0.031,0.332,0,1.0,-0.022,-0.601,0.037,0.504,0.14684977387181208,0.9074407435603008
86,5,-0.022,-0.601,0.037,0.504,0,1.0,-0.034,-0.791,0.048,0.678,0.14684977387181208,0.9074407435603008
86,6,-0.034,-0.791,0.048,0.678,1,1.0,-0.05,-0.602,0.061,0.52,0.14684977387181208,0.9074407435603008
86,7,-0.05,-0.602,0.061,0.52,0,1.0,-0.062,-0.792,0.071,0.697,0.14684977387181208,0.9074407435603008
86,8,-0.062,-0.792,0.071,0.697,1,1.0,-0.078,-0.603,0.085,0.543,0.14684977387181208,0.9074407435603008
86,9,-0.078,-0.603,0.085,0.543,1,1.0,-0.09,-0.414,0.096,0.393,0.14684977387181208,0.9074407435603008
86,10,-0.09,-0.414,0.096,0.393,0,1.0,-0.098,-0.605,0.104,0.576,0.14684977387181208,0.9074407435603008
86,11,-0.098,-0.605,0.104,0.576,0,1.0,-0.11,-0.795,0.116,0.76,0.14684977387181208,0.9074407435603008
86,12,-0.11,-0.795,0.116,0.76,1,1.0,-0.126,-0.606,0.131,0.615,0.14684977387181208,0.9074407435603008
86,13,-0.126,-0.606,0.131,0.615,0,1.0,-0.138,-0.797,0.143,0.804,0.14684977387181208,0.9074407435603008
86,14,-0.138,-0.797,0.143,0.804,0,1.0,-0.154,-0.987,0.159,0.995,0.14684977387181208,0.9074407435603008
86,15,-0.154,-0.987,0.159,0.995,1,1.0,-0.174,-0.799,0.179,0.859,0.14684977387181208,0.9074407435603008
86,16,-0.174,-0.799,0.179,0.859,0,1.0,-0.19,-0.989,0.196,1.054,0.14684977387181208,0.9074407435603008
86,17,-0.19,-0.989,0.196,1.054,0,1.0,-0.21,-1.18,0.217,1.252,0.14684977387181208,0.9074407435603008
87,0,0.007,0.028,-0.033,-0.002,1,1.0,0.008,0.224,-0.033,-0.311,0.4923311318775517,0.6864777868636529
87,1,0.008,0.224,-0.033,-0.311,0,1.0,0.012,0.029,-0.039,-0.023,0.4923311318775517,0.6864777868636529
87,2,0.012,0.029,-0.039,-0.023,1,1.0,0.013,0.225,-0.039,-0.334,0.4923311318775517,0.6864777868636529
87,3,0.013,0.225,-0.039,-0.334,0,1.0,0.017,0.03,-0.046,-0.048,0.4923311318775517,0.6864777868636529
87,4,0.017,0.03,-0.046,-0.048,1,1.0,0.018,0.226,-0.047,-0.362,0.4923311318775517,0.6864777868636529
87,5,0.018,0.226,-0.047,-0.362,1,1.0,0.022,0.423,-0.054,-0.675,0.4923311318775517,0.6864777868636529
87,6,0.022,0.423,-0.054,-0.675,0,1.0,0.031,0.228,-0.068,-0.394,0.4923311318775517,0.6864777868636529
87,7,0.031,0.228,-0.068,-0.394,0,1.0,0.035,0.034,-0.076,-0.119,0.4923311318775517,0.6864777868636529
87,8,0.035,0.034,-0.076,-0.119,0,1.0,0.036,-0.161,-0.078,0.154,0.4923311318775517,0.6864777868636529
87,9,0.036,-0.161,-0.078,0.154,0,1.0,0.033,-0.355,-0.075,0.427,0.4923311318775517,0.6864777868636529
87,10,0.033,-0.355,-0.075,0.427,1,1.0,0.026,-0.158,-0.067,0.105,0.4923311318775517,0.6864777868636529
87,11,0.026,-0.158,-0.067,0.105,1,1.0,0.023,0.038,-0.064,-0.214,0.4923311318775517,0.6864777868636529
87,12,0.023,0.038,-0.064,-0.214,1,1.0,0.023,0.234,-0.069,-0.532,0.4923311318775517,0.6864777868636529
87,13,0.023,0.234,-0.069,-0.532,1,1.0,0.028,0.431,-0.079,-0.852,0.4923311318775517,0.6864777868636529
87,14,0.028,0.431,-0.079,-0.852,1,1.0,0.037,0.627,-0.096,-1.175,0.4923311318775517,0.6864777868636529
87,15,0.037,0.627,-0.096,-1.175,0,1.0,0.049,0.433,-0.12,-0.909,0.4923311318775517,0.6864777868636529
87,16,0.049,0.433,-0.12,-0.909,0,1.0,0.058,0.239,-0.138,-0.652,0.4923311318775517,0.6864777868636529
87,17,0.058,0.239,-0.138,-0.652,0,1.0,0.063,0.046,-0.151,-0.403,0.4923311318775517,0.6864777868636529
87,18,0.063,0.046,-0.151,-0.403,1,1.0,0.064,0.243,-0.159,-0.743,0.4923311318775517,0.6864777868636529
87,19,0.064,0.243,-0.159,-0.743,0,1.0,0.068,0.051,-0.174,-0.502,0.4923311318775517,0.6864777868636529
87,20,0.068,0.051,-0.174,-0.502,1,1.0,0.069,0.248,-0.184,-0.847,0.4923311318775517,0.6864777868636529
87,21,0.069,0.248,-0.184,-0.847,1,1.0,0.074,0.445,-0.201,-1.194,0.4923311318775517,0.6864777868636529
87,22,0.074,0.445,-0.201,-1.194,0,1.0,0.083,0.253,-0.225,-0.969,0.4923311318775517,0.6864777868636529
88,0,-0.029,0.02,0.019,0.019,1,1.0,-0.029,0.22,0.019,-0.383,0.4162542062822604,0.46441560254767095
88,1,-0.029,0.22,0.019,-0.383,0,1.0,-0.025,0.02,0.012,0.036,0.4162542062822604,0.46441560254767095
88,2,-0.025,0.02,0.012,0.036,0,1.0,-0.024,-0.181,0.012,0.451,0.4162542062822604,0.46441560254767095
88,3,-0.024,-0.181,0.012,0.451,0,1.0,-0.028,-0.382,0.021,0.866,0.4162542062822604,0.46441560254767095
88,4,-0.028,-0.382,0.021,0.866,1,1.0,-0.035,-0.182,0.039,0.466,0.4162542062822604,0.46441560254767095
88,5,-0.035,-0.182,0.039,0.466,1,1.0,-0.039,0.018,0.048,0.073,0.4162542062822604,0.46441560254767095
88,6,-0.039,0.018,0.048,0.073,1,1.0,-0.039,0.217,0.049,-0.315,0.4162542062822604,0.46441560254767095
88,7,-0.039,0.217,0.049,-0.315,0,1.0,-0.034,0.016,0.043,0.116,0.4162542062822604,0.46441560254767095
88,8,-0.034,0.016,0.043,0.116,1,1.0,-0.034,0.215,0.045,-0.274,0.4162542062822604,0.46441560254767095
88,9,-0.034,0.215,0.045,-0.274,0,1.0,-0.03,0.014,0.04,0.155,0.4162542062822604,0.46441560254767095
88,10,-0.03,0.014,0.04,0.155,0,1.0,-0.029,-0.187,0.043,0.582,0.4162542062822604,0.46441560254767095
88,11,-0.029,-0.187,0.043,0.582,0,1.0,-0.033,-0.388,0.055,1.01,0.4162542062822604,0.46441560254767095
88,12,-0.033,-0.388,0.055,1.01,0,1.0,-0.041,-0.59,0.075,1.443,0.4162542062822604,0.46441560254767095
88,13,-0.041,-0.59,0.075,1.443,0,1.0,-0.053,-0.791,0.104,1.884,0.4162542062822604,0.46441560254767095
88,14,-0.053,-0.791,0.104,1.884,1,1.0,-0.069,-0.593,0.141,1.523,0.4162542062822604,0.46441560254767095
88,15,-0.069,-0.593,0.141,1.523,0,1.0,-0.08,-0.795,0.172,1.987,0.4162542062822604,0.46441560254767095
88,16,-0.08,-0.795,0.172,1.987,0,1.0,-0.096,-0.998,0.212,2.459,0.4162542062822604,0.46441560254767095
89,0,0.008,0.027,0.023,-0.048,1,1.0,0.008,0.229,0.022,-0.493,0.3820553678601793,0.40365074910380444
89,1,0.008,0.229,0.022,-0.493,1,1.0,0.013,0.431,0.012,-0.939,0.3820553678601793,0.40365074910380444
89,2,0.013,0.431,0.012,-0.939,1,1.0,0.021,0.633,-0.006,-1.39,0.3820553678601793,0.40365074910380444
89,3,0.021,0.633,-0.006,-1.39,1,1.0,0.034,0.836,-0.034,-1.85,0.3820553678601793,0.40365074910380444
89,4,0.034,0.836,-0.034,-1.85,1,1.0,0.051,1.039,-0.071,-2.323,0.3820553678601793,0.40365074910380444
89,5,0.051,1.039,-0.071,-2.323,1,1.0,0.071,1.243,-0.118,-2.812,0.3820553678601793,0.40365074910380444
89,6,0.071,1.243,-0.118,-2.812,0,1.0,0.096,1.042,-0.174,-2.416,0.3820553678601793,0.40365074910380444
89,7,0.096,1.042,-0.174,-2.416,0,1.0,0.117,0.843,-0.222,-2.053,0.3820553678601793,0.40365074910380444
90,0,-0.013,0.018,0.002,-0.008,0,1.0,-0.012,-0.179,0.002,0.337,0.34140976411447693,0.5159987201834333
90,1,-0.012,-0.179,0.002,0.337,0,1.0,-0.016,-0.377,0.008,0.682,0.34140976411447693,0.5159987201834333
90,2,-0.016,-0.377,0.008,0.682,1,1.0,-0.024,-0.179,0.022,0.341,0.34140976411447693,0.5159987201834333
90,3,-0.024,-0.179,0.022,0.341,1,1.0,-0.027,0.018,0.029,0.005,0.34140976411447693,0.5159987201834333
90,4,-0.027,0.018,0.029,0.005,0,1.0,-0.027,-0.18,0.029,0.36,0.34140976411447693,0.5159987201834333
90,5,-0.027,-0.18,0.029,0.36,1,1.0,-0.03,0.017,0.036,0.026,0.34140976411447693,0.5159987201834333
90,6,-0.03,0.017,0.036,0.026,0,1.0,-0.03,-0.181,0.037,0.384,0.34140976411447693,0.5159987201834333
90,7,-0.03,-0.181,0.037,0.384,1,1.0,-0.034,0.015,0.044,0.053,0.34140976411447693,0.5159987201834333
90,8,-0.034,0.015,0.044,0.053,1,1.0,-0.033,0.212,0.045,-0.274,0.34140976411447693,0.5159987201834333
90,9,-0.033,0.212,0.045,-0.274,0,1.0,-0.029,0.014,0.04,0.086,0.34140976411447693,0.5159987201834333
90,10,-0.029,0.014,0.04,0.086,1,1.0,-0.029,0.211,0.042,-0.243,0.34140976411447693,0.5159987201834333
90,11,-0.029,0.211,0.042,-0.243,1,1.0,-0.025,0.407,0.037,-0.571,0.34140976411447693,0.5159987201834333
90,12,-0.025,0.407,0.037,-0.571,0,1.0,-0.016,0.209,0.025,-0.214,0.34140976411447693,0.5159987201834333
90,13,-0.016,0.209,0.025,-0.214,0,1.0,-0.012,0.011,0.021,0.14,0.34140976411447693,0.5159987201834333
90,14,-0.012,0.011,0.021,0.14,1,1.0,-0.012,0.209,0.024,-0.196,0.34140976411447693,0.5159987201834333
90,15,-0.012,0.209,0.024,-0.196,0,1.0,-0.008,0.011,0.02,0.157,0.34140976411447693,0.5159987201834333
90,16,-0.008,0.011,0.02,0.157,1,1.0,-0.008,0.208,0.023,-0.18,0.34140976411447693,0.5159987201834333
90,17,-0.008,0.208,0.023,-0.18,1,1.0,-0.004,0.405,0.02,-0.516,0.34140976411447693,0.5159987201834333
90,18,-0.004,0.405,0.02,-0.516,0,1.0,0.005,0.207,0.009,-0.164,0.34140976411447693,0.5159987201834333
90,19,0.005,0.207,0.009,-0.164,0,1.0,0.009,0.01,0.006,0.184,0.34140976411447693,0.5159987201834333
90,20,0.009,0.01,0.006,0.184,0,1.0,0.009,-0.188,0.01,0.53,0.34140976411447693,0.5159987201834333
90,21,0.009,-0.188,0.01,0.53,1,1.0,0.005,0.009,0.02,0.189,0.34140976411447693,0.5159987201834333
90,22,0.005,0.009,0.02,0.189,1,1.0,0.005,0.206,0.024,-0.148,0.34140976411447693,0.5159987201834333
90,23,0.005,0.206,0.024,-0.148,0,1.0,0.009,0.009,0.021,0.206,0.34140976411447693,0.5159987201834333
90,24,0.009,0.009,0.021,0.206,1,1.0,0.01,0.206,0.025,-0.131,0.34140976411447693,0.5159987201834333
90,25,0.01,0.206,0.025,-0.131,0,1.0,0.014,0.008,0.023,0.223,0.34140976411447693,0.5159987201834333
90,26,0.014,0.008,0.023,0.223,0,1.0,0.014,-0.19,0.027,0.575,0.34140976411447693,0.5159987201834333
90,27,0.014,-0.19,0.027,0.575,0,1.0,0.01,-0.388,0.038,0.93,0.34140976411447693,0.5159987201834333
90,28,0.01,-0.388,0.038,0.93,1,1.0,0.002,-0.191,0.057,0.6,0.34140976411447693,0.5159987201834333
90,29,0.002,-0.191,0.057,0.6,0,1.0,-0.001,-0.39,0.069,0.965,0.34140976411447693,0.5159987201834333
90,30,-0.001,-0.39,0.069,0.965,1,1.0,-0.009,-0.193,0.088,0.647,0.34140976411447693,0.5159987201834333
90,31,-0.009,-0.193,0.088,0.647,0,1.0,-0.013,-0.392,0.101,1.022,0.34140976411447693,0.5159987201834333
90,32,-0.013,-0.392,0.101,1.022,1,1.0,-0.021,-0.196,0.122,0.717,0.34140976411447693,0.5159987201834333
90,33,-0.021,-0.196,0.122,0.717,1,1.0,-0.025,-0.001,0.136,0.422,0.34140976411447693,0.5159987201834333
90,34,-0.025,-0.001,0.136,0.422,0,1.0,-0.025,-0.2,0.145,0.811,0.34140976411447693,0.5159987201834333
90,35,-0.025,-0.2,0.145,0.811,1,1.0,-0.029,-0.006,0.161,0.526,0.34140976411447693,0.5159987201834333
90,36,-0.029,-0.006,0.161,0.526,0,1.0,-0.029,-0.205,0.171,0.922,0.34140976411447693,0.5159987201834333
90,37,-0.029,-0.205,0.171,0.922,0,1.0,-0.033,-0.405,0.19,1.321,0.34140976411447693,0.5159987201834333
90,38,-0.033,-0.405,0.19,1.321,1,1.0,-0.041,-0.211,0.216,1.055,0.34140976411447693,0.5159987201834333
91,0,-0.022,0.041,0.032,-0.021,0,1.0,-0.021,-0.164,0.032,0.496,0.14147572559922572,0.302210744233297
91,1,-0.021,-0.164,0.032,0.496,1,1.0,-0.024,0.039,0.041,0.013,0.14147572559922572,0.302210744233297
91,2,-0.024,0.039,0.041,0.013,0,1.0,-0.023,-0.166,0.042,0.535,0.14147572559922572,0.302210744233297
91,3,-0.023,-0.166,0.042,0.535,1,1.0,-0.027,0.037,0.052,0.058,0.14147572559922572,0.302210744233297
91,4,-0.027,0.037,0.052,0.058,0,1.0,-0.026,-0.168,0.054,0.585,0.14147572559922572,0.302210744233297
91,5,-0.026,-0.168,0.054,0.585,1,1.0,-0.029,0.035,0.065,0.115,0.14147572559922572,0.302210744233297
91,6,-0.029,0.035,0.065,0.115,1,1.0,-0.029,0.238,0.068,-0.348,0.14147572559922572,0.302210744233297
91,7,-0.029,0.238,0.068,-0.348,1,1.0,-0.024,0.44,0.061,-0.81,0.14147572559922572,0.302210744233297
91,8,-0.024,0.44,0.061,-0.81,1,1.0,-0.015,0.643,0.044,-1.275,0.14147572559922572,0.302210744233297
91,9,-0.015,0.643,0.044,-1.275,1,1.0,-0.002,0.847,0.019,-1.751,0.14147572559922572,0.302210744233297
91,10,-0.002,0.847,0.019,-1.751,0,1.0,0.015,0.642,-0.016,-1.241,0.14147572559922572,0.302210744233297
91,11,0.015,0.642,-0.016,-1.241,1,1.0,0.028,0.847,-0.041,-1.749,0.14147572559922572,0.302210744233297
91,12,0.028,0.847,-0.041,-1.749,0,1.0,0.045,0.643,-0.076,-1.272,0.14147572559922572,0.302210744233297
91,13,0.045,0.643,-0.076,-1.272,1,1.0,0.057,0.849,-0.101,-1.81,0.14147572559922572,0.302210744233297
91,14,0.057,0.849,-0.101,-1.81,0,1.0,0.074,0.647,-0.138,-1.368,0.14147572559922572,0.302210744233297
91,15,0.074,0.647,-0.138,-1.368,1,1.0,0.087,0.854,-0.165,-1.934,0.14147572559922572,0.302210744233297
91,16,0.087,0.854,-0.165,-1.934,1,1.0,0.104,1.062,-0.204,-2.512,0.14147572559922572,0.302210744233297
91,17,0.104,1.062,-0.204,-2.512,1,1.0,0.126,1.269,-0.254,-3.104,0.14147572559922572,0.302210744233297
92,0,0.01,-0.042,-0.015,-0.017,0,1.0,0.009,-0.233,-0.015,0.167,0.17710437599301834,0.8300521931250568
92,1,0.009,-0.233,-0.015,0.167,1,1.0,0.005,-0.042,-0.012,-0.023,0.17710437599301834,0.8300521931250568
92,2,0.005,-0.042,-0.012,-0.023,1,1.0,0.004,0.148,-0.012,-0.212,0.17710437599301834,0.8300521931250568
92,3,0.004,0.148,-0.012,-0.212,0,1.0,0.007,-0.042,-0.017,-0.028,0.17710437599301834,0.8300521931250568
92,4,0.007,-0.042,-0.017,-0.028,0,1.0,0.006,-0.232,-0.017,0.156,0.17710437599301834,0.8300521931250568
92,5,0.006,-0.232,-0.017,0.156,1,1.0,0.001,-0.042,-0.014,-0.034,0.17710437599301834,0.8300521931250568
92,6,0.001,-0.042,-0.014,-0.034,0,1.0,0.0,-0.232,-0.015,0.15,0.17710437599301834,0.8300521931250568
92,7,0.0,-0.232,-0.015,0.15,1,1.0,-0.004,-0.041,-0.012,-0.04,0.17710437599301834,0.8300521931250568
92,8,-0.004,-0.041,-0.012,-0.04,0,1.0,-0.005,-0.232,-0.013,0.144,0.17710437599301834,0.8300521931250568
92,9,-0.005,-0.232,-0.013,0.144,0,1.0,-0.01,-0.422,-0.01,0.328,0.17710437599301834,0.8300521931250568
92,10,-0.01,-0.422,-0.01,0.328,0,1.0,-0.018,-0.612,-0.003,0.513,0.17710437599301834,0.8300521931250568
92,11,-0.018,-0.612,-0.003,0.513,1,1.0,-0.03,-0.422,0.007,0.326,0.17710437599301834,0.8300521931250568
92,12,-0.03,-0.422,0.007,0.326,0,1.0,-0.039,-0.612,0.014,0.514,0.17710437599301834,0.8300521931250568
92,13,-0.039,-0.612,0.014,0.514,0,1.0,-0.051,-0.802,0.024,0.704,0.17710437599301834,0.8300521931250568
92,14,-0.051,-0.802,0.024,0.704,0,1.0,-0.067,-0.993,0.038,0.895,0.17710437599301834,0.8300521931250568
92,15,-0.067,-0.993,0.038,0.895,0,1.0,-0.087,-1.184,0.056,1.09,0.17710437599301834,0.8300521931250568
92,16,-0.087,-1.184,0.056,1.09,1,1.0,-0.111,-0.994,0.078,0.914,0.17710437599301834,0.8300521931250568
92,17,-0.111,-0.994,0.078,0.914,1,1.0,-0.13,-0.804,0.096,0.744,0.17710437599301834,0.8300521931250568
92,18,-0.13,-0.804,0.096,0.744,0,1.0,-0.147,-0.995,0.111,0.949,0.17710437599301834,0.8300521931250568
92,19,-0.147,-0.995,0.111,0.949,0,1.0,-0.166,-1.186,0.13,1.156,0.17710437599301834,0.8300521931250568
92,20,-0.166,-1.186,0.13,1.156,1,1.0,-0.19,-0.997,0.153,0.997,0.17710437599301834,0.8300521931250568
92,21,-0.19,-0.997,0.153,0.997,0,1.0,-0.21,-1.188,0.173,1.212,0.17710437599301834,0.8300521931250568
92,22,-0.21,-1.188,0.173,1.212,0,1.0,-0.234,-1.38,0.197,1.429,0.17710437599301834,0.8300521931250568
92,23,-0.234,-1.38,0.197,1.429,0,1.0,-0.262,-1.571,0.226,1.651,0.17710437599301834,0.8300521931250568
93,0,0.049,0.004,-0.004,-0.007,0,1.0,0.049,-0.196,-0.004,0.393,0.20481485286521864,0.3945260327599418
93,1,0.049,-0.196,-0.004,0.393,0,1.0,0.045,-0.396,0.004,0.793,0.20481485286521864,0.3945260327599418
93,2,0.045,-0.396,0.004,0.793,1,1.0,0.037,-0.196,0.02,0.393,0.20481485286521864,0.3945260327599418
93,3,0.037,-0.196,0.02,0.393,1,1.0,0.033,0.004,0.027,0.0,0.20481485286521864,0.3945260327599418
93,4,0.033,0.004,0.027,0.0,0,1.0,0.033,-0.197,0.027,0.413,0.20481485286521864,0.3945260327599418
93,5,0.033,-0.197,0.027,0.413,1,1.0,0.029,0.003,0.036,0.024,0.20481485286521864,0.3945260327599418
93,6,0.029,0.003,0.036,0.024,1,1.0,0.029,0.202,0.036,-0.362,0.20481485286521864,0.3945260327599418
93,7,0.029,0.202,0.036,-0.362,1,1.0,0.033,0.402,0.029,-0.748,0.20481485286521864,0.3945260327599418
93,8,0.033,0.402,0.029,-0.748,0,1.0,0.041,0.201,0.014,-0.334,0.20481485286521864,0.3945260327599418
93,9,0.041,0.201,0.014,-0.334,0,1.0,0.045,0.001,0.007,0.074,0.20481485286521864,0.3945260327599418
93,10,0.045,0.001,0.007,0.074,1,1.0,0.045,0.201,0.009,-0.325,0.20481485286521864,0.3945260327599418
93,11,0.045,0.201,0.009,-0.325,1,1.0,0.049,0.401,0.002,-0.723,0.20481485286521864,0.3945260327599418
93,12,0.049,0.401,0.002,-0.723,0,1.0,0.057,0.2,-0.012,-0.32,0.20481485286521864,0.3945260327599418
93,13,0.057,0.2,-0.012,-0.32,0,1.0,0.061,0.001,-0.019,0.076,0.20481485286521864,0.3945260327599418
93,14,0.061,0.001,-0.019,0.076,1,1.0,0.061,0.201,-0.017,-0.333,0.20481485286521864,0.3945260327599418
93,15,0.061,0.201,-0.017,-0.333,0,1.0,0.065,0.001,-0.024,0.061,0.20481485286521864,0.3945260327599418
93,16,0.065,0.001,-0.024,0.061,0,1.0,0.065,-0.198,-0.023,0.452,0.20481485286521864,0.3945260327599418
93,17,0.065,-0.198,-0.023,0.452,0,1.0,0.061,-0.398,-0.013,0.844,0.20481485286521864,0.3945260327599418
93,18,0.061,-0.398,-0.013,0.844,1,1.0,0.053,-0.198,0.003,0.437,0.20481485286521864,0.3945260327599418
93,19,0.053,-0.198,0.003,0.437,1,1.0,0.049,0.002,0.012,0.036,0.20481485286521864,0.3945260327599418
93,20,0.049,0.002,0.012,0.036,0,1.0,0.049,-0.198,0.013,0.443,0.20481485286521864,0.3945260327599418
93,21,0.049,-0.198,0.013,0.443,1,1.0,0.046,0.002,0.022,0.047,0.20481485286521864,0.3945260327599418
93,22,0.046,0.002,0.022,0.047,0,1.0,0.046,-0.199,0.023,0.458,0.20481485286521864,0.3945260327599418
93,23,0.046,-0.199,0.023,0.458,0,1.0,0.042,-0.399,0.032,0.87,0.20481485286521864,0.3945260327599418
93,24,0.042,-0.399,0.032,0.87,1,1.0,0.034,-0.2,0.049,0.482,0.20481485286521864,0.3945260327599418
93,25,0.034,-0.2,0.049,0.482,1,1.0,0.03,-0.001,0.059,0.102,0.20481485286521864,0.3945260327599418
93,26,0.03,-0.001,0.059,0.102,1,1.0,0.03,0.198,0.061,-0.273,0.20481485286521864,0.3945260327599418
93,27,0.03,0.198,0.061,-0.273,1,1.0,0.034,0.397,0.055,-0.648,0.20481485286521864,0.3945260327599418
93,28,0.034,0.397,0.055,-0.648,1,1.0,0.041,0.596,0.042,-1.025,0.20481485286521864,0.3945260327599418
93,29,0.041,0.596,0.042,-1.025,0,1.0,0.053,0.395,0.022,-0.605,0.20481485286521864,0.3945260327599418
93,30,0.053,0.395,0.022,-0.605,0,1.0,0.061,0.195,0.01,-0.194,0.20481485286521864,0.3945260327599418
93,31,0.061,0.195,0.01,-0.194,1,1.0,0.065,0.395,0.006,-0.591,0.20481485286521864,0.3945260327599418
93,32,0.065,0.395,0.006,-0.591,1,1.0,0.073,0.595,-0.006,-0.991,0.20481485286521864,0.3945260327599418
93,33,0.073,0.595,-0.006,-0.991,0,1.0,0.085,0.395,-0.026,-0.591,0.20481485286521864,0.3945260327599418
93,34,0.085,0.395,-0.026,-0.591,1,1.0,0.093,0.595,-0.037,-1.004,0.20481485286521864,0.3945260327599418
93,35,0.093,0.595,-0.037,-1.004,1,1.0,0.105,0.796,-0.058,-1.421,0.20481485286521864,0.3945260327599418
93,36,0.105,0.796,-0.058,-1.421,1,1.0,0.121,0.997,-0.086,-1.847,0.20481485286521864,0.3945260327599418
93,37,0.121,0.997,-0.086,-1.847,0,1.0,0.141,0.798,-0.123,-1.484,0.20481485286521864,0.3945260327599418
93,38,0.141,0.798,-0.123,-1.484,0,1.0,0.157,0.601,-0.153,-1.138,0.20481485286521864,0.3945260327599418
93,39,0.157,0.601,-0.153,-1.138,0,1.0,0.169,0.404,-0.175,-0.808,0.20481485286521864,0.3945260327599418
93,40,0.169,0.404,-0.175,-0.808,1,1.0,0.177,0.607,-0.192,-1.277,0.20481485286521864,0.3945260327599418
93,41,0.177,0.607,-0.192,-1.277,1,1.0,0.189,0.809,-0.217,-1.75,0.20481485286521864,0.3945260327599418
94,0,-0.026,0.029,0.022,-0.045,0,1.0,-0.025,-0.162,0.021,0.159,0.4377652476268179,0.9729568415243506
94,1,-0.025,-0.162,0.021,0.159,1,1.0,-0.029,0.028,0.024,-0.036,0.4377652476268179,0.9729568415243506
94,2,-0.029,0.028,0.024,-0.036,0,1.0,-0.028,-0.163,0.024,0.169,0.4377652476268179,0.9729568415243506
94,3,-0.028,-0.163,0.024,0.169,0,1.0,-0.031,-0.354,0.027,0.374,0.4377652476268179,0.9729568415243506
94,4,-0.031,-0.354,0.027,0.374,1,1.0,-0.038,-0.163,0.035,0.18,0.4377652476268179,0.9729568415243506
94,5,-0.038,-0.163,0.035,0.18,1,1.0,-0.042,0.027,0.038,-0.012,0.4377652476268179,0.9729568415243506
94,6,-0.042,0.027,0.038,-0.012,1,1.0,-0.041,0.218,0.038,-0.204,0.4377652476268179,0.9729568415243506
94,7,-0.041,0.218,0.038,-0.204,0,1.0,-0.037,0.027,0.034,0.004,0.4377652476268179,0.9729568415243506
94,8,-0.037,0.027,0.034,0.004,0,1.0,-0.036,-0.165,0.034,0.211,0.4377652476268179,0.9729568415243506
94,9,-0.036,-0.165,0.034,0.211,1,1.0,-0.04,0.026,0.038,0.019,0.4377652476268179,0.9729568415243506
94,10,-0.04,0.026,0.038,0.019,0,1.0,-0.039,-0.165,0.039,0.226,0.4377652476268179,0.9729568415243506
94,11,-0.039,-0.165,0.039,0.226,0,1.0,-0.042,-0.357,0.043,0.434,0.4377652476268179,0.9729568415243506
94,12,-0.042,-0.357,0.043,0.434,0,1.0,-0.049,-0.548,0.052,0.643,0.4377652476268179,0.9729568415243506
94,13,-0.049,-0.548,0.052,0.643,1,1.0,-0.06,-0.357,0.065,0.455,0.4377652476268179,0.9729568415243506
94,14,-0.06,-0.357,0.065,0.455,0,1.0,-0.068,-0.549,0.074,0.668,0.4377652476268179,0.9729568415243506
94,15,-0.068,-0.549,0.074,0.668,0,1.0,-0.079,-0.74,0.087,0.882,0.4377652476268179,0.9729568415243506
94,16,-0.079,-0.74,0.087,0.882,1,1.0,-0.093,-0.55,0.105,0.702,0.4377652476268179,0.9729568415243506
94,17,-0.093,-0.55,0.105,0.702,1,1.0,-0.104,-0.361,0.119,0.527,0.4377652476268179,0.9729568415243506
94,18,-0.104,-0.361,0.119,0.527,1,1.0,-0.112,-0.171,0.129,0.355,0.4377652476268179,0.9729568415243506
94,19,-0.112,-0.171,0.129,0.355,1,1.0,-0.115,0.018,0.136,0.186,0.4377652476268179,0.9729568415243506
94,20,-0.115,0.018,0.136,0.186,1,1.0,-0.115,0.208,0.14,0.019,0.4377652476268179,0.9729568415243506
94,21,-0.115,0.208,0.14,0.019,1,1.0,-0.111,0.397,0.141,-0.148,0.4377652476268179,0.9729568415243506
94,22,-0.111,0.397,0.141,-0.148,1,1.0,-0.103,0.586,0.138,-0.314,0.4377652476268179,0.9729568415243506
94,23,-0.103,0.586,0.138,-0.314,1,1.0,-0.091,0.776,0.131,-0.481,0.4377652476268179,0.9729568415243506
94,24,-0.091,0.776,0.131,-0.481,1,1.0,-0.075,0.965,0.122,-0.65,0.4377652476268179,0.9729568415243506
94,25,-0.075,0.965,0.122,-0.65,0,1.0,-0.056,0.773,0.109,-0.427,0.4377652476268179,0.9729568415243506
94,26,-0.056,0.773,0.109,-0.427,0,1.0,-0.041,0.582,0.1,-0.206,0.4377652476268179,0.9729568415243506
94,27,-0.041,0.582,0.1,-0.206,1,1.0,-0.029,0.771,0.096,-0.382,0.4377652476268179,0.9729568415243506
94,28,-0.029,0.771,0.096,-0.382,0,1.0,-0.013,0.58,0.088,-0.164,0.4377652476268179,0.9729568415243506
94,29,-0.013,0.58,0.088,-0.164,1,1.0,-0.002,0.77,0.085,-0.343,0.4377652476268179,0.9729568415243506
94,30,-0.002,0.77,0.085,-0.343,0,1.0,0.013,0.578,0.078,-0.126,0.4377652476268179,0.9729568415243506
94,31,0.013,0.578,0.078,-0.126,1,1.0,0.025,0.768,0.076,-0.308,0.4377652476268179,0.9729568415243506
94,32,0.025,0.768,0.076,-0.308,1,1.0,0.04,0.958,0.07,-0.491,0.4377652476268179,0.9729568415243506
94,33,0.04,0.958,0.07,-0.491,0,1.0,0.06,0.767,0.06,-0.277,0.4377652476268179,0.9729568415243506
94,34,0.06,0.767,0.06,-0.277,1,1.0,0.075,0.957,0.054,-0.463,0.4377652476268179,0.9729568415243506
94,35,0.075,0.957,0.054,-0.463,1,1.0,0.094,1.147,0.045,-0.651,0.4377652476268179,0.9729568415243506
94,36,0.094,1.147,0.045,-0.651,1,1.0,0.117,1.338,0.032,-0.84,0.4377652476268179,0.9729568415243506
94,37,0.117,1.338,0.032,-0.84,0,1.0,0.144,1.147,0.015,-0.634,0.4377652476268179,0.9729568415243506
94,38,0.144,1.147,0.015,-0.634,1,1.0,0.167,1.337,0.002,-0.831,0.4377652476268179,0.9729568415243506
94,39,0.167,1.337,0.002,-0.831,0,1.0,0.193,1.146,-0.014,-0.63,0.4377652476268179,0.9729568415243506
94,40,0.193,1.146,-0.014,-0.63,1,1.0,0.216,1.337,-0.027,-0.833,0.4377652476268179,0.9729568415243506
94,41,0.216,1.337,-0.027,-0.833,0,1.0,0.243,1.147,-0.043,-0.639,0.4377652476268179,0.9729568415243506
94,42,0.243,1.147,-0.043,-0.639,0,1.0,0.266,0.956,-0.056,-0.449,0.4377652476268179,0.9729568415243506
94,43,0.266,0.956,-0.056,-0.449,1,1.0,0.285,1.148,-0.065,-0.66,0.4377652476268179,0.9729568415243506
94,44,0.285,1.148,-0.065,-0.66,1,1.0,0.308,1.339,-0.078,-0.873,0.4377652476268179,0.9729568415243506
94,45,0.308,1.339,-0.078,-0.873,1,1.0,0.335,1.531,-0.096,-1.089,0.4377652476268179,0.9729568415243506
94,46,0.335,1.531,-0.096,-1.089,0,1.0,0.366,1.341,-0.118,-0.911,0.4377652476268179,0.9729568415243506
94,47,0.366,1.341,-0.118,-0.911,0,1.0,0.392,1.151,-0.136,-0.739,0.4377652476268179,0.9729568415243506
94,48,0.392,1.151,-0.136,-0.739,1,1.0,0.415,1.343,-0.151,-0.964,0.4377652476268179,0.9729568415243506
94,49,0.415,1.343,-0.151,-0.964,0,1.0,0.442,1.154,-0.17,-0.8,0.4377652476268179,0.9729568415243506
94,50,0.442,1.154,-0.17,-0.8,0,1.0,0.465,0.965,-0.186,-0.642,0.4377652476268179,0.9729568415243506
94,51,0.465,0.965,-0.186,-0.642,0,1.0,0.485,0.776,-0.199,-0.487,0.4377652476268179,0.9729568415243506
94,52,0.485,0.776,-0.199,-0.487,1,1.0,0.5,0.968,-0.208,-0.722,0.4377652476268179,0.9729568415243506
94,53,0.5,0.968,-0.208,-0.722,1,1.0,0.519,1.16,-0.223,-0.957,0.4377652476268179,0.9729568415243506
95,0,0.004,0.041,-0.027,-0.012,0,1.0,0.005,-0.147,-0.028,0.122,0.05588669203169772,1.0277254711695958
95,1,0.005,-0.147,-0.028,0.122,1,1.0,0.002,0.042,-0.025,-0.02,0.05588669203169772,1.0277254711695958
95,2,0.002,0.042,-0.025,-0.02,0,1.0,0.003,-0.146,-0.026,0.114,0.05588669203169772,1.0277254711695958
95,3,0.003,-0.146,-0.026,0.114,0,1.0,-0.0,-0.334,-0.023,0.248,0.05588669203169772,1.0277254711695958
95,4,-0.0,-0.334,-0.023,0.248,1,1.0,-0.007,-0.146,-0.018,0.107,0.05588669203169772,1.0277254711695958
95,5,-0.007,-0.146,-0.018,0.107,0,1.0,-0.01,-0.334,-0.016,0.242,0.05588669203169772,1.0277254711695958
95,6,-0.01,-0.334,-0.016,0.242,1,1.0,-0.016,-0.146,-0.011,0.102,0.05588669203169772,1.0277254711695958
95,7,-0.016,-0.146,-0.011,0.102,0,1.0,-0.019,-0.334,-0.009,0.238,0.05588669203169772,1.0277254711695958
95,8,-0.019,-0.334,-0.009,0.238,0,1.0,-0.026,-0.522,-0.005,0.374,0.05588669203169772,1.0277254711695958
95,9,-0.026,-0.522,-0.005,0.374,0,1.0,-0.036,-0.71,0.003,0.512,0.05588669203169772,1.0277254711695958
95,10,-0.036,-0.71,0.003,0.512,0,1.0,-0.051,-0.898,0.013,0.65,0.05588669203169772,1.0277254711695958
95,11,-0.051,-0.898,0.013,0.65,0,1.0,-0.068,-1.086,0.026,0.79,0.05588669203169772,1.0277254711695958
95,12,-0.068,-1.086,0.026,0.79,0,1.0,-0.09,-1.274,0.042,0.932,0.05588669203169772,1.0277254711695958
95,13,-0.09,-1.274,0.042,0.932,0,1.0,-0.116,-1.463,0.061,1.076,0.05588669203169772,1.0277254711695958
95,14,-0.116,-1.463,0.061,1.076,0,1.0,-0.145,-1.651,0.082,1.222,0.05588669203169772,1.0277254711695958
95,15,-0.145,-1.651,0.082,1.222,0,1.0,-0.178,-1.839,0.107,1.372,0.05588669203169772,1.0277254711695958
95,16,-0.178,-1.839,0.107,1.372,0,1.0,-0.215,-2.028,0.134,1.525,0.05588669203169772,1.0277254711695958
95,17,-0.215,-2.028,0.134,1.525,0,1.0,-0.255,-2.217,0.164,1.681,0.05588669203169772,1.0277254711695958
95,18,-0.255,-2.217,0.164,1.681,0,1.0,-0.3,-2.405,0.198,1.841,0.05588669203169772,1.0277254711695958
95,19,-0.3,-2.405,0.198,1.841,0,1.0,-0.348,-2.594,0.235,2.005,0.05588669203169772,1.0277254711695958
96,0,0.023,0.023,0.005,-0.001,1,1.0,0.023,0.22,0.005,-0.334,0.042428640879963175,0.42001474023019597
96,1,0.023,0.22,0.005,-0.334,1,1.0,0.028,0.417,-0.002,-0.666,0.042428640879963175,0.42001474023019597
96,2,0.028,0.417,-0.002,-0.666,0,1.0,0.036,0.22,-0.015,-0.333,0.042428640879963175,0.42001474023019597
96,3,0.036,0.22,-0.015,-0.333,0,1.0,0.041,0.024,-0.022,-0.004,0.042428640879963175,0.42001474023019597
96,4,0.041,0.024,-0.022,-0.004,0,1.0,0.041,-0.173,-0.022,0.323,0.042428640879963175,0.42001474023019597
96,5,0.041,-0.173,-0.022,0.323,1,1.0,0.038,0.024,-0.015,-0.019,0.042428640879963175,0.42001474023019597
96,6,0.038,0.024,-0.015,-0.019,0,1.0,0.038,-0.173,-0.016,0.309,0.042428640879963175,0.42001474023019597
96,7,0.038,-0.173,-0.016,0.309,0,1.0,0.035,-0.369,-0.01,0.638,0.042428640879963175,0.42001474023019597
96,8,0.035,-0.369,-0.01,0.638,0,1.0,0.027,-0.566,0.003,0.969,0.042428640879963175,0.42001474023019597
96,9,0.027,-0.566,0.003,0.969,0,1.0,0.016,-0.763,0.022,1.304,0.042428640879963175,0.42001474023019597
96,10,0.016,-0.763,0.022,1.304,0,1.0,0.001,-0.961,0.049,1.646,0.042428640879963175,0.42001474023019597
96,11,0.001,-0.961,0.049,1.646,1,1.0,-0.019,-0.764,0.081,1.33,0.042428640879963175,0.42001474023019597
96,12,-0.019,-0.764,0.081,1.33,0,1.0,-0.034,-0.962,0.108,1.692,0.042428640879963175,0.42001474023019597
96,13,-0.034,-0.962,0.108,1.692,1,1.0,-0.053,-0.767,0.142,1.398,0.042428640879963175,0.42001474023019597
96,14,-0.053,-0.767,0.142,1.398,1,1.0,-0.068,-0.572,0.17,1.118,0.042428640879963175,0.42001474023019597
96,15,-0.068,-0.572,0.17,1.118,1,1.0,-0.08,-0.378,0.192,0.849,0.042428640879963175,0.42001474023019597
96,16,-0.08,-0.378,0.192,0.849,1,1.0,-0.087,-0.185,0.209,0.59,0.042428640879963175,0.42001474023019597
96,17,-0.087,-0.185,0.209,0.59,1,1.0,-0.091,0.008,0.221,0.338,0.042428640879963175,0.42001474023019597
97,0,0.017,-0.007,0.002,0.048,0,1.0,0.017,-0.198,0.003,0.261,0.13585948843509268,0.7069625486901497
97,1,0.017,-0.198,0.003,0.261,1,1.0,0.013,-0.007,0.008,0.049,0.13585948843509268,0.7069625486901497
97,2,0.013,-0.007,0.008,0.049,1,1.0,0.013,0.185,0.009,-0.162,0.13585948843509268,0.7069625486901497
97,3,0.013,0.185,0.009,-0.162,0,1.0,0.017,-0.007,0.006,0.053,0.13585948843509268,0.7069625486901497
97,4,0.017,-0.007,0.006,0.053,0,1.0,0.017,-0.199,0.007,0.267,0.13585948843509268,0.7069625486901497
97,5,0.017,-0.199,0.007,0.267,0,1.0,0.013,-0.39,0.012,0.481,0.13585948843509268,0.7069625486901497
97,6,0.013,-0.39,0.012,0.481,0,1.0,0.005,-0.582,0.022,0.696,0.13585948843509268,0.7069625486901497
97,7,0.005,-0.582,0.022,0.696,1,1.0,-0.007,-0.39,0.036,0.489,0.13585948843509268,0.7069625486901497
97,8,-0.007,-0.39,0.036,0.489,0,1.0,-0.014,-0.582,0.046,0.709,0.13585948843509268,0.7069625486901497
97,9,-0.014,-0.582,0.046,0.709,0,1.0,-0.026,-0.774,0.06,0.932,0.13585948843509268,0.7069625486901497
97,10,-0.026,-0.774,0.06,0.932,0,1.0,-0.042,-0.966,0.078,1.158,0.13585948843509268,0.7069625486901497
97,11,-0.042,-0.966,0.078,1.158,0,1.0,-0.061,-1.158,0.102,1.388,0.13585948843509268,0.7069625486901497
97,12,-0.061,-1.158,0.102,1.388,1,1.0,-0.084,-0.968,0.129,1.199,0.13585948843509268,0.7069625486901497
97,13,-0.084,-0.968,0.129,1.199,0,1.0,-0.103,-1.16,0.153,1.439,0.13585948843509268,0.7069625486901497
97,14,-0.103,-1.16,0.153,1.439,0,1.0,-0.127,-1.353,0.182,1.683,0.13585948843509268,0.7069625486901497
97,15,-0.127,-1.353,0.182,1.683,1,1.0,-0.154,-1.163,0.216,1.516,0.13585948843509268,0.7069625486901497
98,0,0.044,0.035,-0.043,-0.021,0,1.0,0.045,-0.166,-0.043,0.413,0.07005748779480908,0.3145540971768632
98,1,0.045,-0.166,-0.043,0.413,0,1.0,0.042,-0.368,-0.035,0.847,0.07005748779480908,0.3145540971768632
98,2,0.042,-0.368,-0.035,0.847,1,1.0,0.034,-0.165,-0.018,0.375,0.07005748779480908,0.3145540971768632
98,3,0.034,-0.165,-0.018,0.375,0,1.0,0.031,-0.367,-0.011,0.821,0.07005748779480908,0.3145540971768632
98,4,0.031,-0.367,-0.011,0.821,0,1.0,0.024,-0.569,0.006,1.271,0.07005748779480908,0.3145540971768632
98,5,0.024,-0.569,0.006,1.271,1,1.0,0.012,-0.367,0.031,0.819,0.07005748779480908,0.3145540971768632
98,6,0.012,-0.367,0.031,0.819,0,1.0,0.005,-0.57,0.048,1.289,0.07005748779480908,0.3145540971768632
98,7,0.005,-0.57,0.048,1.289,0,1.0,-0.006,-0.773,0.073,1.767,0.07005748779480908,0.3145540971768632
98,8,-0.006,-0.773,0.073,1.767,1,1.0,-0.022,-0.572,0.109,1.348,0.07005748779480908,0.3145540971768632
98,9,-0.022,-0.572,0.109,1.348,1,1.0,-0.033,-0.372,0.136,0.949,0.07005748779480908,0.3145540971768632
98,10,-0.033,-0.372,0.136,0.949,1,1.0,-0.041,-0.173,0.155,0.564,0.07005748779480908,0.3145540971768632
98,11,-0.041,-0.173,0.155,0.564,0,1.0,-0.044,-0.378,0.166,1.089,0.07005748779480908,0.3145540971768632
98,12,-0.044,-0.378,0.166,1.089,0,1.0,-0.052,-0.584,0.188,1.618,0.07005748779480908,0.3145540971768632
98,13,-0.052,-0.584,0.188,1.618,1,1.0,-0.063,-0.386,0.22,1.262,0.07005748779480908,0.3145540971768632
99,0,0.001,0.007,0.001,0.047,0,1.0,0.001,-0.198,0.002,0.547,0.12428683155288606,0.2984993029526271
99,1,0.001,-0.198,0.002,0.547,0,1.0,-0.003,-0.403,0.013,1.047,0.12428683155288606,0.2984993029526271
99,2,-0.003,-0.403,0.013,1.047,0,1.0,-0.011,-0.607,0.034,1.553,0.12428683155288606,0.2984993029526271
99,3,-0.011,-0.607,0.034,1.553,1,1.0,-0.023,-0.404,0.065,1.073,0.12428683155288606,0.2984993029526271
99,4,-0.023,-0.404,0.065,1.073,1,1.0,-0.031,-0.201,0.087,0.61,0.12428683155288606,0.2984993029526271
99,5,-0.031,-0.201,0.087,0.61,0,1.0,-0.036,-0.407,0.099,1.153,0.12428683155288606,0.2984993029526271
99,6,-0.036,-0.407,0.099,1.153,1,1.0,-0.044,-0.205,0.122,0.709,0.12428683155288606,0.2984993029526271
99,7,-0.044,-0.205,0.122,0.709,0,1.0,-0.048,-0.412,0.136,1.269,0.12428683155288606,0.2984993029526271
99,8,-0.048,-0.412,0.136,1.269,0,1.0,-0.056,-0.619,0.161,1.835,0.12428683155288606,0.2984993029526271
99,9,-0.056,-0.619,0.161,1.835,1,1.0,-0.068,-0.419,0.198,1.429,0.12428683155288606,0.2984993029526271
99,10,-0.068,-0.419,0.198,1.429,0,1.0,-0.077,-0.627,0.227,2.021,0.12428683155288606,0.2984993029526271
